filename,true_class,true_class_idx,pred_class,pred_class_idx,is_correct,confidence,tumor_size_category,gt_tumor_area_pct,pred_tumor_area_pct,unet_dice,unet_iou,unet_precision,unet_recall,unet_specificity,unet_accuracy,cam_mean_activation,cam_activation_inside_gt_pct,cam_activation_inside_unet_pct,cam_coverage_t25,cam_precision_t25,cam_iou_t25,cam_dice_t25,cam_coverage_t50,cam_precision_t50,cam_iou_t50,cam_dice_t50,cam_coverage_t75,cam_precision_t75,cam_iou_t75,cam_dice_t75,cam_unet_coverage_t50,cam_unet_precision_t50,cam_unet_iou_t50,cam_unet_dice_t50,cls_img_path,seg_msk_path
brisc2025_test_00001_gl_ax_t1.jpg,glioma,0,glioma,0,True,0.9999991655349731,Small,0.5584716796875,2.46124267578125,0.0,0.0,0.0,0.0,0.9752493478594445,0.9698028564453125,0.3674943745136261,1.3021667003631592,4.792017459869385,1.0,0.009634367843323067,0.009634367843323067,0.019084865076261243,1.0,0.018749039495927464,0.018749039495927464,0.036807965002262785,0.9043715846994536,0.04015528327065389,0.03998550374486591,0.07689627134394239,0.9218846869187849,0.0761743763126889,0.07568585534687229,0.14072111289864672,C:\Users\vaidy\OneDrive\Desktop\Programming\COMPUTER VISION\TumorDetetction\brisc2025\classification_task\test\glioma\brisc2025_test_00001_gl_ax_t1.jpg,C:\Users\vaidy\OneDrive\Desktop\Programming\COMPUTER VISION\TumorDetetction\brisc2025\segmentation_task\test\masks\brisc2025_test_00001_gl_ax_t1.png
brisc2025_test_00002_gl_ax_t1.jpg,glioma,0,glioma,0,True,0.9971516728401184,Medium,0.97198486328125,0.384521484375,0.0,0.0,0.0,0.0,0.9961170434059077,0.9864349365234375,0.41847896575927734,1.4256479740142822,0.6584568619728088,1.0,0.014697060587882423,0.014697060587882423,0.028968371268105232,0.9230769230769231,0.02280041878320214,0.022757179348246767,0.04450162718534777,0.061224489795918366,0.004472477064220184,0.004185447520927237,0.00833600512984931,1.0,0.009771608049943774,0.009771608049943774,0.0193540954648439,C:\Users\vaidy\OneDrive\Desktop\Programming\COMPUTER VISION\TumorDetetction\brisc2025\classification_task\test\glioma\brisc2025_test_00002_gl_ax_t1.jpg,C:\Users\vaidy\OneDrive\Desktop\Programming\COMPUTER VISION\TumorDetetction\brisc2025\segmentation_task\test\masks\brisc2025_test_00002_gl_ax_t1.png
brisc2025_test_00003_gl_ax_t1.jpg,glioma,0,glioma,0,True,0.9999990463256836,Large,2.56805419921875,2.117919921875,0.6551611852816672,0.48716707021791766,0.7247838616714697,0.5977421271538919,0.994017508965906,0.9838409423828125,0.3613852560520172,3.5360958576202393,3.464881420135498,0.8235294117647058,0.035600534264872086,0.03533100512376049,0.06825064631293858,0.6244800950683304,0.05689384507118497,0.05501177702172206,0.1042865647946021,0.0314913844325609,0.010424862313139261,0.007893952934167411,0.015664252992463424,0.7853025936599424,0.059005034374492504,0.05806829684087156,0.10976285182015004,C:\Users\vaidy\OneDrive\Desktop\Programming\COMPUTER VISION\TumorDetetction\brisc2025\classification_task\test\glioma\brisc2025_test_00003_gl_ax_t1.jpg,C:\Users\vaidy\OneDrive\Desktop\Programming\COMPUTER VISION\TumorDetetction\brisc2025\segmentation_task\test\masks\brisc2025_test_00003_gl_ax_t1.png
brisc2025_test_00004_gl_ax_t1.jpg,glioma,0,meningioma,1,False,0.5046629309654236,Medium,1.81884765625,0.860595703125,0.5797266514806378,0.4081796311146752,0.9024822695035462,0.42701342281879195,0.9991452194454805,0.988739013671875,0.20116019248962402,1.4292182922363281,0.7461516857147217,0.14345637583892618,0.009040444091990485,0.008577447833065811,0.01700900184015517,0.0,0.0,0.0,0.0,0.0,0.0,0.0,0.0,0.0,0.0,0.0,0.0,C:\Users\vaidy\OneDrive\Desktop\Programming\COMPUTER VISION\TumorDetetction\brisc2025\classification_task\test\glioma\brisc2025_test_00004_gl_ax_t1.jpg,C:\Users\vaidy\OneDrive\Desktop\Programming\COMPUTER VISION\TumorDetetction\brisc2025\segmentation_task\test\masks\brisc2025_test_00004_gl_ax_t1.png
brisc2025_test_00005_gl_ax_t1.jpg,glioma,0,glioma,0,True,0.9996170997619629,Small,0.592041015625,0.0,0.0,0.0,0.0,0.0,1.0,0.99407958984375,0.37185952067375183,1.4297502040863037,0.0,1.0,0.010094177636713669,0.010094177636713669,0.01998660691289342,1.0,0.019062592119485113,0.019062592119485113,0.03741201427056214,0.9922680412371134,0.0502283105022831,0.05020865936358894,0.09561654041971936,0.0,0.0,0.0,0.0,C:\Users\vaidy\OneDrive\Desktop\Programming\COMPUTER VISION\TumorDetetction\brisc2025\classification_task\test\glioma\brisc2025_test_00005_gl_ax_t1.jpg,C:\Users\vaidy\OneDrive\Desktop\Programming\COMPUTER VISION\TumorDetetction\brisc2025\segmentation_task\test\masks\brisc2025_test_00005_gl_ax_t1.png
brisc2025_test_00006_gl_ax_t1.jpg,glioma,0,glioma,0,True,0.9999990463256836,Medium,2.0965576171875,2.374267578125,0.8737201365187713,0.7757575757575758,0.8226221079691517,0.9315866084425036,0.9956983884542252,0.994354248046875,0.30833736062049866,4.640462398529053,5.35080623626709,1.0,0.04259804681444737,0.04259804681444737,0.0817151862975408,0.9708879184861717,0.09930028286437398,0.09900549205877987,0.1801728795245813,0.2700145560407569,0.08075750979538529,0.06628551009469359,0.12432975871313673,0.9955012853470437,0.11530445139199047,0.11524440145822483,0.2066711140760507,C:\Users\vaidy\OneDrive\Desktop\Programming\COMPUTER VISION\TumorDetetction\brisc2025\classification_task\test\glioma\brisc2025_test_00006_gl_ax_t1.jpg,C:\Users\vaidy\OneDrive\Desktop\Programming\COMPUTER VISION\TumorDetetction\brisc2025\segmentation_task\test\masks\brisc2025_test_00006_gl_ax_t1.png
brisc2025_test_00007_gl_ax_t1.jpg,glioma,0,glioma,0,True,0.999991774559021,Small,0.3814697265625,0.0,0.0,0.0,0.0,0.0,1.0,0.996185302734375,0.29380396008491516,0.35167449712753296,0.0,0.64,0.005468589787408572,0.005451819544773068,0.010844516741222719,0.0,0.0,0.0,0.0,0.0,0.0,0.0,0.0,0.0,0.0,0.0,0.0,C:\Users\vaidy\OneDrive\Desktop\Programming\COMPUTER VISION\TumorDetetction\brisc2025\classification_task\test\glioma\brisc2025_test_00007_gl_ax_t1.jpg,C:\Users\vaidy\OneDrive\Desktop\Programming\COMPUTER VISION\TumorDetetction\brisc2025\segmentation_task\test\masks\brisc2025_test_00007_gl_ax_t1.png
brisc2025_test_00008_gl_ax_t1.jpg,glioma,0,glioma,0,True,0.9999995231628418,Medium,0.85601806640625,1.4404296875,0.7229235880398671,0.5660770031217481,0.576271186440678,0.9696969696969697,0.993843786071566,0.9936370849609375,0.3897605240345001,1.978319525718689,3.27034330368042,1.0,0.013124956133168005,0.013124956133168005,0.025909846665435065,1.0,0.02559306569343066,0.02559306569343066,0.04990881188559228,1.0,0.10008920606601249,0.10008920606601249,0.18196561790463833,1.0,0.043065693430656936,0.043065693430656936,0.08257522743177047,C:\Users\vaidy\OneDrive\Desktop\Programming\COMPUTER VISION\TumorDetetction\brisc2025\classification_task\test\glioma\brisc2025_test_00008_gl_ax_t1.jpg,C:\Users\vaidy\OneDrive\Desktop\Programming\COMPUTER VISION\TumorDetetction\brisc2025\segmentation_task\test\masks\brisc2025_test_00008_gl_ax_t1.png
brisc2025_test_00009_gl_ax_t1.jpg,glioma,0,glioma,0,True,0.9999996423721313,Large,3.8787841796875,2.7130126953125,0.5023148148148148,0.33539412673879443,0.610236220472441,0.4268292682926829,0.9889989522811696,0.967193603515625,0.38757118582725525,8.38485050201416,5.516556739807129,1.0,0.06098263122541023,0.06098263122541023,0.11495500384389273,1.0,0.1264487887379993,0.1264487887379993,0.22450872157209098,0.7985837922895358,0.26190169010450265,0.2456734842067046,0.394442825221024,1.0,0.08844451076953688,0.08844451076953688,0.16251542434075225,C:\Users\vaidy\OneDrive\Desktop\Programming\COMPUTER VISION\TumorDetetction\brisc2025\classification_task\test\glioma\brisc2025_test_00009_gl_ax_t1.jpg,C:\Users\vaidy\OneDrive\Desktop\Programming\COMPUTER VISION\TumorDetetction\brisc2025\segmentation_task\test\masks\brisc2025_test_00009_gl_ax_t1.png
brisc2025_test_00010_gl_ax_t1.jpg,glioma,0,glioma,0,True,0.9997538924217224,Small,0.445556640625,0.0,0.0,0.0,0.0,0.0,1.0,0.99554443359375,0.33990681171417236,0.24034661054611206,0.0,0.017123287671232876,0.00013933010087499305,0.00013822464268929864,0.00027641107855602855,0.0,0.0,0.0,0.0,0.0,0.0,0.0,0.0,0.0,0.0,0.0,0.0,C:\Users\vaidy\OneDrive\Desktop\Programming\COMPUTER VISION\TumorDetetction\brisc2025\classification_task\test\glioma\brisc2025_test_00010_gl_ax_t1.jpg,C:\Users\vaidy\OneDrive\Desktop\Programming\COMPUTER VISION\TumorDetetction\brisc2025\segmentation_task\test\masks\brisc2025_test_00010_gl_ax_t1.png
brisc2025_test_00011_gl_ax_t1.jpg,glioma,0,glioma,0,True,0.9641292691230774,Small,0.17242431640625,0.65155029296875,0.0,0.0,0.0,0.0,0.9934732433547835,0.99176025390625,0.27700158953666687,0.20421262085437775,1.9143130779266357,1.0,0.0035906072256998507,0.0035906072256998507,0.007155521783181358,0.0,0.0,0.0,0.0,0.0,0.0,0.0,0.0,1.0,0.03293990588598318,0.03293990588598318,0.06377893950709485,C:\Users\vaidy\OneDrive\Desktop\Programming\COMPUTER VISION\TumorDetetction\brisc2025\classification_task\test\glioma\brisc2025_test_00011_gl_ax_t1.jpg,C:\Users\vaidy\OneDrive\Desktop\Programming\COMPUTER VISION\TumorDetetction\brisc2025\segmentation_task\test\masks\brisc2025_test_00011_gl_ax_t1.png
brisc2025_test_00012_gl_ax_t1.jpg,glioma,0,glioma,0,True,0.999749481678009,Medium,0.8636474609375,1.4556884765625,0.0,0.0,0.0,0.0,0.9853162998306911,0.976806640625,0.38592272996902466,2.2017149925231934,3.13689923286438,1.0,0.013838292462286985,0.013838292462286985,0.027298815925916993,1.0,0.025493198810917935,0.025493198810917935,0.04971890372452565,1.0,0.0957860890167541,0.0957860890167541,0.17482625482625483,1.0,0.042969101882713266,0.042969101882713266,0.08239765071687684,C:\Users\vaidy\OneDrive\Desktop\Programming\COMPUTER VISION\TumorDetetction\brisc2025\classification_task\test\glioma\brisc2025_test_00012_gl_ax_t1.jpg,C:\Users\vaidy\OneDrive\Desktop\Programming\COMPUTER VISION\TumorDetetction\brisc2025\segmentation_task\test\masks\brisc2025_test_00012_gl_ax_t1.png
brisc2025_test_00013_gl_ax_t1.jpg,glioma,0,glioma,0,True,0.9999997615814209,Medium,1.7608642578125,1.6571044921875,0.9375,0.8823529411764706,0.9668508287292817,0.9098786828422877,0.999440837501165,0.99786376953125,0.2616071105003357,5.539269924163818,5.240100860595703,1.0,0.045192872527902876,0.045192872527902876,0.08647757503091161,1.0,0.10757900624592151,0.10757900624592151,0.19425974244592206,0.7227036395147314,0.23473121305938643,0.21533694810224632,0.3543658381134481,1.0,0.1012398620303906,0.1012398620303906,0.1838652332176416,C:\Users\vaidy\OneDrive\Desktop\Programming\COMPUTER VISION\TumorDetetction\brisc2025\classification_task\test\glioma\brisc2025_test_00013_gl_ax_t1.jpg,C:\Users\vaidy\OneDrive\Desktop\Programming\COMPUTER VISION\TumorDetetction\brisc2025\segmentation_task\test\masks\brisc2025_test_00013_gl_ax_t1.png
brisc2025_test_00014_gl_ax_t1.jpg,glioma,0,glioma,0,True,0.9996961355209351,Large,3.9703369140625,3.73687744140625,0.9376361116610572,0.8825941110696981,0.9669252756227031,0.9100691775557264,0.9987129373629516,0.9951934814453125,0.39568835496902466,8.336246490478516,7.97438907623291,1.0,0.06159600407168052,0.06159600407168052,0.11604415207938455,0.9850115295926211,0.11322671850150204,0.11303197353914002,0.20310642681670496,0.815142198308993,0.2476068176511791,0.23444235658229248,0.3798352435530086,0.9991833401388321,0.10810213818695882,0.10809258768442442,0.19509667131752043,C:\Users\vaidy\OneDrive\Desktop\Programming\COMPUTER VISION\TumorDetetction\brisc2025\classification_task\test\glioma\brisc2025_test_00014_gl_ax_t1.jpg,C:\Users\vaidy\OneDrive\Desktop\Programming\COMPUTER VISION\TumorDetetction\brisc2025\segmentation_task\test\masks\brisc2025_test_00014_gl_ax_t1.png
brisc2025_test_00015_gl_ax_t1.jpg,glioma,0,glioma,0,True,0.9999994039535522,Medium,1.44500732421875,2.7557373046875,0.5535779150018162,0.38272225012556504,0.4219269102990033,0.8046462513199577,0.9838362569477774,0.9812469482421875,0.37526699900627136,3.4388954639434814,6.126666069030762,1.0,0.023446978137611724,0.023446978137611724,0.04581962454035224,1.0,0.046172598732325695,0.046172598732325695,0.08826956238057511,1.0,0.14951057783391222,0.14951057783391222,0.26012910314517235,1.0,0.08805460750853242,0.08805460750853242,0.1618569636135508,C:\Users\vaidy\OneDrive\Desktop\Programming\COMPUTER VISION\TumorDetetction\brisc2025\classification_task\test\glioma\brisc2025_test_00015_gl_ax_t1.jpg,C:\Users\vaidy\OneDrive\Desktop\Programming\COMPUTER VISION\TumorDetetction\brisc2025\segmentation_task\test\masks\brisc2025_test_00015_gl_ax_t1.png
brisc2025_test_00016_gl_ax_t1.jpg,glioma,0,glioma,0,True,1.0,Medium,1.37176513671875,2.2369384765625,0.16152219873150106,0.08785648574057038,0.13028649386084584,0.21245828698553948,0.9802744558070455,0.9697418212890625,0.27941951155662537,3.845501661300659,7.477425575256348,1.0,0.03455432986124457,0.03455432986124457,0.06680041610937733,1.0,0.07297670265443623,0.07297670265443623,0.13602663035254955,0.6151279199110122,0.10860172820109977,0.10169179845531445,0.18461024870639292,1.0,0.11900316584138323,0.11900316584138323,0.2126949582879942,C:\Users\vaidy\OneDrive\Desktop\Programming\COMPUTER VISION\TumorDetetction\brisc2025\classification_task\test\glioma\brisc2025_test_00016_gl_ax_t1.jpg,C:\Users\vaidy\OneDrive\Desktop\Programming\COMPUTER VISION\TumorDetetction\brisc2025\segmentation_task\test\masks\brisc2025_test_00016_gl_ax_t1.png
brisc2025_test_00017_gl_ax_t1.jpg,glioma,0,glioma,0,True,0.9999618530273438,Small,0.69427490234375,0.0244140625,0.059447983014861996,0.030634573304157548,0.875,0.03076923076923077,0.999969269064704,0.9932403564453125,0.4594205915927887,1.0161069631576538,0.03940654546022415,1.0,0.009217990275526743,0.009217990275526743,0.01826759008330824,1.0,0.01473922902494331,0.01473922902494331,0.02905027932960894,0.11428571428571428,0.006312978025980333,0.0060185185185185185,0.011965025310630465,1.0,0.0005183025591188856,0.0005183025591188856,0.0010360681214789873,C:\Users\vaidy\OneDrive\Desktop\Programming\COMPUTER VISION\TumorDetetction\brisc2025\classification_task\test\glioma\brisc2025_test_00017_gl_ax_t1.jpg,C:\Users\vaidy\OneDrive\Desktop\Programming\COMPUTER VISION\TumorDetetction\brisc2025\segmentation_task\test\masks\brisc2025_test_00017_gl_ax_t1.png
brisc2025_test_00018_gl_ax_t1.jpg,glioma,0,glioma,0,True,0.9999998807907104,Large,3.4454345703125,2.17132568359375,0.7318663406682967,0.577120822622108,0.9465917076598735,0.5965456155890169,0.9987989506621575,0.9849395751953125,0.4252282381057739,6.081480979919434,3.8963623046875,1.0,0.0492636631395222,0.0492636631395222,0.09390139937204998,0.9286979627989371,0.07848347617800068,0.07801339285714286,0.1447354798633399,0.5407440212577502,0.1750788643533123,0.15241542878542005,0.26451473136915077,1.0,0.053257981211871704,0.053257981211871704,0.1011299836543245,C:\Users\vaidy\OneDrive\Desktop\Programming\COMPUTER VISION\TumorDetetction\brisc2025\classification_task\test\glioma\brisc2025_test_00018_gl_ax_t1.jpg,C:\Users\vaidy\OneDrive\Desktop\Programming\COMPUTER VISION\TumorDetetction\brisc2025\segmentation_task\test\masks\brisc2025_test_00018_gl_ax_t1.png
brisc2025_test_00019_gl_ax_t1.jpg,glioma,0,glioma,0,True,0.9999268054962158,Large,4.55322265625,3.52783203125,0.8602719033232629,0.75480450629556,0.9852941176470589,0.7634048257372654,0.9994564522317432,0.98870849609375,0.3908146917819977,8.942185401916504,7.125943183898926,1.0,0.06884776890775691,0.06884776890775691,0.1288261451452748,0.94671581769437,0.14100324432243574,0.13989303753590177,0.24544941135583648,0.607573726541555,0.2886023559375995,0.2432577485576278,0.39132311677099074,0.9978373702422145,0.11514849014225106,0.11511976047904192,0.2064706672036515,C:\Users\vaidy\OneDrive\Desktop\Programming\COMPUTER VISION\TumorDetetction\brisc2025\classification_task\test\glioma\brisc2025_test_00019_gl_ax_t1.jpg,C:\Users\vaidy\OneDrive\Desktop\Programming\COMPUTER VISION\TumorDetetction\brisc2025\segmentation_task\test\masks\brisc2025_test_00019_gl_ax_t1.png
brisc2025_test_00020_gl_ax_t1.jpg,glioma,0,glioma,0,True,0.9998927116394043,Medium,2.06756591796875,1.8310546875,0.9268101761252446,0.8636032093362509,0.9866666666666667,0.8738007380073801,0.9997507050373163,0.9971466064453125,0.33696988224983215,4.997777462005615,4.43324089050293,1.0,0.03543688050840808,0.03543688050840808,0.06844817134774701,1.0,0.10810595181107388,0.10810595181107388,0.19511843905248757,0.6952029520295203,0.19291419209502356,0.1778700906344411,0.3020198781660789,1.0,0.09573958831977022,0.09573958831977022,0.17474879860200962,C:\Users\vaidy\OneDrive\Desktop\Programming\COMPUTER VISION\TumorDetetction\brisc2025\classification_task\test\glioma\brisc2025_test_00020_gl_ax_t1.jpg,C:\Users\vaidy\OneDrive\Desktop\Programming\COMPUTER VISION\TumorDetetction\brisc2025\segmentation_task\test\masks\brisc2025_test_00020_gl_ax_t1.png
brisc2025_test_00021_gl_ax_t1.jpg,glioma,0,glioma,0,True,0.9999985694885254,Medium,1.29547119140625,1.5777587890625,0.8667020711630377,0.7647610121836926,0.7891682785299806,0.9611307420494699,0.9966299256419373,0.9961700439453125,0.35978981852531433,3.3897557258605957,4.1259074211120605,1.0,0.02245081447006558,0.02245081447006558,0.04391568602094918,1.0,0.050978743845322444,0.050978743845322444,0.09701194081014683,1.0,0.11354821452454193,0.11354821452454193,0.20393946673072302,1.0,0.062087186261558784,0.062087186261558784,0.11691542288557213,C:\Users\vaidy\OneDrive\Desktop\Programming\COMPUTER VISION\TumorDetetction\brisc2025\classification_task\test\glioma\brisc2025_test_00021_gl_ax_t1.jpg,C:\Users\vaidy\OneDrive\Desktop\Programming\COMPUTER VISION\TumorDetetction\brisc2025\segmentation_task\test\masks\brisc2025_test_00021_gl_ax_t1.png
brisc2025_test_00022_gl_ax_t1.jpg,glioma,0,glioma,0,True,0.9999998807907104,Large,2.1820068359375,2.1026611328125,0.915954415954416,0.8449408672798949,0.9332365747460087,0.8993006993006993,0.998564876922597,0.99639892578125,0.34422123432159424,5.789714813232422,5.62817907333374,1.0,0.038544474393530995,0.038544474393530995,0.0742278743835972,1.0,0.08418202154588804,0.08418202154588804,0.1552913069446707,0.9853146853146854,0.2554387237128354,0.25446992956474623,0.40570112294845956,1.0,0.08112085712603756,0.08112085712603756,0.1500680642526545,C:\Users\vaidy\OneDrive\Desktop\Programming\COMPUTER VISION\TumorDetetction\brisc2025\classification_task\test\glioma\brisc2025_test_00022_gl_ax_t1.jpg,C:\Users\vaidy\OneDrive\Desktop\Programming\COMPUTER VISION\TumorDetetction\brisc2025\segmentation_task\test\masks\brisc2025_test_00022_gl_ax_t1.png
brisc2025_test_00023_gl_ax_t1.jpg,glioma,0,glioma,0,True,0.9999997615814209,Medium,1.4892578125,1.3153076171875,0.8509249183895539,0.740530303030303,0.9071925754060325,0.8012295081967213,0.9987608426270136,0.995819091796875,0.3458032011985779,3.5921242237091064,3.126286745071411,1.0,0.025406080799666806,0.025406080799666806,0.04955320877335499,1.0,0.06725468577728776,0.06725468577728776,0.12603305785123967,0.9549180327868853,0.17698442840865933,0.17551789077212807,0.2986222364626722,1.0,0.05939911797133407,0.05939911797133407,0.11213737478860414,C:\Users\vaidy\OneDrive\Desktop\Programming\COMPUTER VISION\TumorDetetction\brisc2025\classification_task\test\glioma\brisc2025_test_00023_gl_ax_t1.jpg,C:\Users\vaidy\OneDrive\Desktop\Programming\COMPUTER VISION\TumorDetetction\brisc2025\segmentation_task\test\masks\brisc2025_test_00023_gl_ax_t1.png
brisc2025_test_00024_gl_ax_t1.jpg,glioma,0,glioma,0,True,0.9997770190238953,Large,2.32391357421875,2.08740234375,0.9277066758906952,0.8651612903225806,0.9802631578947368,0.8804990151017729,0.9995782106759564,0.9968109130859375,0.33438998460769653,6.184261322021484,5.571890830993652,1.0,0.041927047487955955,0.041927047487955955,0.08047981399281336,1.0,0.10625087205246267,0.10625087205246267,0.19209182064703287,0.9875246224556796,0.26358219418156326,0.262707423580786,0.416101812145525,1.0,0.09543742151527836,0.09543742151527836,0.17424531906763469,C:\Users\vaidy\OneDrive\Desktop\Programming\COMPUTER VISION\TumorDetetction\brisc2025\classification_task\test\glioma\brisc2025_test_00024_gl_ax_t1.jpg,C:\Users\vaidy\OneDrive\Desktop\Programming\COMPUTER VISION\TumorDetetction\brisc2025\segmentation_task\test\masks\brisc2025_test_00024_gl_ax_t1.png
brisc2025_test_00025_gl_ax_t1.jpg,glioma,0,glioma,0,True,1.0,Small,0.5889892578125,0.1190185546875,0.31896551724137934,0.18974358974358974,0.9487179487179487,0.19170984455958548,0.9999386032233307,0.99517822265625,0.3119751214981079,1.815251111984253,0.37272897362709045,1.0,0.011464211464211465,0.011464211464211465,0.02266854592435988,1.0,0.026418451851344876,0.026418451851344876,0.05147696205907848,1.0,0.08440848458342445,0.08440848458342445,0.15567654769106676,1.0,0.005338443638354664,0.005338443638354664,0.010620191980393491,C:\Users\vaidy\OneDrive\Desktop\Programming\COMPUTER VISION\TumorDetetction\brisc2025\classification_task\test\glioma\brisc2025_test_00025_gl_ax_t1.jpg,C:\Users\vaidy\OneDrive\Desktop\Programming\COMPUTER VISION\TumorDetetction\brisc2025\segmentation_task\test\masks\brisc2025_test_00025_gl_ax_t1.png
brisc2025_test_00026_gl_ax_t1.jpg,glioma,0,glioma,0,True,0.9999979734420776,Large,2.40936279296875,2.03704833984375,0.3390528483184626,0.20413223140495868,0.3700374531835206,0.3128562381253958,0.9868505402067014,0.970611572265625,0.3610454201698303,5.7200422286987305,4.305523872375488,1.0,0.03808857583944423,0.03808857583944423,0.07338213082374812,1.0,0.10227346330720902,0.10227346330720902,0.1855682218827124,0.8644711842938568,0.24572457245724572,0.23660946437857514,0.3826745164003364,0.9977528089887641,0.08627501781203446,0.08625825670249967,0.15881721712173602,C:\Users\vaidy\OneDrive\Desktop\Programming\COMPUTER VISION\TumorDetetction\brisc2025\classification_task\test\glioma\brisc2025_test_00026_gl_ax_t1.jpg,C:\Users\vaidy\OneDrive\Desktop\Programming\COMPUTER VISION\TumorDetetction\brisc2025\segmentation_task\test\masks\brisc2025_test_00026_gl_ax_t1.png
brisc2025_test_00027_gl_ax_t1.jpg,glioma,0,glioma,0,True,0.9999992847442627,Large,3.26385498046875,2.7313232421875,0.8735047085772462,0.7754179846362403,0.958659217877095,0.8022440392706872,0.9988327523384387,0.9924163818359375,0.39415881037712097,4.277172565460205,3.511259078979492,1.0,0.04759255962976148,0.04759255962976148,0.09086082025359471,0.5231416549789621,0.05635008560781549,0.05359708784366319,0.10174114651998,0.012622720897615708,0.0037841625788367205,0.0029198659024548502,0.005822730213500108,0.49050279329608937,0.0442139188236479,0.042272508425613864,0.0811160384331116,C:\Users\vaidy\OneDrive\Desktop\Programming\COMPUTER VISION\TumorDetetction\brisc2025\classification_task\test\glioma\brisc2025_test_00027_gl_ax_t1.jpg,C:\Users\vaidy\OneDrive\Desktop\Programming\COMPUTER VISION\TumorDetetction\brisc2025\segmentation_task\test\masks\brisc2025_test_00027_gl_ax_t1.png
brisc2025_test_00028_gl_ax_t1.jpg,glioma,0,glioma,0,True,0.9999984502792358,Large,2.23541259765625,2.27508544921875,0.93234100135318,0.8732572877059569,0.9242119382964453,0.9406143344709897,0.9982363315696648,0.9969482421875,0.37294909358024597,4.8165669441223145,4.955901622772217,1.0,0.0355461736303198,0.0355461736303198,0.06865203027249936,1.0,0.0754843363561418,0.0754843363561418,0.14037273032146794,0.6668941979522184,0.1887193355225034,0.17246248896734334,0.29418849744052994,1.0,0.0768239901071723,0.0768239901071723,0.14268625293076223,C:\Users\vaidy\OneDrive\Desktop\Programming\COMPUTER VISION\TumorDetetction\brisc2025\classification_task\test\glioma\brisc2025_test_00028_gl_ax_t1.jpg,C:\Users\vaidy\OneDrive\Desktop\Programming\COMPUTER VISION\TumorDetetction\brisc2025\segmentation_task\test\masks\brisc2025_test_00028_gl_ax_t1.png
brisc2025_test_00029_gl_ax_t1.jpg,glioma,0,glioma,0,True,0.9999996423721313,Medium,2.105712890625,2.00653076171875,0.8667903525046382,0.7648984937786509,0.888212927756654,0.8463768115942029,0.9977087100193279,0.9945220947265625,0.4290744960308075,4.21235990524292,3.971414566040039,1.0,0.030410542321338063,0.030410542321338063,0.05902606984751599,1.0,0.05361513656319204,0.05361513656319204,0.1017736642206571,0.9876811594202899,0.15659466911764705,0.15628941635133586,0.27032923443078144,1.0,0.05108978592796923,0.05108978592796923,0.09721298144451837,C:\Users\vaidy\OneDrive\Desktop\Programming\COMPUTER VISION\TumorDetetction\brisc2025\classification_task\test\glioma\brisc2025_test_00029_gl_ax_t1.jpg,C:\Users\vaidy\OneDrive\Desktop\Programming\COMPUTER VISION\TumorDetetction\brisc2025\segmentation_task\test\masks\brisc2025_test_00029_gl_ax_t1.png
brisc2025_test_00030_gl_ax_t1.jpg,glioma,0,glioma,0,True,0.9871360063552856,Small,0.6988525390625,0.64849853515625,0.89920724801812,0.8168724279835391,0.9341176470588235,0.8668122270742358,0.9995697470727435,0.9986419677734375,0.2607334554195404,2.169203281402588,2.029151678085327,1.0,0.018776648081338145,0.018776648081338145,0.03686116700201207,1.0,0.04192603441962651,0.04192603441962651,0.08047794763661922,0.8602620087336245,0.10273794002607561,0.10105155167991793,0.18355462380619614,1.0,0.038905162943976564,0.038905162943976564,0.07489646664904397,C:\Users\vaidy\OneDrive\Desktop\Programming\COMPUTER VISION\TumorDetetction\brisc2025\classification_task\test\glioma\brisc2025_test_00030_gl_ax_t1.jpg,C:\Users\vaidy\OneDrive\Desktop\Programming\COMPUTER VISION\TumorDetetction\brisc2025\segmentation_task\test\masks\brisc2025_test_00030_gl_ax_t1.png
brisc2025_test_00031_gl_ax_t1.jpg,glioma,0,glioma,0,True,1.0,Large,3.21807861328125,2.4627685546875,0.7300564061240935,0.5748730964467005,0.8420074349442379,0.6443812233285917,0.9959796301259716,0.9846649169921875,0.30294257402420044,8.406576156616211,6.506840229034424,1.0,0.06553963765188477,0.06553963765188477,0.12301679888007466,0.9995258416311048,0.1574661985508329,0.15745443680908275,0.2720702116675271,0.6367946894262684,0.27944236371202663,0.24102656137832018,0.3884309472161967,1.0,0.12056472697392993,0.12056472697392993,0.215185654289714,C:\Users\vaidy\OneDrive\Desktop\Programming\COMPUTER VISION\TumorDetetction\brisc2025\classification_task\test\glioma\brisc2025_test_00031_gl_ax_t1.jpg,C:\Users\vaidy\OneDrive\Desktop\Programming\COMPUTER VISION\TumorDetetction\brisc2025\segmentation_task\test\masks\brisc2025_test_00031_gl_ax_t1.png
brisc2025_test_00032_gl_ax_t1.jpg,glioma,0,glioma,0,True,0.9999997615814209,Large,3.5552978515625,0.55389404296875,0.26810248793167474,0.15480274442538594,0.9944903581267218,0.15493562231759656,0.9999683574344208,0.9699249267578125,0.3038910925388336,9.948143005371094,1.6674306392669678,1.0,0.073942432801244,0.073942432801244,0.13770278656068083,1.0,0.18275943211232254,0.18275943211232254,0.30903906094568606,0.8592274678111588,0.4669932353627245,0.43380281690140843,0.6051080550098232,1.0,0.028472821397756688,0.028472821397756688,0.05536912751677853,C:\Users\vaidy\OneDrive\Desktop\Programming\COMPUTER VISION\TumorDetetction\brisc2025\classification_task\test\glioma\brisc2025_test_00032_gl_ax_t1.jpg,C:\Users\vaidy\OneDrive\Desktop\Programming\COMPUTER VISION\TumorDetetction\brisc2025\segmentation_task\test\masks\brisc2025_test_00032_gl_ax_t1.png
brisc2025_test_00033_gl_ax_t1.jpg,glioma,0,glioma,0,True,0.9999998807907104,Medium,1.1566162109375,0.982666015625,0.8972895863052782,0.8137128072445019,0.9767080745341615,0.8298153034300791,0.999768439902436,0.997802734375,0.33771559596061707,3.1345789432525635,2.6839277744293213,1.0,0.02046104842628084,0.02046104842628084,0.04010157655274574,1.0,0.0530515117581187,0.0530515117581187,0.1007576764588595,0.9986807387862797,0.1239764166393711,0.12395611593253643,0.22057109557109558,1.0,0.04507278835386338,0.04507278835386338,0.08625770158049825,C:\Users\vaidy\OneDrive\Desktop\Programming\COMPUTER VISION\TumorDetetction\brisc2025\classification_task\test\glioma\brisc2025_test_00033_gl_ax_t1.jpg,C:\Users\vaidy\OneDrive\Desktop\Programming\COMPUTER VISION\TumorDetetction\brisc2025\segmentation_task\test\masks\brisc2025_test_00033_gl_ax_t1.png
brisc2025_test_00034_gl_ax_t1.jpg,glioma,0,glioma,0,True,0.999998927116394,Medium,1.361083984375,1.75933837890625,0.6679706601466993,0.5014684287812041,0.5923677363399826,0.765695067264574,0.992729410308768,0.9896392822265625,0.4004017114639282,2.474933385848999,3.3021342754364014,1.0,0.020844530647535813,0.020844530647535813,0.04083781618404487,1.0,0.04041136229782993,0.04041136229782993,0.07768343130851295,0.41816143497757846,0.050817438692098094,0.0474615090978496,0.09062196307094267,1.0,0.052235763149549225,0.052235763149549225,0.09928528373374666,C:\Users\vaidy\OneDrive\Desktop\Programming\COMPUTER VISION\TumorDetetction\brisc2025\classification_task\test\glioma\brisc2025_test_00034_gl_ax_t1.jpg,C:\Users\vaidy\OneDrive\Desktop\Programming\COMPUTER VISION\TumorDetetction\brisc2025\segmentation_task\test\masks\brisc2025_test_00034_gl_ax_t1.png
brisc2025_test_00035_gl_ax_t1.jpg,glioma,0,glioma,0,True,0.9999929666519165,Medium,1.5289306640625,1.849365234375,0.8482384823848238,0.7364705882352941,0.7747524752475248,0.937125748502994,0.9957696718009111,0.994873046875,0.4843130111694336,2.7279698848724365,3.2745137214660645,1.0,0.019899114270961592,0.019899114270961592,0.039021730664381964,1.0,0.0317068539965825,0.0317068539965825,0.06146485093853515,0.937125748502994,0.07043204320432044,0.07010078387458006,0.13101716199246546,1.0,0.03835200303778242,0.03835200303778242,0.07387090875845675,C:\Users\vaidy\OneDrive\Desktop\Programming\COMPUTER VISION\TumorDetetction\brisc2025\classification_task\test\glioma\brisc2025_test_00035_gl_ax_t1.jpg,C:\Users\vaidy\OneDrive\Desktop\Programming\COMPUTER VISION\TumorDetetction\brisc2025\segmentation_task\test\masks\brisc2025_test_00035_gl_ax_t1.png
brisc2025_test_00036_gl_ax_t1.jpg,glioma,0,glioma,0,True,0.999997615814209,Medium,0.7965087890625,0.83465576171875,0.8718428437792329,0.7728026533996684,0.8519195612431444,0.89272030651341,0.9987541144984158,0.9979095458984375,0.48177412152290344,1.1720317602157593,1.2163759469985962,1.0,0.010608893585887326,0.010608893585887326,0.020995052889836302,1.0,0.016205140941264125,0.016205140941264125,0.03189344412537423,0.31417624521072796,0.013944392483632344,0.013532469675715818,0.02670357404542864,1.0,0.016981249223891718,0.016981249223891718,0.033395402790072956,C:\Users\vaidy\OneDrive\Desktop\Programming\COMPUTER VISION\TumorDetetction\brisc2025\classification_task\test\glioma\brisc2025_test_00036_gl_ax_t1.jpg,C:\Users\vaidy\OneDrive\Desktop\Programming\COMPUTER VISION\TumorDetetction\brisc2025\segmentation_task\test\masks\brisc2025_test_00036_gl_ax_t1.png
brisc2025_test_00037_gl_ax_t1.jpg,glioma,0,glioma,0,True,0.9999953508377075,Large,5.93414306640625,5.6671142578125,0.9556753912929107,0.9151133501259446,0.9781906300484653,0.934173309334019,0.9986860674485376,0.9948577880859375,0.3044928312301636,14.824575424194336,14.188891410827637,1.0,0.1163778914923542,0.1163778914923542,0.2084919315927733,0.9460015428130625,0.28961662599385973,0.28490668318748547,0.443466730954677,0.6009256878374903,0.5747663551401869,0.4159843360626557,0.5875549968573225,0.944264943457189,0.2760765173581044,0.27164988381099925,0.4272400560394713,C:\Users\vaidy\OneDrive\Desktop\Programming\COMPUTER VISION\TumorDetetction\brisc2025\classification_task\test\glioma\brisc2025_test_00037_gl_ax_t1.jpg,C:\Users\vaidy\OneDrive\Desktop\Programming\COMPUTER VISION\TumorDetetction\brisc2025\segmentation_task\test\masks\brisc2025_test_00037_gl_ax_t1.png
brisc2025_test_00038_gl_ax_t1.jpg,glioma,0,glioma,0,True,0.9999980926513672,Large,2.947998046875,2.7069091796875,0.9276848354020507,0.8651233014594867,0.9689966178128523,0.889751552795031,0.999135274511037,0.99591064453125,0.3494730293750763,7.490894794464111,6.912890911102295,1.0,0.05146099139653198,0.05146099139653198,0.09788473717542749,1.0,0.10883280757097792,0.10883280757097792,0.19630156472261737,0.8928571428571429,0.2802144249512671,0.2710985384252711,0.42655786350148367,1.0,0.09993240198287517,0.09993240198287517,0.18170644269179556,C:\Users\vaidy\OneDrive\Desktop\Programming\COMPUTER VISION\TumorDetetction\brisc2025\classification_task\test\glioma\brisc2025_test_00038_gl_ax_t1.jpg,C:\Users\vaidy\OneDrive\Desktop\Programming\COMPUTER VISION\TumorDetetction\brisc2025\segmentation_task\test\masks\brisc2025_test_00038_gl_ax_t1.png
brisc2025_test_00039_gl_ax_t1.jpg,glioma,0,glioma,0,True,0.9999995231628418,Large,2.15606689453125,1.85394287109375,0.8713850837138508,0.7720836142953472,0.9423868312757202,0.8103326256192498,0.9989083480186517,0.994842529296875,0.3723424971103668,5.28521728515625,4.577016830444336,1.0,0.03464763866411652,0.03464763866411652,0.06697476004265908,1.0,0.07323520265367471,0.07323520265367471,0.13647558796542233,1.0,0.23456175298804782,0.23456175298804782,0.3799919322307382,1.0,0.06297294495698144,0.06297294495698144,0.11848456775074358,C:\Users\vaidy\OneDrive\Desktop\Programming\COMPUTER VISION\TumorDetetction\brisc2025\classification_task\test\glioma\brisc2025_test_00039_gl_ax_t1.jpg,C:\Users\vaidy\OneDrive\Desktop\Programming\COMPUTER VISION\TumorDetetction\brisc2025\segmentation_task\test\masks\brisc2025_test_00039_gl_ax_t1.png
brisc2025_test_00040_gl_ax_t1.jpg,glioma,0,glioma,0,True,0.9999996423721313,Large,3.07769775390625,0.28228759765625,0.16802906448683017,0.0917203767972236,1.0,0.0917203767972236,1.0,0.9720458984375,0.44645872712135315,4.443375587463379,0.511599600315094,0.9965294992563213,0.04254778688004064,0.042541483237385706,0.08161110885541435,0.7620228061477442,0.05773637353968671,0.056713774399468654,0.10733989803757246,0.36787307882994547,0.06720405760347795,0.060246833387463464,0.11364680655536835,1.0,0.006949400848953833,0.006949400848953833,0.013802879952249497,C:\Users\vaidy\OneDrive\Desktop\Programming\COMPUTER VISION\TumorDetetction\brisc2025\classification_task\test\glioma\brisc2025_test_00040_gl_ax_t1.jpg,C:\Users\vaidy\OneDrive\Desktop\Programming\COMPUTER VISION\TumorDetetction\brisc2025\segmentation_task\test\masks\brisc2025_test_00040_gl_ax_t1.png
brisc2025_test_00041_gl_ax_t1.jpg,glioma,0,glioma,0,True,0.9999790191650391,Large,2.6580810546875,1.7181396484375,0.6283124128312413,0.45805795627859686,0.8001776198934281,0.5172215843857635,0.9964730225413049,0.983734130859375,0.28542783856391907,4.569161891937256,3.0821046829223633,0.9885189437428243,0.05946748627274925,0.059426441660627397,0.112186064692661,0.47588978185993114,0.07809703250117758,0.071911866759195,0.13417496156024925,0.0,0.0,0.0,0.0,0.49023090586145646,0.05200188412623646,0.049334167485923675,0.09402946938080231,C:\Users\vaidy\OneDrive\Desktop\Programming\COMPUTER VISION\TumorDetetction\brisc2025\classification_task\test\glioma\brisc2025_test_00041_gl_ax_t1.jpg,C:\Users\vaidy\OneDrive\Desktop\Programming\COMPUTER VISION\TumorDetetction\brisc2025\segmentation_task\test\masks\brisc2025_test_00041_gl_ax_t1.png
brisc2025_test_00042_gl_ax_t1.jpg,glioma,0,glioma,0,True,0.9999998807907104,Large,2.88238525390625,0.848388671875,0.01881390593047035,0.009496284062758051,0.04136690647482014,0.012175754367390153,0.991625685421151,0.9633941650390625,0.4067267179489136,4.900918483734131,1.5272178649902344,1.0,0.04090958310774229,0.04090958310774229,0.07860352862849534,0.8284806776071996,0.06899744290626929,0.06802573241763019,0.12738594277807172,0.4520910534674431,0.1177119228118539,0.10301568154402894,0.18678915135608049,1.0,0.0245128295564765,0.0245128295564765,0.047852655133832515,C:\Users\vaidy\OneDrive\Desktop\Programming\COMPUTER VISION\TumorDetetction\brisc2025\classification_task\test\glioma\brisc2025_test_00042_gl_ax_t1.jpg,C:\Users\vaidy\OneDrive\Desktop\Programming\COMPUTER VISION\TumorDetetction\brisc2025\segmentation_task\test\masks\brisc2025_test_00042_gl_ax_t1.png
brisc2025_test_00043_gl_ax_t1.jpg,glioma,0,glioma,0,True,0.9999881982803345,Large,4.42962646484375,3.9093017578125,0.4688014638609332,0.3061663479923518,0.5,0.4412676541508784,0.9795475228713298,0.9557037353515625,0.5207090377807617,6.97468900680542,6.437995433807373,1.0,0.05356780395992102,0.05356780395992102,0.10168838447526972,1.0,0.07931260586853177,0.07931260586853177,0.14696873813441336,0.8181191870478814,0.16757214421787905,0.16155363580708795,0.27816818927149217,1.0,0.06999617507240041,0.06999617507240041,0.13083443979164538,C:\Users\vaidy\OneDrive\Desktop\Programming\COMPUTER VISION\TumorDetetction\brisc2025\classification_task\test\glioma\brisc2025_test_00043_gl_ax_t1.jpg,C:\Users\vaidy\OneDrive\Desktop\Programming\COMPUTER VISION\TumorDetetction\brisc2025\segmentation_task\test\masks\brisc2025_test_00043_gl_ax_t1.png
brisc2025_test_00044_gl_ax_t1.jpg,glioma,0,glioma,0,True,0.9999998807907104,Medium,1.36871337890625,1.52587890625,0.8856088560885609,0.7947019867549668,0.84,0.9364548494983278,0.9975247141818406,0.9966888427734375,0.3287014961242676,3.8720171451568604,4.289593696594238,1.0,0.024216408844253665,0.024216408844253665,0.04728767989878222,1.0,0.07048008171603677,0.07048008171603677,0.1316793893129771,1.0,0.16943709860219117,0.16943709860219117,0.28977548053626234,1.0,0.07857311228097745,0.07857311228097745,0.14569825890580607,C:\Users\vaidy\OneDrive\Desktop\Programming\COMPUTER VISION\TumorDetetction\brisc2025\classification_task\test\glioma\brisc2025_test_00044_gl_ax_t1.jpg,C:\Users\vaidy\OneDrive\Desktop\Programming\COMPUTER VISION\TumorDetetction\brisc2025\segmentation_task\test\masks\brisc2025_test_00044_gl_ax_t1.png
brisc2025_test_00045_gl_ax_t1.jpg,glioma,0,glioma,0,True,0.9980608820915222,Large,5.169677734375,0.0,0.0,0.0,0.0,0.0,1.0,0.94830322265625,0.3645019233226776,6.512045860290527,0.0,1.0,0.07613483146067415,0.07613483146067415,0.1414968259271634,0.2662337662337662,0.05588599752168526,0.04842693009771287,0.09238017206063089,0.0,0.0,0.0,0.0,0.0,0.0,0.0,0.0,C:\Users\vaidy\OneDrive\Desktop\Programming\COMPUTER VISION\TumorDetetction\brisc2025\classification_task\test\glioma\brisc2025_test_00045_gl_ax_t1.jpg,C:\Users\vaidy\OneDrive\Desktop\Programming\COMPUTER VISION\TumorDetetction\brisc2025\segmentation_task\test\masks\brisc2025_test_00045_gl_ax_t1.png
brisc2025_test_00046_gl_ax_t1.jpg,glioma,0,glioma,0,True,0.9999949932098389,Large,5.084228515625,0.0,0.0,0.0,0.0,0.0,1.0,0.94915771484375,0.447564959526062,6.890401840209961,0.0,1.0,0.07100238663484487,0.07100238663484487,0.13259052924791087,0.7028811524609844,0.08524112829845314,0.08227647988758124,0.15204336676729316,0.2527010804321729,0.07249246663796814,0.05969514356611131,0.1126647487790192,0.0,0.0,0.0,0.0,C:\Users\vaidy\OneDrive\Desktop\Programming\COMPUTER VISION\TumorDetetction\brisc2025\classification_task\test\glioma\brisc2025_test_00046_gl_ax_t1.jpg,C:\Users\vaidy\OneDrive\Desktop\Programming\COMPUTER VISION\TumorDetetction\brisc2025\segmentation_task\test\masks\brisc2025_test_00046_gl_ax_t1.png
brisc2025_test_00047_gl_ax_t1.jpg,glioma,0,glioma,0,True,0.9999998807907104,Medium,1.21917724609375,0.0,0.0,0.0,0.0,0.0,1.0,0.9878082275390625,0.4852427840232849,1.4715759754180908,0.0,1.0,0.015809885630614588,0.015809885630614588,0.03112764672653252,0.9699624530663329,0.024048904611183516,0.024031007751937984,0.046934140802422405,0.0,0.0,0.0,0.0,0.0,0.0,0.0,0.0,C:\Users\vaidy\OneDrive\Desktop\Programming\COMPUTER VISION\TumorDetetction\brisc2025\classification_task\test\glioma\brisc2025_test_00047_gl_ax_t1.jpg,C:\Users\vaidy\OneDrive\Desktop\Programming\COMPUTER VISION\TumorDetetction\brisc2025\segmentation_task\test\masks\brisc2025_test_00047_gl_ax_t1.png
brisc2025_test_00048_gl_ax_t1.jpg,glioma,0,glioma,0,True,1.0,Medium,1.33056640625,1.5045166015625,0.8180839612486545,0.692167577413479,0.77079107505071,0.8715596330275229,0.9965050105158976,0.994842529296875,0.3015361428260803,3.0003857612609863,3.3899362087249756,1.0,0.02890288365926417,0.02890288365926417,0.056181947039494876,0.9942660550458715,0.06796801505174035,0.06794138390408275,0.12723803933078956,0.20642201834862386,0.03665987780040733,0.03213138164941092,0.06226219301279834,1.0,0.07729695829413609,0.07729695829413609,0.14350167370106243,C:\Users\vaidy\OneDrive\Desktop\Programming\COMPUTER VISION\TumorDetetction\brisc2025\classification_task\test\glioma\brisc2025_test_00048_gl_ax_t1.jpg,C:\Users\vaidy\OneDrive\Desktop\Programming\COMPUTER VISION\TumorDetetction\brisc2025\segmentation_task\test\masks\brisc2025_test_00048_gl_ax_t1.png
brisc2025_test_00049_gl_ax_t1.jpg,glioma,0,glioma,0,True,0.9945565462112427,Medium,0.958251953125,2.36358642578125,0.5521359669269638,0.3813451776649746,0.3879922530664945,0.9570063694267515,0.9853947125161767,0.9851226806640625,0.35768571496009827,2.1338346004486084,4.905195713043213,1.0,0.015793179760587465,0.015793179760587465,0.031095266389384035,1.0,0.03274585462509125,0.03274585462509125,0.06341512672927396,0.8328025477707006,0.11022128556375131,0.10783505154639175,0.19467708914945095,0.9251129761136216,0.07472103451871936,0.07427179434020939,0.13827374921599844,C:\Users\vaidy\OneDrive\Desktop\Programming\COMPUTER VISION\TumorDetetction\brisc2025\classification_task\test\glioma\brisc2025_test_00049_gl_ax_t1.jpg,C:\Users\vaidy\OneDrive\Desktop\Programming\COMPUTER VISION\TumorDetetction\brisc2025\segmentation_task\test\masks\brisc2025_test_00049_gl_ax_t1.png
brisc2025_test_00050_gl_ax_t1.jpg,glioma,0,glioma,0,True,0.999914288520813,Small,0.40130615234375,0.39215087890625,0.8115384615384615,0.6828478964401294,0.8210116731517509,0.8022813688212928,0.9992952675685199,0.998504638671875,0.29635798931121826,1.164567232131958,1.1396844387054443,1.0,0.009219659258220572,0.009219659258220572,0.018270867345166558,1.0,0.020414499728324147,0.020414499728324147,0.04001217100258634,1.0,0.04525120440467997,0.04525120440467997,0.0865843621399177,1.0,0.019948769696499263,0.019948769696499263,0.039117199391171996,C:\Users\vaidy\OneDrive\Desktop\Programming\COMPUTER VISION\TumorDetetction\brisc2025\classification_task\test\glioma\brisc2025_test_00050_gl_ax_t1.jpg,C:\Users\vaidy\OneDrive\Desktop\Programming\COMPUTER VISION\TumorDetetction\brisc2025\segmentation_task\test\masks\brisc2025_test_00050_gl_ax_t1.png
brisc2025_test_00051_gl_ax_t1.jpg,glioma,0,glioma,0,True,0.9999998807907104,Large,4.0374755859375,0.0,0.0,0.0,0.0,0.0,1.0,0.959625244140625,0.350773423910141,7.408629417419434,0.0,1.0,0.07309392265193371,0.07309392265193371,0.13623024249600987,0.9402872260015117,0.14401481824496412,0.14270964781461512,0.24977411906435096,0.14852607709750568,0.056102783725910065,0.042449773169151,0.08144233758159776,0.0,0.0,0.0,0.0,C:\Users\vaidy\OneDrive\Desktop\Programming\COMPUTER VISION\TumorDetetction\brisc2025\classification_task\test\glioma\brisc2025_test_00051_gl_ax_t1.jpg,C:\Users\vaidy\OneDrive\Desktop\Programming\COMPUTER VISION\TumorDetetction\brisc2025\segmentation_task\test\masks\brisc2025_test_00051_gl_ax_t1.png
brisc2025_test_00052_gl_ax_t1.jpg,glioma,0,glioma,0,True,0.9999798536300659,Large,2.96630859375,0.92010498046875,0.4734982332155477,0.3101851851851852,1.0,0.3101851851851852,1.0,0.9795379638671875,0.3603839576244354,6.041568756103516,2.14975905418396,1.0,0.05539724153653254,0.05539724153653254,0.10497893941030349,0.948045267489712,0.09498531154976035,0.09449343724364233,0.17267063287581394,0.49176954732510286,0.13999121394054767,0.12229755660739414,0.21794141114783996,1.0,0.03107766840179354,0.03107766840179354,0.06028191542537239,C:\Users\vaidy\OneDrive\Desktop\Programming\COMPUTER VISION\TumorDetetction\brisc2025\classification_task\test\glioma\brisc2025_test_00052_gl_ax_t1.jpg,C:\Users\vaidy\OneDrive\Desktop\Programming\COMPUTER VISION\TumorDetetction\brisc2025\segmentation_task\test\masks\brisc2025_test_00052_gl_ax_t1.png
brisc2025_test_00053_gl_ax_t1.jpg,glioma,0,glioma,0,True,0.9989645481109619,Small,0.152587890625,1.2298583984375,0.20088300220750552,0.1116564417177914,0.11290322580645161,0.91,0.9890732929885689,0.98895263671875,0.3449242413043976,0.36840635538101196,2.828382968902588,1.0,0.0026043023074118444,0.0026043023074118444,0.005195075068834745,1.0,0.006224324660774306,0.006224324660774306,0.012371644191513051,1.0,0.024600246002460024,0.024600246002460024,0.04801920768307323,1.0,0.05016805676584091,0.05016805676584091,0.09554291133238502,C:\Users\vaidy\OneDrive\Desktop\Programming\COMPUTER VISION\TumorDetetction\brisc2025\classification_task\test\glioma\brisc2025_test_00053_gl_ax_t1.jpg,C:\Users\vaidy\OneDrive\Desktop\Programming\COMPUTER VISION\TumorDetetction\brisc2025\segmentation_task\test\masks\brisc2025_test_00053_gl_ax_t1.png
brisc2025_test_00054_gl_ax_t1.jpg,glioma,0,glioma,0,True,0.9999872446060181,Large,3.228759765625,0.0885009765625,0.05335786568537258,0.027410207939508508,1.0,0.027410207939508508,1.0,0.968597412109375,0.48087504506111145,3.2303597927093506,0.06243511289358139,1.0,0.041345082944176326,0.041345082944176326,0.07940707383431841,0.3709829867674858,0.023743270219587442,0.02282441194429099,0.04463016658138609,0.04725897920604915,0.010382059800664452,0.008585164835164836,0.017024174327545116,0.0,0.0,0.0,0.0,C:\Users\vaidy\OneDrive\Desktop\Programming\COMPUTER VISION\TumorDetetction\brisc2025\classification_task\test\glioma\brisc2025_test_00054_gl_ax_t1.jpg,C:\Users\vaidy\OneDrive\Desktop\Programming\COMPUTER VISION\TumorDetetction\brisc2025\segmentation_task\test\masks\brisc2025_test_00054_gl_ax_t1.png
brisc2025_test_00055_gl_ax_t1.jpg,glioma,0,glioma,0,True,0.9955392479896545,Large,3.0487060546875,4.11224365234375,0.8080119326656723,0.6778691455130497,0.7035250463821893,0.948948948948949,0.9874248481223834,0.9862518310546875,0.30121031403541565,7.356268882751465,10.357033729553223,1.0,0.06889655172413793,0.06889655172413793,0.1289115426801729,0.9279279279279279,0.11644265795754302,0.11539897921075563,0.20691964285714284,0.5580580580580581,0.19347562033663024,0.16777008727053866,0.2873341064295838,0.9320964749536178,0.15776912448184902,0.1559764048432164,0.26986087984100554,C:\Users\vaidy\OneDrive\Desktop\Programming\COMPUTER VISION\TumorDetetction\brisc2025\classification_task\test\glioma\brisc2025_test_00055_gl_ax_t1.jpg,C:\Users\vaidy\OneDrive\Desktop\Programming\COMPUTER VISION\TumorDetetction\brisc2025\segmentation_task\test\masks\brisc2025_test_00055_gl_ax_t1.png
brisc2025_test_00056_gl_ax_t1.jpg,glioma,0,glioma,0,True,0.9998729228973389,Small,0.69732666015625,0.6927490234375,0.8386388583973655,0.722117202268431,0.8414096916299559,0.8358862144420132,0.9988936523302447,0.9977569580078125,0.49606436491012573,0.8511232137680054,0.842979371547699,1.0,0.009098148516822616,0.009098148516822616,0.01803223706275771,0.9299781181619255,0.012130033964095099,0.01211896546807722,0.023947709472023442,0.0,0.0,0.0,0.0,0.9911894273127754,0.012843565373747753,0.012842099255158243,0.025358541602096305,C:\Users\vaidy\OneDrive\Desktop\Programming\COMPUTER VISION\TumorDetetction\brisc2025\classification_task\test\glioma\brisc2025_test_00056_gl_ax_t1.jpg,C:\Users\vaidy\OneDrive\Desktop\Programming\COMPUTER VISION\TumorDetetction\brisc2025\segmentation_task\test\masks\brisc2025_test_00056_gl_ax_t1.png
brisc2025_test_00057_gl_ax_t1.jpg,glioma,0,glioma,0,True,0.999903678894043,Small,0.31585693359375,0.0,0.0,0.0,0.0,0.0,1.0,0.9968414306640625,0.3823906183242798,0.26998549699783325,0.0,1.0,0.0049152300897563755,0.0049152300897563755,0.009782377543063728,0.0,0.0,0.0,0.0,0.0,0.0,0.0,0.0,0.0,0.0,0.0,0.0,C:\Users\vaidy\OneDrive\Desktop\Programming\COMPUTER VISION\TumorDetetction\brisc2025\classification_task\test\glioma\brisc2025_test_00057_gl_ax_t1.jpg,C:\Users\vaidy\OneDrive\Desktop\Programming\COMPUTER VISION\TumorDetetction\brisc2025\segmentation_task\test\masks\brisc2025_test_00057_gl_ax_t1.png
brisc2025_test_00058_gl_ax_t1.jpg,glioma,0,glioma,0,True,0.9997290968894958,Small,0.6683349609375,0.0,0.0,0.0,0.0,0.0,1.0,0.993316650390625,0.4645639657974243,0.9382166862487793,0.0,1.0,0.008801189567174376,0.008801189567174376,0.017448808859851804,1.0,0.013389991134480755,0.013389991134480755,0.026426136535038763,0.0,0.0,0.0,0.0,0.0,0.0,0.0,0.0,C:\Users\vaidy\OneDrive\Desktop\Programming\COMPUTER VISION\TumorDetetction\brisc2025\classification_task\test\glioma\brisc2025_test_00058_gl_ax_t1.jpg,C:\Users\vaidy\OneDrive\Desktop\Programming\COMPUTER VISION\TumorDetetction\brisc2025\segmentation_task\test\masks\brisc2025_test_00058_gl_ax_t1.png
brisc2025_test_00059_gl_ax_t1.jpg,glioma,0,glioma,0,True,0.9999533891677856,Large,2.33001708984375,0.0,0.0,0.0,0.0,0.0,1.0,0.9766998291015625,0.4359431862831116,3.0546367168426514,0.0,1.0,0.034105376007861885,0.034105376007861885,0.06596112311015119,0.6378519973804846,0.035637188540485164,0.03493042605078181,0.06750294545706563,0.15193189259986903,0.02205742536603917,0.019639380343689155,0.038522208385222086,0.0,0.0,0.0,0.0,C:\Users\vaidy\OneDrive\Desktop\Programming\COMPUTER VISION\TumorDetetction\brisc2025\classification_task\test\glioma\brisc2025_test_00059_gl_ax_t1.jpg,C:\Users\vaidy\OneDrive\Desktop\Programming\COMPUTER VISION\TumorDetetction\brisc2025\segmentation_task\test\masks\brisc2025_test_00059_gl_ax_t1.png
brisc2025_test_00060_gl_ax_t1.jpg,glioma,0,glioma,0,True,0.4881323277950287,Medium,1.263427734375,0.982666015625,0.720108695652174,0.5626326963906582,0.8229813664596274,0.6400966183574879,0.9982382394757989,0.99371337890625,0.20088520646095276,1.8849436044692993,1.6923861503601074,0.6859903381642513,0.025673476767311517,0.025375268048606146,0.04949459742070408,0.010869565217391304,0.0018852115626309175,0.0016091543000178795,0.0032131381649410924,0.0,0.0,0.0,0.0,0.059006211180124224,0.007959782153330541,0.007063197026022305,0.014027316352897749,C:\Users\vaidy\OneDrive\Desktop\Programming\COMPUTER VISION\TumorDetetction\brisc2025\classification_task\test\glioma\brisc2025_test_00060_gl_ax_t1.jpg,C:\Users\vaidy\OneDrive\Desktop\Programming\COMPUTER VISION\TumorDetetction\brisc2025\segmentation_task\test\masks\brisc2025_test_00060_gl_ax_t1.png
brisc2025_test_00061_gl_ax_t1.jpg,glioma,0,glioma,0,True,0.9999799728393555,Medium,1.34429931640625,0.77056884765625,0.417027417027417,0.2634457611668186,0.5722772277227722,0.3280363223609535,0.9966591910911763,0.9876708984375,0.38018542528152466,1.7989102602005005,0.9529595971107483,1.0,0.021961312194635558,0.021961312194635558,0.04297875454301534,0.5709421112372304,0.024871439873417722,0.02441510532957965,0.047666429755981995,0.0,0.0,0.0,0.0,0.3346534653465347,0.0083564082278481,0.008219844357976654,0.016305658738964734,C:\Users\vaidy\OneDrive\Desktop\Programming\COMPUTER VISION\TumorDetetction\brisc2025\classification_task\test\glioma\brisc2025_test_00061_gl_ax_t1.jpg,C:\Users\vaidy\OneDrive\Desktop\Programming\COMPUTER VISION\TumorDetetction\brisc2025\segmentation_task\test\masks\brisc2025_test_00061_gl_ax_t1.png
brisc2025_test_00062_gl_ax_t1.jpg,glioma,0,glioma,0,True,0.9999969005584717,Large,2.96783447265625,1.9775390625,0.759642085775995,0.6124378109452736,0.9498456790123457,0.632904884318766,0.9989778427764935,0.9881134033203125,0.4774326980113983,4.095329284667969,2.970777750015259,1.0,0.0376136143879327,0.0376136143879327,0.07250023296990028,0.8215938303341902,0.050324368583485546,0.04978038067349927,0.09483960948396095,0.2946015424164524,0.058113590263691686,0.051014957264957264,0.09707750952986023,1.0,0.040813755747307424,0.040813755747307424,0.07842662632375189,C:\Users\vaidy\OneDrive\Desktop\Programming\COMPUTER VISION\TumorDetetction\brisc2025\classification_task\test\glioma\brisc2025_test_00062_gl_ax_t1.jpg,C:\Users\vaidy\OneDrive\Desktop\Programming\COMPUTER VISION\TumorDetetction\brisc2025\segmentation_task\test\masks\brisc2025_test_00062_gl_ax_t1.png
brisc2025_test_00063_gl_ax_t1.jpg,glioma,0,glioma,0,True,0.9999521970748901,Large,4.412841796875,4.16412353515625,0.8838285002668564,0.7918393369461268,0.9102235251007695,0.8589211618257261,0.9960890109188429,0.9900360107421875,0.36078426241874695,8.027700424194336,7.746236801147461,1.0,0.0730432147096709,0.0730432147096709,0.13614216782393787,0.8032503457814661,0.13325302587047552,0.12904121764248416,0.22858548585485855,0.3115491009681881,0.1898440792246102,0.13373905299094552,0.23592563498297983,0.8596555514840601,0.13457236276028223,0.1316793893129771,0.2327150084317032,C:\Users\vaidy\OneDrive\Desktop\Programming\COMPUTER VISION\TumorDetetction\brisc2025\classification_task\test\glioma\brisc2025_test_00063_gl_ax_t1.jpg,C:\Users\vaidy\OneDrive\Desktop\Programming\COMPUTER VISION\TumorDetetction\brisc2025\segmentation_task\test\masks\brisc2025_test_00063_gl_ax_t1.png
brisc2025_test_00064_gl_ax_t1.jpg,glioma,0,glioma,0,True,0.9998389482498169,Medium,1.88751220703125,1.849365234375,0.9383421804818293,0.8838461538461538,0.948019801980198,0.9288601455133387,0.999020202491485,0.9976959228515625,0.31419336795806885,4.2011027336120605,4.10174036026001,1.0,0.0373501615386938,0.0373501615386938,0.07201071137501455,0.9442198868229588,0.09351481184947959,0.0930010351142607,0.1701755664019815,0.36863379143088115,0.10384878159872467,0.08816705336426914,0.16204690831556504,0.943069306930693,0.09151321056845477,0.0910104307667808,0.16683695810830534,C:\Users\vaidy\OneDrive\Desktop\Programming\COMPUTER VISION\TumorDetetction\brisc2025\classification_task\test\glioma\brisc2025_test_00064_gl_ax_t1.jpg,C:\Users\vaidy\OneDrive\Desktop\Programming\COMPUTER VISION\TumorDetetction\brisc2025\segmentation_task\test\masks\brisc2025_test_00064_gl_ax_t1.png
brisc2025_test_00065_gl_ax_t1.jpg,glioma,0,glioma,0,True,0.9999970197677612,Small,0.6378173828125,0.87890625,0.7746478873239436,0.632183908045977,0.6684027777777778,0.9210526315789473,0.9970668632329003,0.99658203125,0.3141828179359436,1.41484534740448,2.043872594833374,1.0,0.013046192259675406,0.013046192259675406,0.025756362067903136,1.0,0.027656477438136828,0.027656477438136828,0.053824362606232294,0.3229665071770335,0.02520537714712472,0.023940414967192764,0.046761343955663316,1.0,0.038110361254466055,0.038110361254466055,0.0734225621414914,C:\Users\vaidy\OneDrive\Desktop\Programming\COMPUTER VISION\TumorDetetction\brisc2025\classification_task\test\glioma\brisc2025_test_00065_gl_ax_t1.jpg,C:\Users\vaidy\OneDrive\Desktop\Programming\COMPUTER VISION\TumorDetetction\brisc2025\segmentation_task\test\masks\brisc2025_test_00065_gl_ax_t1.png
brisc2025_test_00066_gl_ax_t1.jpg,glioma,0,glioma,0,True,0.9999988079071045,Large,2.86865234375,2.88848876953125,0.9006095944871455,0.8191899710703954,0.8975171685155837,0.9037234042553192,0.9969523689832852,0.9942779541015625,0.3129573166370392,7.7532572746276855,7.794428825378418,1.0,0.05727516451377041,0.05727516451377041,0.10834485938220378,1.0,0.12939637965448414,0.12939637965448414,0.229142543726004,0.8526595744680852,0.33305630583835444,0.3149312377210216,0.47900791872105186,1.0,0.13029114185422258,0.13029114185422258,0.23054439166971136,C:\Users\vaidy\OneDrive\Desktop\Programming\COMPUTER VISION\TumorDetetction\brisc2025\classification_task\test\glioma\brisc2025_test_00066_gl_ax_t1.jpg,C:\Users\vaidy\OneDrive\Desktop\Programming\COMPUTER VISION\TumorDetetction\brisc2025\segmentation_task\test\masks\brisc2025_test_00066_gl_ax_t1.png
brisc2025_test_00067_gl_ax_t1.jpg,glioma,0,glioma,0,True,1.0,Small,0.14190673828125,1.59912109375,0.16301489921121823,0.08874045801526717,0.08874045801526717,1.0,0.9854071482053084,0.9854278564453125,0.3287895619869232,0.42238765954971313,4.6597795486450195,1.0,0.002758988964044144,0.002758988964044144,0.005502795775272921,1.0,0.005774245622749286,0.005774245622749286,0.011482190258657942,1.0,0.017193566278424846,0.017193566278424846,0.03380588876772083,1.0,0.06506891841549733,0.06506891841549733,0.12218724495744433,C:\Users\vaidy\OneDrive\Desktop\Programming\COMPUTER VISION\TumorDetetction\brisc2025\classification_task\test\glioma\brisc2025_test_00067_gl_ax_t1.jpg,C:\Users\vaidy\OneDrive\Desktop\Programming\COMPUTER VISION\TumorDetetction\brisc2025\segmentation_task\test\masks\brisc2025_test_00067_gl_ax_t1.png
brisc2025_test_00068_gl_ax_t1.jpg,glioma,0,glioma,0,True,0.999994158744812,Medium,0.74615478515625,0.87738037109375,0.881578947368421,0.788235294117647,0.8156521739130435,0.9591002044989775,0.9983704090888127,0.998077392578125,0.4413115084171295,1.3179669380187988,1.5468271970748901,1.0,0.009851919008763976,0.009851919008763976,0.01951161120421355,1.0,0.01950382897255903,0.01950382897255903,0.03826141387269669,0.7464212678936605,0.04293612516174568,0.042318840579710144,0.08120133481646273,1.0,0.022933950223356734,0.022933950223356734,0.04483955238429446,C:\Users\vaidy\OneDrive\Desktop\Programming\COMPUTER VISION\TumorDetetction\brisc2025\classification_task\test\glioma\brisc2025_test_00068_gl_ax_t1.jpg,C:\Users\vaidy\OneDrive\Desktop\Programming\COMPUTER VISION\TumorDetetction\brisc2025\segmentation_task\test\masks\brisc2025_test_00068_gl_ax_t1.png
brisc2025_test_00069_gl_ax_t1.jpg,glioma,0,glioma,0,True,0.9999998807907104,Medium,1.220703125,0.0,0.0,0.0,0.0,0.0,1.0,0.98779296875,0.3908407688140869,2.3541386127471924,0.0,1.0,0.018150879183210438,0.018150879183210438,0.03565459610027855,1.0,0.04385243655100587,0.04385243655100587,0.08402037494092317,0.485,0.05694994862762366,0.05370242214532872,0.1019309076579535,0.0,0.0,0.0,0.0,C:\Users\vaidy\OneDrive\Desktop\Programming\COMPUTER VISION\TumorDetetction\brisc2025\classification_task\test\glioma\brisc2025_test_00069_gl_ax_t1.jpg,C:\Users\vaidy\OneDrive\Desktop\Programming\COMPUTER VISION\TumorDetetction\brisc2025\segmentation_task\test\masks\brisc2025_test_00069_gl_ax_t1.png
brisc2025_test_00070_gl_ax_t1.jpg,glioma,0,glioma,0,True,0.9999998807907104,Small,0.6927490234375,1.94091796875,0.5144843568945539,0.3463338533541342,0.3490566037735849,0.9779735682819384,0.9872775882732553,0.987213134765625,0.2734735310077667,1.7851670980453491,4.860102653503418,1.0,0.017291944391544467,0.017291944391544467,0.03399603130031076,1.0,0.041982615128537085,0.041982615128537085,0.08058217962371317,0.27973568281938327,0.03467103467103467,0.03182957393483709,0.06169540927860092,1.0,0.11762530053634178,0.11762530053634178,0.21049147774284296,C:\Users\vaidy\OneDrive\Desktop\Programming\COMPUTER VISION\TumorDetetction\brisc2025\classification_task\test\glioma\brisc2025_test_00070_gl_ax_t1.jpg,C:\Users\vaidy\OneDrive\Desktop\Programming\COMPUTER VISION\TumorDetetction\brisc2025\segmentation_task\test\masks\brisc2025_test_00070_gl_ax_t1.png
brisc2025_test_00071_gl_ax_t1.jpg,glioma,0,glioma,0,True,0.9999996423721313,Medium,1.27716064453125,1.19171142578125,0.9221260815822002,0.8555045871559633,0.9551856594110115,0.8912783751493429,0.9994590333699129,0.998077392578125,0.2523109018802643,4.781493663787842,4.482308387756348,1.0,0.03594897564746811,0.03594897564746811,0.06940298507462686,1.0,0.07636861313868613,0.07636861313868613,0.14190048317368822,1.0,0.20067130184608006,0.20067130184608006,0.33426517571884984,1.0,0.07125912408759125,0.07125912408759125,0.13303807171450474,C:\Users\vaidy\OneDrive\Desktop\Programming\COMPUTER VISION\TumorDetetction\brisc2025\classification_task\test\glioma\brisc2025_test_00071_gl_ax_t1.jpg,C:\Users\vaidy\OneDrive\Desktop\Programming\COMPUTER VISION\TumorDetetction\brisc2025\segmentation_task\test\masks\brisc2025_test_00071_gl_ax_t1.png
brisc2025_test_00072_gl_ax_t1.jpg,glioma,0,glioma,0,True,0.9995821118354797,Large,7.061767578125,4.3853759765625,0.5945081311650227,0.42298937784522,0.7759220598469033,0.4818496110630942,0.98942667629868,0.953582763671875,0.273605078458786,20.726621627807617,13.16793441772461,1.0,0.18048514156462053,0.18048514156462053,0.30578130161876443,1.0,0.39759450171821303,0.39759450171821303,0.5689697565773297,0.7044079515989629,0.8195072900955254,0.609801720912832,0.7576109690913316,1.0,0.24690721649484537,0.24690721649484537,0.39603141794129804,C:\Users\vaidy\OneDrive\Desktop\Programming\COMPUTER VISION\TumorDetetction\brisc2025\classification_task\test\glioma\brisc2025_test_00072_gl_ax_t1.jpg,C:\Users\vaidy\OneDrive\Desktop\Programming\COMPUTER VISION\TumorDetetction\brisc2025\segmentation_task\test\masks\brisc2025_test_00072_gl_ax_t1.png
brisc2025_test_00073_gl_ax_t1.jpg,glioma,0,glioma,0,True,0.9999758005142212,Large,8.82415771484375,7.928466796875,0.9334183441114856,0.8751494449188728,0.9861431870669746,0.886045305204911,0.9987950395796027,0.9888458251953125,0.28766873478889465,24.026275634765625,21.94122314453125,1.0,0.19213901255897403,0.19213901255897403,0.3223433014687439,1.0,0.4932616854315933,0.4932616854315933,0.6606500257040041,0.6498357254020405,0.9786458333333333,0.6407502131287297,0.7810454120336693,1.0,0.44319344933469806,0.44319344933469806,0.6141843971631206,C:\Users\vaidy\OneDrive\Desktop\Programming\COMPUTER VISION\TumorDetetction\brisc2025\classification_task\test\glioma\brisc2025_test_00073_gl_ax_t1.jpg,C:\Users\vaidy\OneDrive\Desktop\Programming\COMPUTER VISION\TumorDetetction\brisc2025\segmentation_task\test\masks\brisc2025_test_00073_gl_ax_t1.png
brisc2025_test_00074_gl_ax_t1.jpg,glioma,0,glioma,0,True,0.9999998807907104,Medium,1.16119384765625,1.1566162109375,0.8834759710335747,0.7912735849056604,0.8852242744063324,0.8817345597897503,0.9986568892319567,0.9972991943359375,0.34923219680786133,3.0487537384033203,2.997589588165283,1.0,0.019479355978191313,0.019479355978191313,0.03821432158280606,1.0,0.05246105059975183,0.05246105059975183,0.09969214645968429,1.0,0.13320497111850166,0.13320497111850166,0.23509422304603028,1.0,0.05225423962498277,0.05225423962498277,0.09931865828092243,C:\Users\vaidy\OneDrive\Desktop\Programming\COMPUTER VISION\TumorDetetction\brisc2025\classification_task\test\glioma\brisc2025_test_00074_gl_ax_t1.jpg,C:\Users\vaidy\OneDrive\Desktop\Programming\COMPUTER VISION\TumorDetetction\brisc2025\segmentation_task\test\masks\brisc2025_test_00074_gl_ax_t1.png
brisc2025_test_00075_gl_ax_t1.jpg,glioma,0,glioma,0,True,0.9999778270721436,Medium,1.11541748046875,1.8585205078125,0.6936890713186249,0.5310290652003142,0.555008210180624,0.9247606019151847,0.9916364478049533,0.9908905029296875,0.40000003576278687,2.607805013656616,3.6029059886932373,1.0,0.016649205120029154,0.016649205120029154,0.03275309720635347,1.0,0.03116473396998636,0.03116473396998636,0.06044569396783396,1.0,0.11828478964401294,0.11828478964401294,0.2115468094342353,0.8990147783251231,0.0466831514324693,0.04643962848297214,0.08875739644970414,C:\Users\vaidy\OneDrive\Desktop\Programming\COMPUTER VISION\TumorDetetction\brisc2025\classification_task\test\glioma\brisc2025_test_00075_gl_ax_t1.jpg,C:\Users\vaidy\OneDrive\Desktop\Programming\COMPUTER VISION\TumorDetetction\brisc2025\segmentation_task\test\masks\brisc2025_test_00075_gl_ax_t1.png
brisc2025_test_00076_gl_ax_t1.jpg,glioma,0,glioma,0,True,0.9999958276748657,Medium,0.9368896484375,0.811767578125,0.8900523560209425,0.8018867924528302,0.9586466165413534,0.8306188925081434,0.9996611318197222,0.998077392578125,0.43203333020210266,1.0341027975082397,0.8907284736633301,1.0,0.013315405968077725,0.013315405968077725,0.026280871463425073,0.42833876221498374,0.009593988253748222,0.009472698458435383,0.01876761694080708,0.0,0.0,0.0,0.0,0.40225563909774437,0.007806515157042279,0.007716995420287765,0.015315798890678118,C:\Users\vaidy\OneDrive\Desktop\Programming\COMPUTER VISION\TumorDetetction\brisc2025\classification_task\test\glioma\brisc2025_test_00076_gl_ax_t1.jpg,C:\Users\vaidy\OneDrive\Desktop\Programming\COMPUTER VISION\TumorDetetction\brisc2025\segmentation_task\test\masks\brisc2025_test_00076_gl_ax_t1.png
brisc2025_test_00077_gl_ax_t1.jpg,glioma,0,glioma,0,True,0.999993085861206,Medium,1.10931396484375,1.141357421875,0.8461016949152542,0.7332549941245593,0.8342245989304813,0.8583218707015131,0.9980866854912126,0.9965362548828125,0.3319501578807831,2.9858272075653076,3.12581205368042,1.0,0.019501596072856033,0.019501596072856033,0.038257117297268856,1.0,0.05477697408077155,0.05477697408077155,0.10386456175441103,0.9807427785419532,0.11981179633675013,0.11953059513830679,0.21353698712189279,1.0,0.05635925256178421,0.05635925256178421,0.10670470756062768,C:\Users\vaidy\OneDrive\Desktop\Programming\COMPUTER VISION\TumorDetetction\brisc2025\classification_task\test\glioma\brisc2025_test_00077_gl_ax_t1.jpg,C:\Users\vaidy\OneDrive\Desktop\Programming\COMPUTER VISION\TumorDetetction\brisc2025\segmentation_task\test\masks\brisc2025_test_00077_gl_ax_t1.png
brisc2025_test_00078_gl_ax_t1.jpg,glioma,0,glioma,0,True,0.9999879598617554,Medium,1.6357421875,1.5411376953125,0.9356388088376562,0.8790613718411552,0.9643564356435643,0.9085820895522388,0.9994415487714073,0.997955322265625,0.3525126278400421,4.009360313415527,3.802488327026367,1.0,0.026652080950723484,0.026652080950723484,0.05192037584152662,1.0,0.07963155548952608,0.07963155548952608,0.14751616898307418,0.9160447761194029,0.16551491656834655,0.1630416735845924,0.2803711634546752,1.0,0.07502599910860198,0.07502599910860198,0.13957987838584854,C:\Users\vaidy\OneDrive\Desktop\Programming\COMPUTER VISION\TumorDetetction\brisc2025\classification_task\test\glioma\brisc2025_test_00078_gl_ax_t1.jpg,C:\Users\vaidy\OneDrive\Desktop\Programming\COMPUTER VISION\TumorDetetction\brisc2025\segmentation_task\test\masks\brisc2025_test_00078_gl_ax_t1.png
brisc2025_test_00079_gl_ax_t1.jpg,glioma,0,glioma,0,True,1.0,Medium,1.87225341796875,1.45263671875,0.8453418999541074,0.7321144674085851,0.967436974789916,0.7506112469437652,0.9995179523861357,0.9948577880859375,0.3016101121902466,5.779521942138672,4.553714752197266,1.0,0.04214612028990485,0.04214612028990485,0.08088332234673698,1.0,0.08958820093457943,0.08958820093457943,0.16444414661931248,1.0,0.2454,0.2454,0.39409025212783044,1.0,0.06950934579439252,0.06950934579439252,0.1299836155106499,C:\Users\vaidy\OneDrive\Desktop\Programming\COMPUTER VISION\TumorDetetction\brisc2025\classification_task\test\glioma\brisc2025_test_00079_gl_ax_t1.jpg,C:\Users\vaidy\OneDrive\Desktop\Programming\COMPUTER VISION\TumorDetetction\brisc2025\segmentation_task\test\masks\brisc2025_test_00079_gl_ax_t1.png
brisc2025_test_00080_gl_ax_t1.jpg,glioma,0,glioma,0,True,1.0,Large,4.7698974609375,3.68804931640625,0.8551325996752661,0.7469271982351088,0.9805544062887878,0.7581573896353166,0.9992469155584041,0.9877471923828125,0.28248798847198486,13.267029762268066,10.479419708251953,1.0,0.11358598888121797,0.11358598888121797,0.20400039155545405,1.0,0.2508224344058413,0.2508224344058413,0.40105202386298033,0.5876519513755598,0.40382501648714003,0.31466255566974993,0.4786970684039088,1.0,0.19393404477252668,0.19393404477252668,0.3248655913978495,C:\Users\vaidy\OneDrive\Desktop\Programming\COMPUTER VISION\TumorDetetction\brisc2025\classification_task\test\glioma\brisc2025_test_00080_gl_ax_t1.jpg,C:\Users\vaidy\OneDrive\Desktop\Programming\COMPUTER VISION\TumorDetetction\brisc2025\segmentation_task\test\masks\brisc2025_test_00080_gl_ax_t1.png
brisc2025_test_00081_gl_ax_t1.jpg,glioma,0,glioma,0,True,0.9998965263366699,Medium,0.77667236328125,1.116943359375,0.7800161160354553,0.6393659180977543,0.6612021857923497,0.9508840864440079,0.9961861995786365,0.9958343505859375,0.38587644696235657,1.5744739770889282,2.3154587745666504,1.0,0.012861330099049929,0.012861330099049929,0.025396033428963453,1.0,0.021186264308012487,0.021186264308012487,0.04149343767832396,0.793713163064833,0.05826362849725988,0.05739451626651513,0.1085583769985221,1.0,0.030468262226847034,0.030468262226847034,0.059134790160358684,C:\Users\vaidy\OneDrive\Desktop\Programming\COMPUTER VISION\TumorDetetction\brisc2025\classification_task\test\glioma\brisc2025_test_00081_gl_ax_t1.jpg,C:\Users\vaidy\OneDrive\Desktop\Programming\COMPUTER VISION\TumorDetetction\brisc2025\segmentation_task\test\masks\brisc2025_test_00081_gl_ax_t1.png
brisc2025_test_00082_gl_ax_t1.jpg,glioma,0,glioma,0,True,0.9999982118606567,Medium,0.99945068359375,1.6357421875,0.7284308048639259,0.5728597449908925,0.5867537313432836,0.9603053435114504,0.9931721151030348,0.9928436279296875,0.31052160263061523,2.387498617172241,3.7928626537323,1.0,0.020203578038247995,0.020203578038247995,0.039606953892668176,1.0,0.047646759292936644,0.047646759292936644,0.09095958894597972,0.4366412213740458,0.05878725590955807,0.05464272067252579,0.1036231884057971,1.0,0.07798065032370699,0.07798065032370699,0.14467912814629866,C:\Users\vaidy\OneDrive\Desktop\Programming\COMPUTER VISION\TumorDetetction\brisc2025\classification_task\test\glioma\brisc2025_test_00082_gl_ax_t1.jpg,C:\Users\vaidy\OneDrive\Desktop\Programming\COMPUTER VISION\TumorDetetction\brisc2025\segmentation_task\test\masks\brisc2025_test_00082_gl_ax_t1.png
brisc2025_test_00083_gl_ax_t1.jpg,glioma,0,glioma,0,True,0.9999985694885254,Medium,1.2176513671875,2.98614501953125,0.21052631578947367,0.11764705882352941,0.1481859989780276,0.3634085213032581,0.9742500540640736,0.9668121337890625,0.3607945740222931,3.1214091777801514,6.37495756149292,1.0,0.020485701083329054,0.020485701083329054,0.0401489233246126,1.0,0.0422826259736131,0.0422826259736131,0.08113466524325148,1.0,0.14244912531238843,0.14244912531238843,0.249375,1.0,0.10369310655433689,0.10369310655433689,0.18790206433029286,C:\Users\vaidy\OneDrive\Desktop\Programming\COMPUTER VISION\TumorDetetction\brisc2025\classification_task\test\glioma\brisc2025_test_00083_gl_ax_t1.jpg,C:\Users\vaidy\OneDrive\Desktop\Programming\COMPUTER VISION\TumorDetetction\brisc2025\segmentation_task\test\masks\brisc2025_test_00083_gl_ax_t1.png
brisc2025_test_00084_gl_ax_t1.jpg,glioma,0,glioma,0,True,0.9999997615814209,Large,5.6732177734375,0.7293701171875,0.2221163012392755,0.12493297587131368,0.9748953974895398,0.1253362022592792,0.9998058817820052,0.9501953125,0.35018059611320496,10.420053482055664,1.2908661365509033,1.0,0.09723057611339209,0.09723057611339209,0.17722906785518508,0.8937600860677783,0.2033162016642193,0.19851843001374037,0.33127305353404446,0.20064550833781603,0.13369175627240143,0.0872310570626754,0.16046461604646162,0.9832635983263598,0.02875673029858052,0.0287426614481409,0.05587920580192605,C:\Users\vaidy\OneDrive\Desktop\Programming\COMPUTER VISION\TumorDetetction\brisc2025\classification_task\test\glioma\brisc2025_test_00084_gl_ax_t1.jpg,C:\Users\vaidy\OneDrive\Desktop\Programming\COMPUTER VISION\TumorDetetction\brisc2025\segmentation_task\test\masks\brisc2025_test_00084_gl_ax_t1.png
brisc2025_test_00085_gl_ax_t1.jpg,glioma,0,glioma,0,True,0.9999967813491821,Small,0.21514892578125,0.1190185546875,0.7031963470319634,0.5422535211267606,0.9871794871794872,0.5460992907801419,0.9999847083110329,0.9990081787109375,0.3752487301826477,0.49476680159568787,0.270388662815094,1.0,0.003537203351562892,0.003537203351562892,0.007049471289653276,1.0,0.006845324788814448,0.006845324788814448,0.013597569796036452,1.0,0.022919375812743822,0.022919375812743822,0.04481169553472112,1.0,0.0037867754150888435,0.0037867754150888435,0.0075449796865931515,C:\Users\vaidy\OneDrive\Desktop\Programming\COMPUTER VISION\TumorDetetction\brisc2025\classification_task\test\glioma\brisc2025_test_00085_gl_ax_t1.jpg,C:\Users\vaidy\OneDrive\Desktop\Programming\COMPUTER VISION\TumorDetetction\brisc2025\segmentation_task\test\masks\brisc2025_test_00085_gl_ax_t1.png
brisc2025_test_00086_gl_co_t1.jpg,glioma,0,glioma,0,True,0.9955005049705505,Medium,1.40228271484375,1.34124755859375,0.9199110122358176,0.8516992790937178,0.9408418657565415,0.8998911860718172,0.9991952582137827,0.997802734375,0.2464314103126526,3.2108242511749268,3.0680952072143555,1.0,0.0382215937448012,0.0382215937448012,0.0736289708768978,0.6659412404787813,0.05806451612903226,0.05642113026643312,0.10681560345579894,0.056583242655059846,0.012773274379759274,0.010530579181855002,0.020841683366733466,0.6689419795221843,0.05578747628083491,0.05428861600960207,0.1029862509852001,C:\Users\vaidy\OneDrive\Desktop\Programming\COMPUTER VISION\TumorDetetction\brisc2025\classification_task\test\glioma\brisc2025_test_00086_gl_co_t1.jpg,C:\Users\vaidy\OneDrive\Desktop\Programming\COMPUTER VISION\TumorDetetction\brisc2025\segmentation_task\test\masks\brisc2025_test_00086_gl_co_t1.png
brisc2025_test_00087_gl_co_t1.jpg,glioma,0,glioma,0,True,0.9988370537757874,Medium,1.5869140625,1.3275146484375,0.7130890052356021,0.5541090317331163,0.7827586206896552,0.6548076923076923,0.9970695857107418,0.99163818359375,0.2399519979953766,3.8031623363494873,3.2007672786712646,1.0,0.04904041118498609,0.04904041118498609,0.09349575223625657,0.6625,0.06763522136055758,0.06538242550768647,0.12273982363944064,0.1076923076923077,0.02812656956303365,0.022810590631364563,0.04460374352847471,0.6942528735632184,0.05929125355845686,0.05778245479766574,0.109252057520123,C:\Users\vaidy\OneDrive\Desktop\Programming\COMPUTER VISION\TumorDetetction\brisc2025\classification_task\test\glioma\brisc2025_test_00087_gl_co_t1.jpg,C:\Users\vaidy\OneDrive\Desktop\Programming\COMPUTER VISION\TumorDetetction\brisc2025\segmentation_task\test\masks\brisc2025_test_00087_gl_co_t1.png
brisc2025_test_00088_gl_co_t1.jpg,glioma,0,glioma,0,True,0.9999760389328003,Large,2.545166015625,0.99334716796875,0.4872789995687796,0.3221208665906499,0.8678955453149002,0.33872901678657075,0.9986534727876245,0.9818572998046875,0.3261396586894989,4.970202922821045,2.1445727348327637,1.0,0.05425272402016588,0.05425272402016588,0.10292166723228334,0.9142685851318945,0.09354680407311987,0.09273335360291882,0.16972732331663884,0.19124700239808154,0.04554540262707025,0.038189871902310546,0.07357011070110701,1.0,0.03993375046006625,0.03993375046006625,0.07680056627145639,C:\Users\vaidy\OneDrive\Desktop\Programming\COMPUTER VISION\TumorDetetction\brisc2025\classification_task\test\glioma\brisc2025_test_00088_gl_co_t1.jpg,C:\Users\vaidy\OneDrive\Desktop\Programming\COMPUTER VISION\TumorDetetction\brisc2025\segmentation_task\test\masks\brisc2025_test_00088_gl_co_t1.png
brisc2025_test_00089_gl_co_t1.jpg,glioma,0,glioma,0,True,0.9999997615814209,Medium,1.495361328125,1.5838623046875,0.9048562933597621,0.8262443438914027,0.8795761078998073,0.9316326530612244,0.9980636966354792,0.9970703125,0.28911322355270386,4.862079620361328,5.134006023406982,1.0,0.03329935440027183,0.03329935440027183,0.06445248273594212,1.0,0.07671833411617347,0.07671833411617347,0.14250399883670206,1.0,0.19003296490207486,0.19003296490207486,0.31937428711096627,1.0,0.08125880695162048,0.08125880695162048,0.15030408340573415,C:\Users\vaidy\OneDrive\Desktop\Programming\COMPUTER VISION\TumorDetetction\brisc2025\classification_task\test\glioma\brisc2025_test_00089_gl_co_t1.jpg,C:\Users\vaidy\OneDrive\Desktop\Programming\COMPUTER VISION\TumorDetetction\brisc2025\segmentation_task\test\masks\brisc2025_test_00089_gl_co_t1.png
brisc2025_test_00090_gl_co_t1.jpg,glioma,0,glioma,0,True,1.0,Medium,1.18865966796875,1.3763427734375,0.8804283164782868,0.7863974495217854,0.8203991130820399,0.9499358151476252,0.9974983399478049,0.9969329833984375,0.2982209622859955,3.5225980281829834,4.119210243225098,1.0,0.025245487247626146,0.025245487247626146,0.04924769250221267,1.0,0.05766099185788305,0.05766099185788305,0.10903492196794737,0.9730423620025674,0.14909520062942566,0.1484818805093046,0.25857069759508783,1.0,0.06676535899333827,0.06676535899333827,0.12517346655564807,C:\Users\vaidy\OneDrive\Desktop\Programming\COMPUTER VISION\TumorDetetction\brisc2025\classification_task\test\glioma\brisc2025_test_00090_gl_co_t1.jpg,C:\Users\vaidy\OneDrive\Desktop\Programming\COMPUTER VISION\TumorDetetction\brisc2025\segmentation_task\test\masks\brisc2025_test_00090_gl_co_t1.png
brisc2025_test_00091_gl_co_t1.jpg,glioma,0,glioma,0,True,0.9993786811828613,Large,3.47900390625,3.4027099609375,0.9547671840354767,0.9134492999575732,0.9654708520179373,0.9442982456140351,0.9987827241684584,0.99688720703125,0.2723870277404785,11.291192054748535,11.074529647827148,1.0,0.08562415502478594,0.08562415502478594,0.15774180157741802,1.0,0.18877297565822157,0.18877297565822157,0.31759297952361054,0.9719298245614035,0.505705157462346,0.49842555105713,0.6652656859801861,1.0,0.18463321742010266,0.18463321742010266,0.311713726586525,C:\Users\vaidy\OneDrive\Desktop\Programming\COMPUTER VISION\TumorDetetction\brisc2025\classification_task\test\glioma\brisc2025_test_00091_gl_co_t1.jpg,C:\Users\vaidy\OneDrive\Desktop\Programming\COMPUTER VISION\TumorDetetction\brisc2025\segmentation_task\test\masks\brisc2025_test_00091_gl_co_t1.png
brisc2025_test_00092_gl_co_t1.jpg,glioma,0,glioma,0,True,0.9871360063552856,Small,0.6988525390625,0.64849853515625,0.89920724801812,0.8168724279835391,0.9341176470588235,0.8668122270742358,0.9995697470727435,0.9986419677734375,0.2607334554195404,2.169203281402588,2.029151678085327,1.0,0.018776648081338145,0.018776648081338145,0.03686116700201207,1.0,0.04192603441962651,0.04192603441962651,0.08047794763661922,0.8602620087336245,0.10273794002607561,0.10105155167991793,0.18355462380619614,1.0,0.038905162943976564,0.038905162943976564,0.07489646664904397,C:\Users\vaidy\OneDrive\Desktop\Programming\COMPUTER VISION\TumorDetetction\brisc2025\classification_task\test\glioma\brisc2025_test_00092_gl_co_t1.jpg,C:\Users\vaidy\OneDrive\Desktop\Programming\COMPUTER VISION\TumorDetetction\brisc2025\segmentation_task\test\masks\brisc2025_test_00092_gl_co_t1.png
brisc2025_test_00093_gl_co_t1.jpg,glioma,0,glioma,0,True,0.6917917132377625,Medium,1.068115234375,1.00250244140625,0.8784082535003684,0.783180026281209,0.9071537290715372,0.8514285714285714,0.9990591646616077,0.9974822998046875,0.31731972098350525,1.7698997259140015,1.6312373876571655,1.0,0.021438196741394095,0.021438196741394095,0.04197649316382825,0.6014285714285714,0.025119331742243435,0.024708022771289397,0.04822451317296678,0.0,0.0,0.0,0.0,0.578386605783866,0.022673031026252982,0.02230439631390503,0.04363552850663145,C:\Users\vaidy\OneDrive\Desktop\Programming\COMPUTER VISION\TumorDetetction\brisc2025\classification_task\test\glioma\brisc2025_test_00093_gl_co_t1.jpg,C:\Users\vaidy\OneDrive\Desktop\Programming\COMPUTER VISION\TumorDetetction\brisc2025\segmentation_task\test\masks\brisc2025_test_00093_gl_co_t1.png
brisc2025_test_00094_gl_co_t1.jpg,glioma,0,glioma,0,True,0.9972681999206543,Small,0.57220458984375,1.14288330078125,0.597864768683274,0.4263959390862944,0.4485981308411215,0.896,0.9936618529488498,0.99310302734375,0.30749714374542236,1.2938101291656494,2.2999391555786133,1.0,0.013246670670104913,0.013246670670104913,0.026146980895272627,1.0,0.025576319738098485,0.025576319738098485,0.04987697014032054,0.23466666666666666,0.016723679209426075,0.015858713281672373,0.03122228135533085,0.890520694259012,0.045491747374164504,0.04523874118285404,0.08656154694698592,C:\Users\vaidy\OneDrive\Desktop\Programming\COMPUTER VISION\TumorDetetction\brisc2025\classification_task\test\glioma\brisc2025_test_00094_gl_co_t1.jpg,C:\Users\vaidy\OneDrive\Desktop\Programming\COMPUTER VISION\TumorDetetction\brisc2025\segmentation_task\test\masks\brisc2025_test_00094_gl_co_t1.png
brisc2025_test_00095_gl_co_t1.jpg,glioma,0,glioma,0,True,0.9748657941818237,Medium,1.24359130859375,1.37786865234375,0.830034924330617,0.709452736318408,0.7895902547065338,0.8748466257668711,0.9970643222447119,0.99554443359375,0.27571433782577515,3.1995296478271484,3.7750391960144043,1.0,0.03409613856001339,0.03409613856001339,0.0659438465895299,0.996319018404908,0.07830279652844745,0.07828015039043672,0.14519445686186858,0.35460122699386504,0.06744457409568261,0.06007067137809187,0.11333333333333333,1.0,0.0870781099324976,0.0870781099324976,0.160205801472545,C:\Users\vaidy\OneDrive\Desktop\Programming\COMPUTER VISION\TumorDetetction\brisc2025\classification_task\test\glioma\brisc2025_test_00095_gl_co_t1.jpg,C:\Users\vaidy\OneDrive\Desktop\Programming\COMPUTER VISION\TumorDetetction\brisc2025\segmentation_task\test\masks\brisc2025_test_00095_gl_co_t1.png
brisc2025_test_00096_gl_co_t1.jpg,glioma,0,glioma,0,True,0.7942074537277222,Small,0.5218505859375,0.19073486328125,0.0,0.0,0.0,0.0,0.998082645642237,0.9928741455078125,0.25450199842453003,1.827027678489685,0.5628718733787537,1.0,0.013825443667380847,0.013825443667380847,0.027273814745404523,1.0,0.027338129496402876,0.027338129496402876,0.05322128851540616,0.9970760233918129,0.06721860831854919,0.06720536066219945,0.12594644506001848,1.0,0.009992006394884092,0.009992006394884092,0.019786307874950535,C:\Users\vaidy\OneDrive\Desktop\Programming\COMPUTER VISION\TumorDetetction\brisc2025\classification_task\test\glioma\brisc2025_test_00096_gl_co_t1.jpg,C:\Users\vaidy\OneDrive\Desktop\Programming\COMPUTER VISION\TumorDetetction\brisc2025\segmentation_task\test\masks\brisc2025_test_00096_gl_co_t1.png
brisc2025_test_00097_gl_co_t1.jpg,glioma,0,glioma,0,True,0.7328428626060486,Large,7.10601806640625,3.39813232421875,0.647007553747821,0.47820485290959847,1.0,0.47820485290959847,1.0,0.962921142578125,0.29200631380081177,16.516088485717773,9.091711044311523,1.0,0.17295550768773676,0.17295550768773676,0.29490548712915177,0.7996564311788705,0.2536957558416786,0.2385344606712785,0.38518824989656597,0.3920979171140219,0.31022765885151204,0.20947573706550418,0.3463909703120554,1.0,0.1517133319708427,0.1517133319708427,0.26345676091328524,C:\Users\vaidy\OneDrive\Desktop\Programming\COMPUTER VISION\TumorDetetction\brisc2025\classification_task\test\glioma\brisc2025_test_00097_gl_co_t1.jpg,C:\Users\vaidy\OneDrive\Desktop\Programming\COMPUTER VISION\TumorDetetction\brisc2025\segmentation_task\test\masks\brisc2025_test_00097_gl_co_t1.png
brisc2025_test_00098_gl_co_t1.jpg,glioma,0,glioma,0,True,0.999988317489624,Medium,0.77056884765625,0.74310302734375,0.8971774193548387,0.8135283363802559,0.9137577002053389,0.8811881188118812,0.9993541541726254,0.998443603515625,0.3181194067001343,1.128479242324829,1.078887939453125,1.0,0.017014824797843667,0.017014824797843667,0.033460327977472254,0.35445544554455444,0.012115059221658207,0.011853519634461294,0.02342931937172775,0.0,0.0,0.0,0.0,0.32854209445585214,0.010829103214890017,0.01059462322871143,0.020967107849561,C:\Users\vaidy\OneDrive\Desktop\Programming\COMPUTER VISION\TumorDetetction\brisc2025\classification_task\test\glioma\brisc2025_test_00098_gl_co_t1.jpg,C:\Users\vaidy\OneDrive\Desktop\Programming\COMPUTER VISION\TumorDetetction\brisc2025\segmentation_task\test\masks\brisc2025_test_00098_gl_co_t1.png
brisc2025_test_00099_gl_co_t1.jpg,glioma,0,glioma,0,True,0.9916961789131165,Small,0.13275146484375,0.0457763671875,0.0,0.0,0.0,0.0,0.999541627832358,0.9982147216796875,0.3567083775997162,0.03614940494298935,0.07062441110610962,0.0,0.0,0.0,0.0,0.0,0.0,0.0,0.0,0.0,0.0,0.0,0.0,1.0,0.0016227619408232812,0.0016227619408232812,0.0032402657017875465,C:\Users\vaidy\OneDrive\Desktop\Programming\COMPUTER VISION\TumorDetetction\brisc2025\classification_task\test\glioma\brisc2025_test_00099_gl_co_t1.jpg,C:\Users\vaidy\OneDrive\Desktop\Programming\COMPUTER VISION\TumorDetetction\brisc2025\segmentation_task\test\masks\brisc2025_test_00099_gl_co_t1.png
brisc2025_test_00100_gl_co_t1.jpg,glioma,0,glioma,0,True,0.9999974966049194,Medium,0.86517333984375,0.93994140625,0.8165680473372781,0.69,0.7840909090909091,0.8518518518518519,0.9979528698302267,0.9966888427734375,0.26697275042533875,3.0555710792541504,3.328946113586426,1.0,0.024490324809951624,0.024490324809951624,0.04780977275601838,1.0,0.0498593035525853,0.0498593035525853,0.09498282938269537,1.0,0.12475247524752475,0.12475247524752475,0.22183098591549297,1.0,0.05416813225466057,0.05416813225466057,0.10276943610276944,C:\Users\vaidy\OneDrive\Desktop\Programming\COMPUTER VISION\TumorDetetction\brisc2025\classification_task\test\glioma\brisc2025_test_00100_gl_co_t1.jpg,C:\Users\vaidy\OneDrive\Desktop\Programming\COMPUTER VISION\TumorDetetction\brisc2025\segmentation_task\test\masks\brisc2025_test_00100_gl_co_t1.png
brisc2025_test_00101_gl_co_t1.jpg,glioma,0,glioma,0,True,0.9999963045120239,Medium,0.72021484375,1.18255615234375,0.7217321571772254,0.5646173149309912,0.5806451612903226,0.9533898305084746,0.9950049182343539,0.9947052001953125,0.27601972222328186,2.440530300140381,3.9156343936920166,1.0,0.018046952664984323,0.018046952664984323,0.03545406745286562,1.0,0.035478051713770296,0.035478051713770296,0.06852497096399536,1.0,0.10089781958101753,0.10089781958101753,0.1833009708737864,1.0,0.05825315694527961,0.05825315694527961,0.11009304638113503,C:\Users\vaidy\OneDrive\Desktop\Programming\COMPUTER VISION\TumorDetetction\brisc2025\classification_task\test\glioma\brisc2025_test_00101_gl_co_t1.jpg,C:\Users\vaidy\OneDrive\Desktop\Programming\COMPUTER VISION\TumorDetetction\brisc2025\segmentation_task\test\masks\brisc2025_test_00101_gl_co_t1.png
brisc2025_test_00102_gl_co_t1.jpg,glioma,0,glioma,0,True,0.9999675750732422,Medium,1.92108154296875,1.824951171875,0.9384928716904277,0.884113584036838,0.9632107023411371,0.9150119142176331,0.9993154627627301,0.9976959228515625,0.26296988129615784,5.471934795379639,5.195783615112305,1.0,0.052162744448127275,0.052162744448127275,0.09915337664894665,1.0,0.1024910452621296,0.1024910452621296,0.18592630879421104,0.4924543288324067,0.13324736728992048,0.11715797430083144,0.20974289580514208,1.0,0.09736242266362748,0.09736242266362748,0.1774480712166172,C:\Users\vaidy\OneDrive\Desktop\Programming\COMPUTER VISION\TumorDetetction\brisc2025\classification_task\test\glioma\brisc2025_test_00102_gl_co_t1.jpg,C:\Users\vaidy\OneDrive\Desktop\Programming\COMPUTER VISION\TumorDetetction\brisc2025\segmentation_task\test\masks\brisc2025_test_00102_gl_co_t1.png
brisc2025_test_00103_gl_co_t1.jpg,glioma,0,glioma,0,True,0.9999784231185913,Large,3.06396484375,2.6458740234375,0.9032602886157135,0.8235867446393762,0.9746251441753172,0.8416334661354582,0.9993073920161188,0.994476318359375,0.2601992189884186,6.873871326446533,6.266404151916504,0.9895418326693227,0.08077892511586308,0.08071002071570738,0.1493648049312185,0.6957171314741036,0.11848019676024087,0.11264312207708434,0.2024784404667005,0.17878486055776893,0.08081945069788384,0.05893941881464456,0.11131782945736435,0.7681660899653979,0.11296751759816809,0.10924300828344131,0.19696857670979667,C:\Users\vaidy\OneDrive\Desktop\Programming\COMPUTER VISION\TumorDetetction\brisc2025\classification_task\test\glioma\brisc2025_test_00103_gl_co_t1.jpg,C:\Users\vaidy\OneDrive\Desktop\Programming\COMPUTER VISION\TumorDetetction\brisc2025\segmentation_task\test\masks\brisc2025_test_00103_gl_co_t1.png
brisc2025_test_00104_gl_co_t1.jpg,glioma,0,glioma,0,True,1.0,Large,2.22320556640625,1.80816650390625,0.8448145344436033,0.7313237221494102,0.9417721518987342,0.7659574468085106,0.9989232041698528,0.993743896484375,0.2773800194263458,7.129593849182129,5.724470138549805,1.0,0.056008303221342357,0.056008303221342357,0.10607549779767755,1.0,0.1145440251572327,0.1145440251572327,0.20554419129576074,0.8977350720658888,0.23755902651652744,0.2312997347480106,0.37570012925463164,1.0,0.09316037735849056,0.09316037735849056,0.1704422869471413,C:\Users\vaidy\OneDrive\Desktop\Programming\COMPUTER VISION\TumorDetetction\brisc2025\classification_task\test\glioma\brisc2025_test_00104_gl_co_t1.jpg,C:\Users\vaidy\OneDrive\Desktop\Programming\COMPUTER VISION\TumorDetetction\brisc2025\segmentation_task\test\masks\brisc2025_test_00104_gl_co_t1.png
brisc2025_test_00105_gl_co_t1.jpg,glioma,0,glioma,0,True,0.9999998807907104,Small,0.6927490234375,2.25372314453125,0.4619368203003625,0.30033670033670035,0.3019634394041977,0.9823788546255506,0.9841584462677853,0.9841461181640625,0.25681477785110474,2.474764347076416,7.913412094116211,1.0,0.018010869996429563,0.018010869996429563,0.03538443552472624,1.0,0.03744947620226017,0.03744947620226017,0.07219527709310647,1.0,0.09288052373158756,0.09288052373158756,0.16997379258704606,1.0,0.12183452940691249,0.12183452940691249,0.21720588235294117,C:\Users\vaidy\OneDrive\Desktop\Programming\COMPUTER VISION\TumorDetetction\brisc2025\classification_task\test\glioma\brisc2025_test_00105_gl_co_t1.jpg,C:\Users\vaidy\OneDrive\Desktop\Programming\COMPUTER VISION\TumorDetetction\brisc2025\segmentation_task\test\masks\brisc2025_test_00105_gl_co_t1.png
brisc2025_test_00106_gl_co_t1.jpg,glioma,0,glioma,0,True,0.9999703168869019,Large,3.875732421875,3.3050537109375,0.8227794305142372,0.6989169675090253,0.8938134810710988,0.7622047244094489,0.9963489745380659,0.987274169921875,0.315132200717926,10.600458145141602,8.931718826293945,1.0,0.07834911625898393,0.07834911625898393,0.14531308103778712,1.0,0.16666666666666666,0.16666666666666666,0.2857142857142857,0.9645669291338582,0.46287549593803134,0.45513654096228867,0.6255585344057194,1.0,0.1421259842519685,0.1421259842519685,0.2488796966563254,C:\Users\vaidy\OneDrive\Desktop\Programming\COMPUTER VISION\TumorDetetction\brisc2025\classification_task\test\glioma\brisc2025_test_00106_gl_co_t1.jpg,C:\Users\vaidy\OneDrive\Desktop\Programming\COMPUTER VISION\TumorDetetction\brisc2025\segmentation_task\test\masks\brisc2025_test_00106_gl_co_t1.png
brisc2025_test_00107_gl_co_t1.jpg,glioma,0,glioma,0,True,0.9999994039535522,Large,4.302978515625,4.1900634765625,0.8911246855910887,0.8036292935839274,0.9031318281136198,0.8794326241134752,0.9957586580776835,0.990753173828125,0.3485768735408783,10.903132438659668,10.636561393737793,1.0,0.07895178901394255,0.07895178901394255,0.14634905807255177,1.0,0.15219385827621565,0.15219385827621565,0.26418099208393836,0.9698581560283688,0.40930859024244237,0.40416728239988176,0.575668280362029,1.0,0.14820011873279723,0.14820011873279723,0.2581433607520564,C:\Users\vaidy\OneDrive\Desktop\Programming\COMPUTER VISION\TumorDetetction\brisc2025\classification_task\test\glioma\brisc2025_test_00107_gl_co_t1.jpg,C:\Users\vaidy\OneDrive\Desktop\Programming\COMPUTER VISION\TumorDetetction\brisc2025\segmentation_task\test\masks\brisc2025_test_00107_gl_co_t1.png
brisc2025_test_00108_gl_co_t1.jpg,glioma,0,glioma,0,True,0.9999980926513672,Medium,1.6754150390625,1.66473388671875,0.9264504339881224,0.8629787234042553,0.9294225481209899,0.9234972677595629,0.9988050529190851,0.9975433349609375,0.27466264367103577,4.586021423339844,4.563851833343506,1.0,0.038837011884550084,0.038837011884550084,0.07477017364657815,1.0,0.08415727753506554,0.08415727753506554,0.1552492046659597,0.4918032786885246,0.13219094247246022,0.11630411371957786,0.20837352884429866,1.0,0.08362075572928643,0.08362075572928643,0.1543358325081341,C:\Users\vaidy\OneDrive\Desktop\Programming\COMPUTER VISION\TumorDetetction\brisc2025\classification_task\test\glioma\brisc2025_test_00108_gl_co_t1.jpg,C:\Users\vaidy\OneDrive\Desktop\Programming\COMPUTER VISION\TumorDetetction\brisc2025\segmentation_task\test\masks\brisc2025_test_00108_gl_co_t1.png
brisc2025_test_00109_gl_co_t1.jpg,glioma,0,glioma,0,True,0.9996097683906555,Medium,1.41143798828125,1.37481689453125,0.927710843373494,0.8651685393258427,0.9400665926748057,0.9156756756756756,0.9991642290012537,0.99798583984375,0.2666298747062683,2.8483164310455322,2.7654471397399902,1.0,0.03661916072842439,0.03661916072842439,0.07065113614664885,0.6205405405405405,0.05027590435315757,0.048776342624065265,0.09301571868416789,0.0075675675675675675,0.0019016571583808748,0.0015220700152207,0.00303951367781155,0.6204217536071032,0.04896207410002627,0.04753805595713921,0.09076148725442441,C:\Users\vaidy\OneDrive\Desktop\Programming\COMPUTER VISION\TumorDetetction\brisc2025\classification_task\test\glioma\brisc2025_test_00109_gl_co_t1.jpg,C:\Users\vaidy\OneDrive\Desktop\Programming\COMPUTER VISION\TumorDetetction\brisc2025\segmentation_task\test\masks\brisc2025_test_00109_gl_co_t1.png
brisc2025_test_00110_gl_co_t1.jpg,glioma,0,glioma,0,True,0.9995728135108948,Large,2.32696533203125,2.3895263671875,0.945325137495956,0.896319018404908,0.9329501915708812,0.9580327868852458,0.9983596569339644,0.9974212646484375,0.2775852084159851,5.846453666687012,5.979501247406006,1.0,0.05087403255938084,0.05087403255938084,0.09682232310085394,0.9265573770491803,0.11895942077790873,0.11784820683903252,0.21084831754084907,0.37836065573770494,0.15465022782095952,0.12331694806582603,0.219558599695586,0.9150702426564495,0.12064320592692372,0.11930730164016318,0.2131806010116037,C:\Users\vaidy\OneDrive\Desktop\Programming\COMPUTER VISION\TumorDetetction\brisc2025\classification_task\test\glioma\brisc2025_test_00110_gl_co_t1.jpg,C:\Users\vaidy\OneDrive\Desktop\Programming\COMPUTER VISION\TumorDetetction\brisc2025\segmentation_task\test\masks\brisc2025_test_00110_gl_co_t1.png
brisc2025_test_00111_gl_co_t1.jpg,glioma,0,glioma,0,True,0.9966071844100952,Small,0.4150390625,0.51116943359375,0.8237232289950577,0.7002801120448179,0.746268656716418,0.9191176470588235,0.9986975974503555,0.9983673095703125,0.36079156398773193,0.28971830010414124,0.3401776850223541,0.45955882352941174,0.003307403291527756,0.003294588967080467,0.00656754058740083,0.0,0.0,0.0,0.0,0.0,0.0,0.0,0.0,0.0,0.0,0.0,0.0,C:\Users\vaidy\OneDrive\Desktop\Programming\COMPUTER VISION\TumorDetetction\brisc2025\classification_task\test\glioma\brisc2025_test_00111_gl_co_t1.jpg,C:\Users\vaidy\OneDrive\Desktop\Programming\COMPUTER VISION\TumorDetetction\brisc2025\segmentation_task\test\masks\brisc2025_test_00111_gl_co_t1.png
brisc2025_test_00112_gl_co_t1.jpg,glioma,0,glioma,0,True,0.9999983310699463,Small,0.51422119140625,2.789306640625,0.3113163972286374,0.18435448577680524,0.18435448577680524,1.0,0.9771315510974095,0.9772491455078125,0.240514874458313,1.6242262125015259,8.790833473205566,1.0,0.013951562823432002,0.013951562823432002,0.027519189939572104,1.0,0.02954585305979309,0.02954585305979309,0.05739589542706293,0.6231454005934718,0.052763819095477386,0.05113221329437546,0.09728978457261987,1.0,0.1602665263896195,0.1602665263896195,0.27625812301647273,C:\Users\vaidy\OneDrive\Desktop\Programming\COMPUTER VISION\TumorDetetction\brisc2025\classification_task\test\glioma\brisc2025_test_00112_gl_co_t1.jpg,C:\Users\vaidy\OneDrive\Desktop\Programming\COMPUTER VISION\TumorDetetction\brisc2025\segmentation_task\test\masks\brisc2025_test_00112_gl_co_t1.png
brisc2025_test_00113_gl_co_t1.jpg,glioma,0,glioma,0,True,0.9999624490737915,Medium,1.41143798828125,2.9571533203125,0.6384910932588195,0.4689584402257568,0.4716202270381837,0.9881081081081081,0.9841513055052545,0.9842071533203125,0.24793429672718048,4.97918176651001,9.75844669342041,1.0,0.0374251497005988,0.0374251497005988,0.07215007215007214,1.0,0.08500275684616798,0.08500275684616798,0.15668671127297365,0.9156756756756756,0.23738789237668162,0.23230938014262206,0.37703093701313156,1.0,0.1780922624517552,0.1780922624517552,0.30234009360374414,C:\Users\vaidy\OneDrive\Desktop\Programming\COMPUTER VISION\TumorDetetction\brisc2025\classification_task\test\glioma\brisc2025_test_00113_gl_co_t1.jpg,C:\Users\vaidy\OneDrive\Desktop\Programming\COMPUTER VISION\TumorDetetction\brisc2025\segmentation_task\test\masks\brisc2025_test_00113_gl_co_t1.png
brisc2025_test_00114_gl_co_t1.jpg,glioma,0,glioma,0,True,0.9997095465660095,Large,3.3935546875,2.69317626953125,0.8598646277262472,0.7541776605101144,0.9716713881019831,0.7711330935251799,0.9992102602982057,0.9914703369140625,0.23646670579910278,12.181174278259277,9.663579940795898,1.0,0.09875666074600355,0.09875666074600355,0.17976075008082767,1.0,0.2186179101543301,0.2186179101543301,0.3587964830200855,0.8561151079136691,0.5340813464235624,0.4900900900900901,0.6577992744860943,1.0,0.1734984763589895,0.1734984763589895,0.2956944211760764,C:\Users\vaidy\OneDrive\Desktop\Programming\COMPUTER VISION\TumorDetetction\brisc2025\classification_task\test\glioma\brisc2025_test_00114_gl_co_t1.jpg,C:\Users\vaidy\OneDrive\Desktop\Programming\COMPUTER VISION\TumorDetetction\brisc2025\segmentation_task\test\masks\brisc2025_test_00114_gl_co_t1.png
brisc2025_test_00115_gl_co_t1.jpg,glioma,0,glioma,0,True,0.9998992681503296,Medium,0.79498291015625,0.70343017578125,0.8716904276985743,0.7725631768953068,0.928416485900217,0.8214971209213052,0.9994924248250404,0.998077392578125,0.3328084647655487,1.3444620370864868,1.1831411123275757,1.0,0.015823842065299923,0.015823842065299923,0.03115469712372182,0.727447216890595,0.0229710891569186,0.02277507361336458,0.044535840188014104,0.0,0.0,0.0,0.0,0.735357917570499,0.02054669979998788,0.020395884724144154,0.03997641509433962,C:\Users\vaidy\OneDrive\Desktop\Programming\COMPUTER VISION\TumorDetetction\brisc2025\classification_task\test\glioma\brisc2025_test_00115_gl_co_t1.jpg,C:\Users\vaidy\OneDrive\Desktop\Programming\COMPUTER VISION\TumorDetetction\brisc2025\segmentation_task\test\masks\brisc2025_test_00115_gl_co_t1.png
brisc2025_test_00116_gl_co_t1.jpg,glioma,0,glioma,0,True,0.9991562366485596,Small,0.653076171875,0.97808837890625,0.7408793264733395,0.5884101040118871,0.6177847113884556,0.9252336448598131,0.9962370215641703,0.9957733154296875,0.37082478404045105,1.0591044425964355,1.5129245519638062,1.0,0.011159201126349272,0.011159201126349272,0.022072095301944202,0.897196261682243,0.01847219549740235,0.018433179723502304,0.03619909502262444,0.0,0.0,0.0,0.0,0.7893915756630265,0.02434096594188955,0.024183912440854563,0.04722572215222362,C:\Users\vaidy\OneDrive\Desktop\Programming\COMPUTER VISION\TumorDetetction\brisc2025\classification_task\test\glioma\brisc2025_test_00116_gl_co_t1.jpg,C:\Users\vaidy\OneDrive\Desktop\Programming\COMPUTER VISION\TumorDetetction\brisc2025\segmentation_task\test\masks\brisc2025_test_00116_gl_co_t1.png
brisc2025_test_00117_gl_co_t1.jpg,glioma,0,glioma,0,True,0.9951064586639404,Medium,1.1993408203125,0.0,0.0,0.0,0.0,0.0,1.0,0.988006591796875,0.3881829082965851,1.247949242591858,0.0,0.8702290076335878,0.015400549376322781,0.015365261928295444,0.030265486725663718,0.24681933842239187,0.01006485084306096,0.009764936829918962,0.01934100991974478,0.001272264631043257,0.00018102824040550325,0.0001585037248375337,0.0003169572107765452,0.0,0.0,0.0,0.0,C:\Users\vaidy\OneDrive\Desktop\Programming\COMPUTER VISION\TumorDetetction\brisc2025\classification_task\test\glioma\brisc2025_test_00117_gl_co_t1.jpg,C:\Users\vaidy\OneDrive\Desktop\Programming\COMPUTER VISION\TumorDetetction\brisc2025\segmentation_task\test\masks\brisc2025_test_00117_gl_co_t1.png
brisc2025_test_00118_gl_co_t1.jpg,glioma,0,glioma,0,True,0.9952131509780884,Medium,1.16729736328125,0.0,0.0,0.0,0.0,0.0,1.0,0.9883270263671875,0.38740330934524536,1.9628571271896362,0.0,1.0,0.018827525103366806,0.018827525103366806,0.03695919994202478,0.9764705882352941,0.03534421575585522,0.0353141398383208,0.06821917808219179,0.1738562091503268,0.017456359102244388,0.01611925827172464,0.03172709923664122,0.0,0.0,0.0,0.0,C:\Users\vaidy\OneDrive\Desktop\Programming\COMPUTER VISION\TumorDetetction\brisc2025\classification_task\test\glioma\brisc2025_test_00118_gl_co_t1.jpg,C:\Users\vaidy\OneDrive\Desktop\Programming\COMPUTER VISION\TumorDetetction\brisc2025\segmentation_task\test\masks\brisc2025_test_00118_gl_co_t1.png
brisc2025_test_00119_gl_co_t1.jpg,glioma,0,glioma,0,True,0.9999743700027466,Medium,1.8646240234375,1.68609619140625,0.8457241082939407,0.7326880119136262,0.890497737556561,0.8052373158756138,0.9981186055913176,0.9945220947265625,0.3863970935344696,3.7548699378967285,3.502772331237793,1.0,0.03314977077286168,0.03314977077286168,0.06417224629119075,1.0,0.05441510442178386,0.05441510442178386,0.10321381815110435,0.563011456628478,0.06749730207004807,0.06413722382772444,0.1205431449846693,1.0,0.04920514761544285,0.04920514761544285,0.09379509379509379,C:\Users\vaidy\OneDrive\Desktop\Programming\COMPUTER VISION\TumorDetetction\brisc2025\classification_task\test\glioma\brisc2025_test_00119_gl_co_t1.jpg,C:\Users\vaidy\OneDrive\Desktop\Programming\COMPUTER VISION\TumorDetetction\brisc2025\segmentation_task\test\masks\brisc2025_test_00119_gl_co_t1.png
brisc2025_test_00120_gl_co_t1.jpg,glioma,0,glioma,0,True,0.9999994039535522,Medium,0.96588134765625,0.994873046875,0.9058365758754864,0.8278805120910384,0.8926380368098159,0.919431279620853,0.9989214674206123,0.9981536865234375,0.28797638416290283,3.159745693206787,3.26651930809021,1.0,0.024708224364729303,0.024708224364729303,0.04822489715069328,1.0,0.05045030684625807,0.05045030684625807,0.0960546282245827,1.0,0.13092037228541883,0.13092037228541883,0.23152889539136795,1.0,0.051964613054913525,0.051964613054913525,0.09879536328509736,C:\Users\vaidy\OneDrive\Desktop\Programming\COMPUTER VISION\TumorDetetction\brisc2025\classification_task\test\glioma\brisc2025_test_00120_gl_co_t1.jpg,C:\Users\vaidy\OneDrive\Desktop\Programming\COMPUTER VISION\TumorDetetction\brisc2025\segmentation_task\test\masks\brisc2025_test_00120_gl_co_t1.png
brisc2025_test_00121_gl_co_t1.jpg,glioma,0,glioma,0,True,0.9999428987503052,Large,3.2745361328125,2.36663818359375,0.834189883689478,0.7155452436194896,0.9941972920696325,0.7185461323392358,0.9998580217699953,0.9906463623046875,0.287322998046875,8.683694839477539,6.743744850158691,1.0,0.07383450885945295,0.07383450885945295,0.13751561949312743,0.9464119291705498,0.14243635598569324,0.14129678586336442,0.24760743675708624,0.6048462255358807,0.24923195084485408,0.214332892998679,0.35300516725591513,1.0,0.10877340626972438,0.10877340626972438,0.19620493358633775,C:\Users\vaidy\OneDrive\Desktop\Programming\COMPUTER VISION\TumorDetetction\brisc2025\classification_task\test\glioma\brisc2025_test_00121_gl_co_t1.jpg,C:\Users\vaidy\OneDrive\Desktop\Programming\COMPUTER VISION\TumorDetetction\brisc2025\segmentation_task\test\masks\brisc2025_test_00121_gl_co_t1.png
brisc2025_test_00122_gl_co_t1.jpg,glioma,0,glioma,0,True,0.9999513626098633,Medium,1.324462890625,1.08184814453125,0.663284717818643,0.49620493358633777,0.7376586741889986,0.6025345622119815,0.9971237706439042,0.9918975830078125,0.29485997557640076,3.237205743789673,2.635711431503296,1.0,0.02942472626190718,0.02942472626190718,0.05716731978792768,0.9723502304147466,0.06277893484082119,0.06266706266706266,0.11794298490776971,0.48502304147465436,0.08160496220197713,0.07509810916874778,0.13970466235274598,0.9774330042313117,0.05154715858375483,0.051485884101040116,0.09792976754045078,C:\Users\vaidy\OneDrive\Desktop\Programming\COMPUTER VISION\TumorDetetction\brisc2025\classification_task\test\glioma\brisc2025_test_00122_gl_co_t1.jpg,C:\Users\vaidy\OneDrive\Desktop\Programming\COMPUTER VISION\TumorDetetction\brisc2025\segmentation_task\test\masks\brisc2025_test_00122_gl_co_t1.png
brisc2025_test_00123_gl_co_t1.jpg,glioma,0,glioma,0,True,1.0,Medium,1.40838623046875,2.18048095703125,0.516156462585034,0.3478510028653295,0.42477256822953113,0.6576381365113759,0.9872781019299521,0.982635498046875,0.31574034690856934,3.533710479736328,5.621759414672852,1.0,0.028519342479297986,0.028519342479297986,0.055457085348634604,1.0,0.05781034698734811,0.05781034698734811,0.10930191248741784,0.6435536294691224,0.10384615384615385,0.09819804926434121,0.17883486376637062,0.9902029391182645,0.08862582988851309,0.08854818523153943,0.16269042828398966,C:\Users\vaidy\OneDrive\Desktop\Programming\COMPUTER VISION\TumorDetetction\brisc2025\classification_task\test\glioma\brisc2025_test_00123_gl_co_t1.jpg,C:\Users\vaidy\OneDrive\Desktop\Programming\COMPUTER VISION\TumorDetetction\brisc2025\segmentation_task\test\masks\brisc2025_test_00123_gl_co_t1.png
brisc2025_test_00124_gl_co_t1.jpg,glioma,0,glioma,0,True,0.9999997615814209,Medium,1.2359619140625,2.59552001953125,0.6156909597769813,0.44476409666283084,0.45443856554967665,0.9543209876543209,0.9856626394339214,0.9852752685546875,0.26275813579559326,3.9235525131225586,8.047744750976562,1.0,0.031316450802242414,0.031316450802242414,0.06073102155576383,1.0,0.0654281098546042,0.0654281098546042,0.12282031842304776,0.7481481481481481,0.13448735019973368,0.1286624203821656,0.22799097065462753,1.0,0.13739903069466883,0.13739903069466883,0.24160215893757545,C:\Users\vaidy\OneDrive\Desktop\Programming\COMPUTER VISION\TumorDetetction\brisc2025\classification_task\test\glioma\brisc2025_test_00124_gl_co_t1.jpg,C:\Users\vaidy\OneDrive\Desktop\Programming\COMPUTER VISION\TumorDetetction\brisc2025\segmentation_task\test\masks\brisc2025_test_00124_gl_co_t1.png
brisc2025_test_00125_gl_co_t1.jpg,glioma,0,glioma,0,True,0.9999926090240479,Medium,0.9521484375,1.373291015625,0.5013123359580053,0.3345008756567426,0.42444444444444446,0.6121794871794872,0.9920199654917427,0.9884033203125,0.2659451961517334,3.1054189205169678,4.06650447845459,1.0,0.023987083877911895,0.023987083877911895,0.046850364141452064,1.0,0.050477269050315486,0.050477269050315486,0.09610349607269367,0.9551282051282052,0.11748472304356397,0.11683983532640659,0.20923292961207654,1.0,0.07280375343795502,0.07280375343795502,0.13572613482129392,C:\Users\vaidy\OneDrive\Desktop\Programming\COMPUTER VISION\TumorDetetction\brisc2025\classification_task\test\glioma\brisc2025_test_00125_gl_co_t1.jpg,C:\Users\vaidy\OneDrive\Desktop\Programming\COMPUTER VISION\TumorDetetction\brisc2025\segmentation_task\test\masks\brisc2025_test_00125_gl_co_t1.png
brisc2025_test_00126_gl_co_t1.jpg,glioma,0,glioma,0,True,0.9988493919372559,Medium,1.04827880859375,0.87738037109375,0.8605388272583201,0.7552155771905424,0.9443478260869566,0.7903930131004366,0.9995065459760366,0.997314453125,0.2735344469547272,3.6803700923919678,3.095402956008911,1.0,0.027728446884081367,0.027728446884081367,0.05396064878451086,1.0,0.05360486891385768,0.05360486891385768,0.1017551655187736,1.0,0.12964710322702397,0.12964710322702397,0.22953558302706314,1.0,0.044865792759051185,0.044865792759051185,0.08587857516242252,C:\Users\vaidy\OneDrive\Desktop\Programming\COMPUTER VISION\TumorDetetction\brisc2025\classification_task\test\glioma\brisc2025_test_00126_gl_co_t1.jpg,C:\Users\vaidy\OneDrive\Desktop\Programming\COMPUTER VISION\TumorDetetction\brisc2025\segmentation_task\test\masks\brisc2025_test_00126_gl_co_t1.png
brisc2025_test_00127_gl_co_t1.jpg,glioma,0,glioma,0,True,0.9995037317276001,Medium,1.1749267578125,1.05743408203125,0.9186602870813397,0.8495575221238938,0.9696969696969697,0.8727272727272727,0.9996757557977951,0.9981842041015625,0.24028551578521729,4.312253952026367,3.90238094329834,1.0,0.035633300939423386,0.035633300939423386,0.0688145136065061,1.0,0.0717614165890028,0.0717614165890028,0.13391304347826086,0.9844155844155844,0.17805966643175947,0.17755914734129774,0.30157151382534314,1.0,0.06458527493010252,0.06458527493010252,0.12133415039831918,C:\Users\vaidy\OneDrive\Desktop\Programming\COMPUTER VISION\TumorDetetction\brisc2025\classification_task\test\glioma\brisc2025_test_00127_gl_co_t1.jpg,C:\Users\vaidy\OneDrive\Desktop\Programming\COMPUTER VISION\TumorDetetction\brisc2025\segmentation_task\test\masks\brisc2025_test_00127_gl_co_t1.png
brisc2025_test_00128_gl_co_t1.jpg,glioma,0,glioma,0,True,0.9999995231628418,Medium,0.8697509765625,0.7293701171875,0.816793893129771,0.6903225806451613,0.895397489539749,0.7508771929824561,0.9992303666533263,0.9970703125,0.2558172047138214,2.6063313484191895,2.2272140979766846,1.0,0.026002463391268646,0.026002463391268646,0.05068694144324396,1.0,0.05137449301487156,0.05137449301487156,0.0977282468924132,0.6017543859649123,0.07245458386142797,0.06913928643418665,0.12933634992458523,1.0,0.04308246958089229,0.04308246958089229,0.08260606584291022,C:\Users\vaidy\OneDrive\Desktop\Programming\COMPUTER VISION\TumorDetetction\brisc2025\classification_task\test\glioma\brisc2025_test_00128_gl_co_t1.jpg,C:\Users\vaidy\OneDrive\Desktop\Programming\COMPUTER VISION\TumorDetetction\brisc2025\segmentation_task\test\masks\brisc2025_test_00128_gl_co_t1.png
brisc2025_test_00129_gl_co_t1.jpg,glioma,0,glioma,0,True,0.9999986886978149,Medium,1.18255615234375,1.19476318359375,0.9229781771501926,0.8569725864123957,0.9182630906768838,0.927741935483871,0.9990117508994611,0.9981689453125,0.3353385329246521,3.232499599456787,3.264906883239746,1.0,0.021449130964242225,0.021449130964242225,0.041997453057685534,1.0,0.05152925531914894,0.05152925531914894,0.09800822004426178,1.0,0.13651576536903293,0.13651576536903293,0.2402355858648481,1.0,0.052061170212765955,0.052061170212765955,0.09896985400998547,C:\Users\vaidy\OneDrive\Desktop\Programming\COMPUTER VISION\TumorDetetction\brisc2025\classification_task\test\glioma\brisc2025_test_00129_gl_co_t1.jpg,C:\Users\vaidy\OneDrive\Desktop\Programming\COMPUTER VISION\TumorDetetction\brisc2025\segmentation_task\test\masks\brisc2025_test_00129_gl_co_t1.png
brisc2025_test_00130_gl_co_t1.jpg,glioma,0,glioma,0,True,0.999966025352478,Large,2.8839111328125,2.044677734375,0.8204334365325078,0.6955380577427821,0.9888059701492538,0.701058201058201,0.9997643214027591,0.99114990234375,0.2748681902885437,7.320426940917969,5.3256001472473145,1.0,0.0744592837726037,0.0744592837726037,0.13859861401385987,0.9365079365079365,0.14614812979935596,0.14471425067451557,0.2528390829226484,0.37566137566137564,0.17199612403100775,0.13376036171816127,0.23595879029577932,0.9567164179104478,0.10585418214846008,0.10534965896951269,0.19061779793323916,C:\Users\vaidy\OneDrive\Desktop\Programming\COMPUTER VISION\TumorDetetction\brisc2025\classification_task\test\glioma\brisc2025_test_00130_gl_co_t1.jpg,C:\Users\vaidy\OneDrive\Desktop\Programming\COMPUTER VISION\TumorDetetction\brisc2025\segmentation_task\test\masks\brisc2025_test_00130_gl_co_t1.png
brisc2025_test_00131_gl_co_t1.jpg,glioma,0,glioma,0,True,0.9999971389770508,Medium,0.9521484375,0.0,0.0,0.0,0.0,0.0,1.0,0.990478515625,0.32558852434158325,2.7742979526519775,0.0,1.0,0.01846099227833496,0.01846099227833496,0.03625272331154684,1.0,0.043709722611375734,0.043709722611375734,0.08375838926174496,1.0,0.11908396946564885,0.11908396946564885,0.21282401091405184,0.0,0.0,0.0,0.0,C:\Users\vaidy\OneDrive\Desktop\Programming\COMPUTER VISION\TumorDetetction\brisc2025\classification_task\test\glioma\brisc2025_test_00131_gl_co_t1.jpg,C:\Users\vaidy\OneDrive\Desktop\Programming\COMPUTER VISION\TumorDetetction\brisc2025\segmentation_task\test\masks\brisc2025_test_00131_gl_co_t1.png
brisc2025_test_00132_gl_co_t1.jpg,glioma,0,glioma,0,True,0.9998949766159058,Medium,1.19781494140625,1.67083740234375,0.0,0.0,0.0,0.0,0.9830890642615558,0.9713134765625,0.2771247327327728,4.070955276489258,4.57074499130249,1.0,0.027908134243458477,0.027908134243458477,0.05430083353508802,1.0,0.05782262816735415,0.05782262816735415,0.1093238632407214,1.0,0.14955229567536674,0.14955229567536674,0.26019224395094465,1.0,0.0806570418385386,0.0806570418385386,0.14927407811328472,C:\Users\vaidy\OneDrive\Desktop\Programming\COMPUTER VISION\TumorDetetction\brisc2025\classification_task\test\glioma\brisc2025_test_00132_gl_co_t1.jpg,C:\Users\vaidy\OneDrive\Desktop\Programming\COMPUTER VISION\TumorDetetction\brisc2025\segmentation_task\test\masks\brisc2025_test_00132_gl_co_t1.png
brisc2025_test_00133_gl_co_t1.jpg,glioma,0,glioma,0,True,0.9999984502792358,Medium,1.1474609375,1.66778564453125,0.7544715447154472,0.6057441253263708,0.636779505946935,0.925531914893617,0.9938719436897999,0.9930877685546875,0.2515205442905426,2.7138850688934326,3.8545641899108887,1.0,0.03130854739997502,0.03130854739997502,0.060716160025836664,0.8045212765957447,0.055868501246652505,0.055120262390670555,0.10448147828339521,0.0797872340425532,0.016474464579901153,0.01384402399630826,0.027309968138370506,0.7950594693504117,0.08024748360882815,0.0786211888175156,0.14578090924341552,C:\Users\vaidy\OneDrive\Desktop\Programming\COMPUTER VISION\TumorDetetction\brisc2025\classification_task\test\glioma\brisc2025_test_00133_gl_co_t1.jpg,C:\Users\vaidy\OneDrive\Desktop\Programming\COMPUTER VISION\TumorDetetction\brisc2025\segmentation_task\test\masks\brisc2025_test_00133_gl_co_t1.png
brisc2025_test_00134_gl_co_t1.jpg,glioma,0,glioma,0,True,0.999826967716217,Large,5.00640869140625,4.083251953125,0.8940741984220245,0.8084395871281117,0.9951420029895366,0.8116427918317586,0.9997911814312104,0.9903717041015625,0.314790278673172,13.708888053894043,11.572332382202148,1.0,0.11289656596242516,0.11289656596242516,0.20288779643199456,0.9871990246875952,0.21406384244266738,0.2134712976998616,0.3518357592874212,0.7778116427918318,0.3501166140760049,0.3182838613120479,0.482876064333018,1.0,0.1768554622959487,0.1768554622959487,0.30055596113887795,C:\Users\vaidy\OneDrive\Desktop\Programming\COMPUTER VISION\TumorDetetction\brisc2025\classification_task\test\glioma\brisc2025_test_00134_gl_co_t1.jpg,C:\Users\vaidy\OneDrive\Desktop\Programming\COMPUTER VISION\TumorDetetction\brisc2025\segmentation_task\test\masks\brisc2025_test_00134_gl_co_t1.png
brisc2025_test_00135_gl_co_t1.jpg,glioma,0,glioma,0,True,0.9999996423721313,Medium,0.99945068359375,0.78887939453125,0.0,0.0,0.0,0.0,0.9920315654814198,0.98211669921875,0.250517874956131,2.763641834259033,2.552813768386841,1.0,0.028076642805092374,0.028076642805092374,0.05461974649766511,0.9954198473282443,0.05939692083447208,0.059380692167577416,0.11210453920220083,0.31755725190839695,0.04789316140916417,0.043423799582463465,0.08323329331732693,1.0,0.04709847863715041,0.04709847863715041,0.08995997911954064,C:\Users\vaidy\OneDrive\Desktop\Programming\COMPUTER VISION\TumorDetetction\brisc2025\classification_task\test\glioma\brisc2025_test_00135_gl_co_t1.jpg,C:\Users\vaidy\OneDrive\Desktop\Programming\COMPUTER VISION\TumorDetetction\brisc2025\segmentation_task\test\masks\brisc2025_test_00135_gl_co_t1.png
brisc2025_test_00136_gl_co_t1.jpg,glioma,0,glioma,0,True,0.9998687505722046,Medium,1.55181884765625,2.14996337890625,0.8037922506183017,0.6719503790489317,0.6919801277501775,0.9587020648967551,0.9932732993381794,0.99273681640625,0.30607670545578003,4.337795734405518,5.972524166107178,1.0,0.03236791852323361,0.03236791852323361,0.0627061688812159,1.0,0.07167524138417083,0.07167524138417083,0.13376298829409444,0.9891838741396264,0.21732555627565348,0.2168103448275862,0.3563584838823946,1.0,0.09930227641130453,0.09930227641130453,0.18066418771637388,C:\Users\vaidy\OneDrive\Desktop\Programming\COMPUTER VISION\TumorDetetction\brisc2025\classification_task\test\glioma\brisc2025_test_00136_gl_co_t1.jpg,C:\Users\vaidy\OneDrive\Desktop\Programming\COMPUTER VISION\TumorDetetction\brisc2025\segmentation_task\test\masks\brisc2025_test_00136_gl_co_t1.png
brisc2025_test_00137_gl_co_t1.jpg,glioma,0,glioma,0,True,0.9176067113876343,Medium,1.239013671875,1.56707763671875,0.5241979336595977,0.35519528371407516,0.46932814021421615,0.5935960591133005,0.9915796304307521,0.9866485595703125,0.3494667410850525,2.8520541191101074,3.8762972354888916,1.0,0.02108597990080241,0.02108597990080241,0.04130108593372498,1.0,0.04391325509707425,0.04391325509707425,0.08413200020722167,0.6945812807881774,0.0788700880995665,0.07622651709690499,0.1416551550923019,0.9951314508276533,0.055270131415283114,0.055255190311418685,0.10472384465621477,C:\Users\vaidy\OneDrive\Desktop\Programming\COMPUTER VISION\TumorDetetction\brisc2025\classification_task\test\glioma\brisc2025_test_00137_gl_co_t1.jpg,C:\Users\vaidy\OneDrive\Desktop\Programming\COMPUTER VISION\TumorDetetction\brisc2025\segmentation_task\test\masks\brisc2025_test_00137_gl_co_t1.png
brisc2025_test_00138_gl_co_t1.jpg,glioma,0,glioma,0,True,0.9999980926513672,Large,2.8717041015625,2.7374267578125,0.9303590859630033,0.8697863682604272,0.9531772575250836,0.9086078639744952,0.9986803657272127,0.99609375,0.2835577428340912,9.10660457611084,8.696625709533691,1.0,0.06279612946279613,0.06279612946279613,0.11817154338817029,1.0,0.14788621719314787,0.14788621719314787,0.2576670317634173,1.0,0.456907016266084,0.456907016266084,0.6272287952007999,1.0,0.14097123998114097,0.14097123998114097,0.24710743801652893,C:\Users\vaidy\OneDrive\Desktop\Programming\COMPUTER VISION\TumorDetetction\brisc2025\classification_task\test\glioma\brisc2025_test_00138_gl_co_t1.jpg,C:\Users\vaidy\OneDrive\Desktop\Programming\COMPUTER VISION\TumorDetetction\brisc2025\segmentation_task\test\masks\brisc2025_test_00138_gl_co_t1.png
brisc2025_test_00139_gl_co_t1.jpg,glioma,0,glioma,0,True,0.9997212290763855,Medium,0.89111328125,1.361083984375,0.7371273712737128,0.5836909871244635,0.6098654708520179,0.9315068493150684,0.9946421973149403,0.99407958984375,0.40323707461357117,1.0397027730941772,1.310437798500061,0.9914383561643836,0.014789649799484023,0.014787761148286255,0.029144539803186268,0.4143835616438356,0.009753345155569885,0.009620736264610002,0.019058119388880138,0.0,0.0,0.0,0.0,0.2623318385650224,0.009430920522327906,0.009187279151943463,0.018207282913165267,C:\Users\vaidy\OneDrive\Desktop\Programming\COMPUTER VISION\TumorDetetction\brisc2025\classification_task\test\glioma\brisc2025_test_00139_gl_co_t1.jpg,C:\Users\vaidy\OneDrive\Desktop\Programming\COMPUTER VISION\TumorDetetction\brisc2025\segmentation_task\test\masks\brisc2025_test_00139_gl_co_t1.png
brisc2025_test_00140_gl_co_t1.jpg,glioma,0,glioma,0,True,0.9999908208847046,Small,0.35247802734375,0.0,0.0,0.0,0.0,0.0,1.0,0.9964752197265625,0.3599870204925537,0.7154808640480042,0.0,1.0,0.006333278499753249,0.006333278499753249,0.012586841029832449,1.0,0.010934393638170975,0.010934393638170975,0.021632251720747297,0.3463203463203463,0.009860717367188463,0.00968054211035818,0.019175455417066157,0.0,0.0,0.0,0.0,C:\Users\vaidy\OneDrive\Desktop\Programming\COMPUTER VISION\TumorDetetction\brisc2025\classification_task\test\glioma\brisc2025_test_00140_gl_co_t1.jpg,C:\Users\vaidy\OneDrive\Desktop\Programming\COMPUTER VISION\TumorDetetction\brisc2025\segmentation_task\test\masks\brisc2025_test_00140_gl_co_t1.png
brisc2025_test_00141_gl_co_t1.jpg,glioma,0,glioma,0,True,0.9999804496765137,Medium,1.4007568359375,0.7904052734375,0.6476323119777159,0.4788877445932029,0.8976833976833977,0.5065359477124183,0.9991797951035315,0.992279052734375,0.26993435621261597,3.3876523971557617,1.864223599433899,1.0,0.03492884864165589,0.03492884864165589,0.0675,0.9455337690631809,0.07090923944122213,0.07062077943210479,0.13192491830686223,0.12745098039215685,0.026470588235294117,0.022409500095767095,0.04383664293742975,0.9864864864864865,0.04174495547749367,0.041721097322011756,0.08010032134179795,C:\Users\vaidy\OneDrive\Desktop\Programming\COMPUTER VISION\TumorDetetction\brisc2025\classification_task\test\glioma\brisc2025_test_00141_gl_co_t1.jpg,C:\Users\vaidy\OneDrive\Desktop\Programming\COMPUTER VISION\TumorDetetction\brisc2025\segmentation_task\test\masks\brisc2025_test_00141_gl_co_t1.png
brisc2025_test_00142_gl_co_t1.jpg,glioma,0,glioma,0,True,0.9992799162864685,Small,0.31585693359375,0.35858154296875,0.8054298642533937,0.6742424242424242,0.7574468085106383,0.8599033816425121,0.9991274931500559,0.998687744140625,0.3394712805747986,0.6811063885688782,0.7783296704292297,1.0,0.006129882436554236,0.006129882436554236,0.012185071815399105,1.0,0.011804288321167884,0.011804288321167884,0.023333145465817506,0.20772946859903382,0.007196652719665272,0.00700439811044144,0.013911355548366224,1.0,0.013401003649635037,0.013401003649635037,0.026447583141072532,C:\Users\vaidy\OneDrive\Desktop\Programming\COMPUTER VISION\TumorDetetction\brisc2025\classification_task\test\glioma\brisc2025_test_00142_gl_co_t1.jpg,C:\Users\vaidy\OneDrive\Desktop\Programming\COMPUTER VISION\TumorDetetction\brisc2025\segmentation_task\test\masks\brisc2025_test_00142_gl_co_t1.png
brisc2025_test_00143_gl_co_t1.jpg,glioma,0,glioma,0,True,0.9982787370681763,Medium,1.116943359375,1.02996826171875,0.6993603411513859,0.5377049180327869,0.7288888888888889,0.6721311475409836,0.9971761002407259,0.9935455322265625,0.3842006325721741,1.8180181980133057,1.7257508039474487,1.0,0.017335291052905794,0.017335291052905794,0.03407979887331813,1.0,0.037360281733272084,0.037360281733272084,0.07202952029520296,0.00819672131147541,0.001201923076923077,0.001049317943336831,0.0020964360587002098,1.0,0.034451079467156635,0.034451079467156635,0.06660746003552398,C:\Users\vaidy\OneDrive\Desktop\Programming\COMPUTER VISION\TumorDetetction\brisc2025\classification_task\test\glioma\brisc2025_test_00143_gl_co_t1.jpg,C:\Users\vaidy\OneDrive\Desktop\Programming\COMPUTER VISION\TumorDetetction\brisc2025\segmentation_task\test\masks\brisc2025_test_00143_gl_co_t1.png
brisc2025_test_00144_gl_co_t1.jpg,glioma,0,meningioma,1,False,0.9893982410430908,Small,0.19683837890625,2.06146240234375,0.15675675675675677,0.08504398826979472,0.08586232420429311,0.8992248062015504,0.9811182289357409,0.98095703125,0.3348044455051422,0.5025109052658081,4.304509162902832,1.0,0.003800265134776845,0.003800265134776845,0.007571755590773024,1.0,0.008260229237369533,0.008260229237369533,0.01638511367966468,1.0,0.021920135938827526,0.021920135938827526,0.04289990023279015,0.923760177646188,0.0799129154126913,0.07938931297709924,0.1471004243281471,C:\Users\vaidy\OneDrive\Desktop\Programming\COMPUTER VISION\TumorDetetction\brisc2025\classification_task\test\glioma\brisc2025_test_00144_gl_co_t1.jpg,C:\Users\vaidy\OneDrive\Desktop\Programming\COMPUTER VISION\TumorDetetction\brisc2025\segmentation_task\test\masks\brisc2025_test_00144_gl_co_t1.png
brisc2025_test_00145_gl_co_t1.jpg,glioma,0,glioma,0,True,0.9952549934387207,Medium,1.43280029296875,2.4505615234375,0.7001964636542239,0.5386940749697703,0.5547945205479452,0.9488817891373802,0.9889313745220366,0.9883575439453125,0.2797623872756958,4.734924793243408,8.01407241821289,1.0,0.03675146771037182,0.03675146771037182,0.07089735361848315,1.0,0.0754701816428227,0.0754701816428227,0.1403482549884164,1.0,0.18218859138533178,0.18218859138533178,0.3082225504677499,1.0,0.1290789262176499,0.1290789262176499,0.22864464692482916,C:\Users\vaidy\OneDrive\Desktop\Programming\COMPUTER VISION\TumorDetetction\brisc2025\classification_task\test\glioma\brisc2025_test_00145_gl_co_t1.jpg,C:\Users\vaidy\OneDrive\Desktop\Programming\COMPUTER VISION\TumorDetetction\brisc2025\segmentation_task\test\masks\brisc2025_test_00145_gl_co_t1.png
brisc2025_test_00146_gl_co_t1.jpg,glioma,0,glioma,0,True,0.9195451140403748,Small,0.31585693359375,0.58746337890625,0.6081081081081081,0.4368932038834951,0.4675324675324675,0.8695652173913043,0.9968620367677448,0.9964599609375,0.23195889592170715,1.0497766733169556,1.762294054031372,1.0,0.010365029292474088,0.010365029292474088,0.020517395182872437,1.0,0.021176470588235293,0.021176470588235293,0.041474654377880185,0.6183574879227053,0.03118148599269184,0.030592734225621414,0.059369202226345084,1.0,0.03938618925831202,0.03938618925831202,0.07578740157480315,C:\Users\vaidy\OneDrive\Desktop\Programming\COMPUTER VISION\TumorDetetction\brisc2025\classification_task\test\glioma\brisc2025_test_00146_gl_co_t1.jpg,C:\Users\vaidy\OneDrive\Desktop\Programming\COMPUTER VISION\TumorDetetction\brisc2025\segmentation_task\test\masks\brisc2025_test_00146_gl_co_t1.png
brisc2025_test_00147_gl_co_t1.jpg,glioma,0,glioma,0,True,0.8746391534805298,Medium,1.46942138671875,1.26800537109375,0.915273132664437,0.8437821171634121,0.9879663056558363,0.8525441329179647,0.9998451365121646,0.9976806640625,0.24106572568416595,4.543594837188721,3.9638898372650146,1.0,0.046743034656829434,0.046743034656829434,0.0893113841873406,1.0,0.1063500828271673,0.1063500828271673,0.192253942902775,0.5015576323987538,0.148159509202454,0.12914438502673797,0.2287473360170495,1.0,0.09177250138045279,0.09177250138045279,0.168116528424034,C:\Users\vaidy\OneDrive\Desktop\Programming\COMPUTER VISION\TumorDetetction\brisc2025\classification_task\test\glioma\brisc2025_test_00147_gl_co_t1.jpg,C:\Users\vaidy\OneDrive\Desktop\Programming\COMPUTER VISION\TumorDetetction\brisc2025\segmentation_task\test\masks\brisc2025_test_00147_gl_co_t1.png
brisc2025_test_00148_gl_co_t1.jpg,glioma,0,glioma,0,True,0.9488956928253174,Medium,0.92010498046875,0.95672607421875,0.9056910569105691,0.8276374442793462,0.8883572567783095,0.9237147595356551,0.9989219657185099,0.99822998046875,0.24438315629959106,3.067288875579834,3.1602323055267334,1.0,0.03008681768286598,0.03008681768286598,0.058416081375635746,1.0,0.07084116541353383,0.07084116541353383,0.13230938014262206,0.8723051409618574,0.20651747153513939,0.20045731707317074,0.33396825396825397,1.0,0.07366071428571429,0.07366071428571429,0.13721413721413722,C:\Users\vaidy\OneDrive\Desktop\Programming\COMPUTER VISION\TumorDetetction\brisc2025\classification_task\test\glioma\brisc2025_test_00148_gl_co_t1.jpg,C:\Users\vaidy\OneDrive\Desktop\Programming\COMPUTER VISION\TumorDetetction\brisc2025\segmentation_task\test\masks\brisc2025_test_00148_gl_co_t1.png
brisc2025_test_00149_gl_co_t1.jpg,glioma,0,meningioma,1,False,0.5300411581993103,Small,0.67596435546875,0.6134033203125,0.8757396449704142,0.7789473684210526,0.9203980099502488,0.835214446952596,0.999508395680027,0.9983978271484375,0.31645387411117554,0.9641386270523071,0.8448059558868408,1.0,0.013495399987814537,0.013495399987814537,0.026631398599296644,0.28893905191873587,0.009829519275072954,0.009597360725800405,0.019012253991830673,0.0,0.0,0.0,0.0,0.208955223880597,0.006450622024266626,0.006296851574212893,0.012514898688915376,C:\Users\vaidy\OneDrive\Desktop\Programming\COMPUTER VISION\TumorDetetction\brisc2025\classification_task\test\glioma\brisc2025_test_00149_gl_co_t1.jpg,C:\Users\vaidy\OneDrive\Desktop\Programming\COMPUTER VISION\TumorDetetction\brisc2025\segmentation_task\test\masks\brisc2025_test_00149_gl_co_t1.png
brisc2025_test_00150_gl_co_t1.jpg,glioma,0,meningioma,1,False,0.6638792753219604,Medium,0.92620849609375,1.1016845703125,0.7900677200902935,0.6529850746268657,0.7271468144044322,0.8649093904448105,0.996965916616612,0.9957427978515625,0.3320299983024597,2.16593337059021,2.6806652545928955,1.0,0.016902898833226588,0.016902898833226588,0.033243879730543845,1.0,0.045056413301662705,0.045056413301662705,0.0862277150365793,0.6293245469522241,0.07547915431732859,0.07226636398032539,0.13479181369089627,1.0,0.053592636579572445,0.053592636579572445,0.10173312667324222,C:\Users\vaidy\OneDrive\Desktop\Programming\COMPUTER VISION\TumorDetetction\brisc2025\classification_task\test\glioma\brisc2025_test_00150_gl_co_t1.jpg,C:\Users\vaidy\OneDrive\Desktop\Programming\COMPUTER VISION\TumorDetetction\brisc2025\segmentation_task\test\masks\brisc2025_test_00150_gl_co_t1.png
brisc2025_test_00151_gl_co_t1.jpg,glioma,0,glioma,0,True,0.5887424349784851,Medium,1.4404296875,0.8453369140625,0.40186915887850466,0.25146198830409355,0.5433212996389891,0.3188559322033898,0.99608310626703,0.986328125,0.33927491307258606,1.990079641342163,1.6985145807266235,0.961864406779661,0.027349397590361445,0.02731977373931881,0.053186504217432054,0.4258474576271186,0.0220249835634451,0.021389805256996915,0.041883725776203376,0.0,0.0,0.0,0.0,0.8140794223826715,0.024709620863467018,0.02457096159084718,0.04796341593108582,C:\Users\vaidy\OneDrive\Desktop\Programming\COMPUTER VISION\TumorDetetction\brisc2025\classification_task\test\glioma\brisc2025_test_00151_gl_co_t1.jpg,C:\Users\vaidy\OneDrive\Desktop\Programming\COMPUTER VISION\TumorDetetction\brisc2025\segmentation_task\test\masks\brisc2025_test_00151_gl_co_t1.png
brisc2025_test_00152_gl_co_t1.jpg,glioma,0,glioma,0,True,0.9996541738510132,Large,3.0914306640625,2.5177001953125,0.8830250272034821,0.7905504140282513,0.9836363636363636,0.8010858835143139,0.999574870099197,0.993438720703125,0.24971428513526917,8.656756401062012,7.014288902282715,1.0,0.08770942465041777,0.08770942465041777,0.16127363184079602,0.8751233958538993,0.15421414281986606,0.1508936170212766,0.2622199216150263,0.43139190523198423,0.21432074546346247,0.16711281070745698,0.28636959370904325,0.863030303030303,0.12385839784291554,0.12147061332423441,0.2166273674602571,C:\Users\vaidy\OneDrive\Desktop\Programming\COMPUTER VISION\TumorDetetction\brisc2025\classification_task\test\glioma\brisc2025_test_00152_gl_co_t1.jpg,C:\Users\vaidy\OneDrive\Desktop\Programming\COMPUTER VISION\TumorDetetction\brisc2025\segmentation_task\test\masks\brisc2025_test_00152_gl_co_t1.png
brisc2025_test_00153_gl_co_t1.jpg,glioma,0,glioma,0,True,0.9999834299087524,Medium,1.80206298828125,1.6448974609375,0.9225320938468349,0.8562037797863599,0.9666048237476809,0.882303132938188,0.9994406029057571,0.9973297119140625,0.25524866580963135,6.357491970062256,5.845091342926025,1.0,0.049829121134129364,0.049829121134129364,0.09492806044530182,1.0,0.1036055794367927,0.1036055794367927,0.18775834658187598,0.9932260795935648,0.2724738675958188,0.2719684674240668,0.4276339773970106,1.0,0.09456969909641197,0.09456969909641197,0.17279794822473352,C:\Users\vaidy\OneDrive\Desktop\Programming\COMPUTER VISION\TumorDetetction\brisc2025\classification_task\test\glioma\brisc2025_test_00153_gl_co_t1.jpg,C:\Users\vaidy\OneDrive\Desktop\Programming\COMPUTER VISION\TumorDetetction\brisc2025\segmentation_task\test\masks\brisc2025_test_00153_gl_co_t1.png
brisc2025_test_00154_gl_co_t1.jpg,glioma,0,glioma,0,True,0.9127621054649353,Large,2.1514892578125,1.03607177734375,0.6242221158449018,0.453723034098817,0.9602356406480118,0.4624113475177305,0.9995789539344415,0.9880218505859375,0.2892473340034485,6.611746788024902,3.168637752532959,1.0,0.04844694887300715,0.04844694887300715,0.09241659566100806,1.0,0.11727522249022707,0.11727522249022707,0.2099307675128415,0.9659574468085106,0.4079065588499551,0.4021257750221435,0.5735944409349337,1.0,0.05647508941196041,0.05647508941196041,0.10691229727601953,C:\Users\vaidy\OneDrive\Desktop\Programming\COMPUTER VISION\TumorDetetction\brisc2025\classification_task\test\glioma\brisc2025_test_00154_gl_co_t1.jpg,C:\Users\vaidy\OneDrive\Desktop\Programming\COMPUTER VISION\TumorDetetction\brisc2025\segmentation_task\test\masks\brisc2025_test_00154_gl_co_t1.png
brisc2025_test_00155_gl_co_t1.jpg,glioma,0,glioma,0,True,0.9990984201431274,Large,6.96258544921875,5.38177490234375,0.8699629171817058,0.7698534237584773,0.9977317833853133,0.7712031558185405,0.9998687943843997,0.98394775390625,0.30128228664398193,15.166643142700195,12.216569900512695,0.9892614507999123,0.152088948787062,0.15183827239395875,0.26364512455100314,0.7538899846592154,0.24742861252966986,0.22893651004924798,0.3725766273150655,0.3745342976112207,0.32928709055876687,0.2124564893088016,0.35045626986568235,0.8154238729798696,0.20686182838236353,0.19760890476844853,0.3300057372346529,C:\Users\vaidy\OneDrive\Desktop\Programming\COMPUTER VISION\TumorDetetction\brisc2025\classification_task\test\glioma\brisc2025_test_00155_gl_co_t1.jpg,C:\Users\vaidy\OneDrive\Desktop\Programming\COMPUTER VISION\TumorDetetction\brisc2025\segmentation_task\test\masks\brisc2025_test_00155_gl_co_t1.png
brisc2025_test_00156_gl_co_t1.jpg,glioma,0,glioma,0,True,0.9854802489280701,Large,3.07464599609375,2.24761962890625,0.7047018348623854,0.5440460380699425,0.8343516632722335,0.609925558312655,0.9961587506493915,0.984283447265625,0.292768657207489,9.20496654510498,6.580678939819336,1.0,0.06636148070082994,0.06636148070082994,0.12446338676302542,1.0,0.17333333333333334,0.17333333333333334,0.29545454545454547,0.9409429280397023,0.5041212443499069,0.488659793814433,0.6565096952908587,1.0,0.12670967741935485,0.12670967741935485,0.22491983508932661,C:\Users\vaidy\OneDrive\Desktop\Programming\COMPUTER VISION\TumorDetetction\brisc2025\classification_task\test\glioma\brisc2025_test_00156_gl_co_t1.jpg,C:\Users\vaidy\OneDrive\Desktop\Programming\COMPUTER VISION\TumorDetetction\brisc2025\segmentation_task\test\masks\brisc2025_test_00156_gl_co_t1.png
brisc2025_test_00157_gl_co_t1.jpg,glioma,0,glioma,0,True,0.9999896287918091,Large,6.3323974609375,3.65447998046875,0.7022154316271964,0.5410878267012008,0.9594989561586639,0.5537349397590361,0.9984198351415632,0.9702606201171875,0.2559032142162323,21.093778610229492,11.925434112548828,1.0,0.18329579082196015,0.18329579082196015,0.3098055317084095,1.0,0.34522918226437066,0.34522918226437066,0.5132644858079277,0.8081927710843374,0.6801865747312918,0.5856469355683604,0.7386851668318467,1.0,0.199234672656185,0.199234672656185,0.3322697003329634,C:\Users\vaidy\OneDrive\Desktop\Programming\COMPUTER VISION\TumorDetetction\brisc2025\classification_task\test\glioma\brisc2025_test_00157_gl_co_t1.jpg,C:\Users\vaidy\OneDrive\Desktop\Programming\COMPUTER VISION\TumorDetetction\brisc2025\segmentation_task\test\masks\brisc2025_test_00157_gl_co_t1.png
brisc2025_test_00158_gl_co_t1.jpg,glioma,0,glioma,0,True,0.9964285492897034,Large,4.83856201171875,3.40728759765625,0.6780162842339008,0.5128779395296752,0.8204209583519928,0.5777357300536109,0.993570111440712,0.97344970703125,0.28434988856315613,13.438515663146973,8.378596305847168,1.0,0.11806538089209918,0.11806538089209918,0.21119584401744979,0.9703563544623147,0.25283483976992605,0.2508969341161122,0.40114725246072613,0.6590980763166193,0.4661016949152542,0.3755615453728661,0.5460483344219464,0.8952082400358262,0.16425636811832375,0.1611576910673976,0.27758105950149276,C:\Users\vaidy\OneDrive\Desktop\Programming\COMPUTER VISION\TumorDetetction\brisc2025\classification_task\test\glioma\brisc2025_test_00158_gl_co_t1.jpg,C:\Users\vaidy\OneDrive\Desktop\Programming\COMPUTER VISION\TumorDetetction\brisc2025\segmentation_task\test\masks\brisc2025_test_00158_gl_co_t1.png
brisc2025_test_00159_gl_co_t1.jpg,glioma,0,glioma,0,True,0.9998996257781982,Medium,2.11334228515625,1.9775390625,0.916822081312943,0.8464187327823691,0.9483024691358025,0.8873646209386281,0.9989555891568331,0.9965972900390625,0.2849069833755493,5.984066009521484,5.608087539672852,1.0,0.05119769333136182,0.05119769333136182,0.09740830608010691,1.0,0.09845738252648041,0.09845738252648041,0.1792648200880145,0.7061371841155235,0.17520601934790397,0.16329938220070128,0.2807521171235826,1.0,0.09213051823416507,0.09213051823416507,0.1687170474516696,C:\Users\vaidy\OneDrive\Desktop\Programming\COMPUTER VISION\TumorDetetction\brisc2025\classification_task\test\glioma\brisc2025_test_00159_gl_co_t1.jpg,C:\Users\vaidy\OneDrive\Desktop\Programming\COMPUTER VISION\TumorDetetction\brisc2025\segmentation_task\test\masks\brisc2025_test_00159_gl_co_t1.png
brisc2025_test_00160_gl_co_t1.jpg,glioma,0,glioma,0,True,0.903399646282196,Large,3.06549072265625,1.959228515625,0.7525053143030671,0.6032132424537487,0.9649532710280374,0.6167247386759582,0.9992916397752137,0.9875640869140625,0.32399874925613403,8.09119701385498,5.211615085601807,1.0,0.06706502870877287,0.06706502870877287,0.12569998435789145,1.0,0.12054482179287171,0.12054482179287171,0.21515394912985275,0.8909905425584869,0.32404055032585083,0.3116837889604736,0.4752422673569627,1.0,0.07704308172326893,0.07704308172326893,0.1430640668523677,C:\Users\vaidy\OneDrive\Desktop\Programming\COMPUTER VISION\TumorDetetction\brisc2025\classification_task\test\glioma\brisc2025_test_00160_gl_co_t1.jpg,C:\Users\vaidy\OneDrive\Desktop\Programming\COMPUTER VISION\TumorDetetction\brisc2025\segmentation_task\test\masks\brisc2025_test_00160_gl_co_t1.png
brisc2025_test_00161_gl_co_t1.jpg,glioma,0,glioma,0,True,0.8503325581550598,Large,4.0802001953125,3.66363525390625,0.8863054187192119,0.7958244869072895,0.9366930445647647,0.8410620792819745,0.9975820050268843,0.9911956787109375,0.34194880723953247,9.569336891174316,8.743046760559082,1.0,0.06845352379489543,0.06845352379489543,0.12813570692670773,0.9607329842931938,0.16368270149729214,0.16259493670886077,0.27971038162120965,0.6791323859386686,0.42321137264041014,0.35268984268790055,0.5214644651830581,0.9816743023740109,0.15017521503663586,0.149755384713133,0.260499557913351,C:\Users\vaidy\OneDrive\Desktop\Programming\COMPUTER VISION\TumorDetetction\brisc2025\classification_task\test\glioma\brisc2025_test_00161_gl_co_t1.jpg,C:\Users\vaidy\OneDrive\Desktop\Programming\COMPUTER VISION\TumorDetetction\brisc2025\segmentation_task\test\masks\brisc2025_test_00161_gl_co_t1.png
brisc2025_test_00162_gl_co_t1.jpg,glioma,0,glioma,0,True,0.9956536293029785,Medium,1.65557861328125,1.1505126953125,0.7743338771071234,0.6317657497781721,0.9442970822281167,0.656221198156682,0.9993483421514019,0.9936676025390625,0.2851966917514801,4.487239837646484,3.1394851207733154,1.0,0.036799620132953466,0.036799620132953466,0.07098694756125487,1.0,0.09366367403314917,0.09366367403314917,0.1712842371142158,0.5797235023041475,0.1750139120756817,0.15530864197530864,0.268860867706775,1.0,0.06508977900552486,0.06508977900552486,0.12222402334251904,C:\Users\vaidy\OneDrive\Desktop\Programming\COMPUTER VISION\TumorDetetction\brisc2025\classification_task\test\glioma\brisc2025_test_00162_gl_co_t1.jpg,C:\Users\vaidy\OneDrive\Desktop\Programming\COMPUTER VISION\TumorDetetction\brisc2025\segmentation_task\test\masks\brisc2025_test_00162_gl_co_t1.png
brisc2025_test_00163_gl_co_t1.jpg,glioma,0,glioma,0,True,0.9032806158065796,Medium,1.2359619140625,0.701904296875,0.6803149606299213,0.5155131264916468,0.9391304347826087,0.5333333333333333,0.9995674072242994,0.993804931640625,0.33466410636901855,3.063917875289917,1.6656945943832397,1.0,0.024889380530973452,0.024889380530973452,0.048569886670264434,1.0,0.04663749424228466,0.04663749424228466,0.08911871493013533,0.8777777777777778,0.11632853403141362,0.1144743197552729,0.20543195608205722,1.0,0.026485490557346846,0.026485490557346846,0.051604218083912946,C:\Users\vaidy\OneDrive\Desktop\Programming\COMPUTER VISION\TumorDetetction\brisc2025\classification_task\test\glioma\brisc2025_test_00163_gl_co_t1.jpg,C:\Users\vaidy\OneDrive\Desktop\Programming\COMPUTER VISION\TumorDetetction\brisc2025\segmentation_task\test\masks\brisc2025_test_00163_gl_co_t1.png
brisc2025_test_00164_gl_co_t1.jpg,glioma,0,meningioma,1,False,0.8204413056373596,Large,4.6051025390625,3.656005859375,0.7783524196527521,0.6371333534925915,0.8793823038397329,0.6981444665341285,0.9953773313285774,0.981689453125,0.35295096039772034,4.347898960113525,3.139925479888916,0.9029158383035123,0.06473914282999145,0.06429161259879675,0.12081578363999114,0.05765407554671968,0.012715580239695995,0.01052758954501452,0.020835828044545562,0.0,0.0,0.0,0.0,0.004173622704507512,0.0007307804735457469,0.0006222775357809583,0.0012437810945273632,C:\Users\vaidy\OneDrive\Desktop\Programming\COMPUTER VISION\TumorDetetction\brisc2025\classification_task\test\glioma\brisc2025_test_00164_gl_co_t1.jpg,C:\Users\vaidy\OneDrive\Desktop\Programming\COMPUTER VISION\TumorDetetction\brisc2025\segmentation_task\test\masks\brisc2025_test_00164_gl_co_t1.png
brisc2025_test_00165_gl_co_t1.jpg,glioma,0,glioma,0,True,0.9990096092224121,Large,4.7393798828125,4.345703125,0.925764192139738,0.8617886178861789,0.9676966292134831,0.8873148744365744,0.9985263495114528,0.993255615234375,0.22132666409015656,18.256940841674805,16.870729446411133,1.0,0.15675784798627232,0.15675784798627232,0.2710296684118674,1.0,0.301407083939835,0.301407083939835,0.4632018492282455,0.9175788795878944,0.763870276065398,0.7148231753197893,0.8336989907854322,1.0,0.27637069383794277,0.27637069383794277,0.4330570972401733,C:\Users\vaidy\OneDrive\Desktop\Programming\COMPUTER VISION\TumorDetetction\brisc2025\classification_task\test\glioma\brisc2025_test_00165_gl_co_t1.jpg,C:\Users\vaidy\OneDrive\Desktop\Programming\COMPUTER VISION\TumorDetetction\brisc2025\segmentation_task\test\masks\brisc2025_test_00165_gl_co_t1.png
brisc2025_test_00166_gl_co_t1.jpg,glioma,0,glioma,0,True,0.9201556444168091,Medium,1.82342529296875,2.74810791015625,0.7136181575433912,0.5547483134405812,0.5935591338145475,0.8945606694560669,0.9886231174523243,0.986907958984375,0.2458779364824295,6.719926834106445,9.679190635681152,1.0,0.056501182033096925,0.056501182033096925,0.10695905124188856,1.0,0.10957271226847606,0.10957271226847606,0.19750433848442278,0.998326359832636,0.2641133495682975,0.26399645939367117,0.4177170868347339,1.0,0.16513845589583714,0.16513845589583714,0.2834658062485244,C:\Users\vaidy\OneDrive\Desktop\Programming\COMPUTER VISION\TumorDetetction\brisc2025\classification_task\test\glioma\brisc2025_test_00166_gl_co_t1.jpg,C:\Users\vaidy\OneDrive\Desktop\Programming\COMPUTER VISION\TumorDetetction\brisc2025\segmentation_task\test\masks\brisc2025_test_00166_gl_co_t1.png
brisc2025_test_00167_gl_sa_t1.jpg,glioma,0,glioma,0,True,0.9989412426948547,Medium,1.397705078125,1.29547119140625,0.9065155807365439,0.8290155440414507,0.9422850412249706,0.8733624454148472,0.9992417208294646,0.9974822998046875,0.2092527151107788,6.045408725738525,5.623644828796387,1.0,0.05177481347501696,0.05177481347501696,0.09845227858985382,1.0,0.10307190277934061,0.10307190277934061,0.18688156686728552,1.0,0.2987606001304631,0.2987606001304631,0.4600703164239076,1.0,0.09553280072015304,0.09553280072015304,0.17440427280197207,C:\Users\vaidy\OneDrive\Desktop\Programming\COMPUTER VISION\TumorDetetction\brisc2025\classification_task\test\glioma\brisc2025_test_00167_gl_sa_t1.jpg,C:\Users\vaidy\OneDrive\Desktop\Programming\COMPUTER VISION\TumorDetetction\brisc2025\segmentation_task\test\masks\brisc2025_test_00167_gl_sa_t1.png
brisc2025_test_00168_gl_sa_t1.jpg,glioma,0,glioma,0,True,0.9963129162788391,Large,5.2032470703125,1.49078369140625,0.4376567130157283,0.28012839217974905,0.9825997952917093,0.28152492668621704,0.9997263625535203,0.9623565673828125,0.2747533321380615,13.616338729858398,4.0903730392456055,1.0,0.13166023166023166,0.13166023166023166,0.2326850904128284,0.8991202346041056,0.26356056047451215,0.2559906487434249,0.4076314564913913,0.48035190615835777,0.3620689655172414,0.2601651842439644,0.4129064784471893,0.9662231320368475,0.08114845697584458,0.08091890965198012,0.14972244250594766,C:\Users\vaidy\OneDrive\Desktop\Programming\COMPUTER VISION\TumorDetetction\brisc2025\classification_task\test\glioma\brisc2025_test_00168_gl_sa_t1.jpg,C:\Users\vaidy\OneDrive\Desktop\Programming\COMPUTER VISION\TumorDetetction\brisc2025\segmentation_task\test\masks\brisc2025_test_00168_gl_sa_t1.png
brisc2025_test_00169_gl_sa_t1.jpg,glioma,0,glioma,0,True,0.9943690896034241,Large,4.949951171875,3.53546142578125,0.8217946412515734,0.6974969474969475,0.9861890375485541,0.7043773119605425,0.9994862903743659,0.9848785400390625,0.23274315893650055,16.487184524536133,11.97928524017334,1.0,0.15428517074098735,0.15428517074098735,0.2673259167696745,0.969173859432799,0.3129603822416882,0.30987581312832646,0.47313769751693,0.5971023427866831,0.5011642949547218,0.37451662799690644,0.5449430299620199,1.0,0.23063906032251644,0.23063906032251644,0.3748281161530373,C:\Users\vaidy\OneDrive\Desktop\Programming\COMPUTER VISION\TumorDetetction\brisc2025\classification_task\test\glioma\brisc2025_test_00169_gl_sa_t1.jpg,C:\Users\vaidy\OneDrive\Desktop\Programming\COMPUTER VISION\TumorDetetction\brisc2025\segmentation_task\test\masks\brisc2025_test_00169_gl_sa_t1.png
brisc2025_test_00170_gl_sa_t1.jpg,glioma,0,glioma,0,True,0.9986591339111328,Large,3.265380859375,2.68096923828125,0.8139594559917885,0.6862829943747295,0.9026750142287991,0.7411214953271028,0.9973026689381034,0.9889373779296875,0.2379886656999588,11.690135955810547,9.498747825622559,1.0,0.09874492432631968,0.09874492432631968,0.17974130690408197,1.0,0.21152515567856084,0.21152515567856084,0.34918821897691116,0.8369158878504673,0.479389721627409,0.43843329253365976,0.6095983662355344,1.0,0.1736680834239399,0.1736680834239399,0.29594071079669865,C:\Users\vaidy\OneDrive\Desktop\Programming\COMPUTER VISION\TumorDetetction\brisc2025\classification_task\test\glioma\brisc2025_test_00170_gl_sa_t1.jpg,C:\Users\vaidy\OneDrive\Desktop\Programming\COMPUTER VISION\TumorDetetction\brisc2025\segmentation_task\test\masks\brisc2025_test_00170_gl_sa_t1.png
brisc2025_test_00171_gl_sa_t1.jpg,glioma,0,glioma,0,True,0.9999967813491821,Large,3.08074951171875,1.8463134765625,0.7469804893155776,0.5961443400889768,0.996694214876033,0.5973254086181278,0.9999370247335359,0.9875335693359375,0.2292858064174652,7.292441368103027,4.7598876953125,0.9653293709757306,0.09824579090634136,0.09790034157122765,0.17834103490872488,0.5799900941059931,0.10987051979733534,0.1017729880062576,0.18474402461150113,0.1431401684001981,0.06412247614821388,0.046336379669713004,0.08856880171621208,0.7074380165289256,0.08031525614561831,0.0777333817653469,0.14425345466801484,C:\Users\vaidy\OneDrive\Desktop\Programming\COMPUTER VISION\TumorDetetction\brisc2025\classification_task\test\glioma\brisc2025_test_00171_gl_sa_t1.jpg,C:\Users\vaidy\OneDrive\Desktop\Programming\COMPUTER VISION\TumorDetetction\brisc2025\segmentation_task\test\masks\brisc2025_test_00171_gl_sa_t1.png
brisc2025_test_00172_gl_sa_t1.jpg,glioma,0,glioma,0,True,0.9999600648880005,Large,2.91748046875,1.9989013671875,0.7970204841713222,0.6625386996904025,0.9801526717557252,0.6715481171548117,0.9995913491764115,0.990020751953125,0.23687365651130676,7.940242290496826,5.445694446563721,1.0,0.09340498290180753,0.09340498290180753,0.17085157716021804,0.7510460251046025,0.13116550968213372,0.12570028011204482,0.22332814930015552,0.32322175732217573,0.13537787513691127,0.10547875064004096,0.19082908754052802,0.7885496183206107,0.0943551333576909,0.09202672605790646,0.16854299233153858,C:\Users\vaidy\OneDrive\Desktop\Programming\COMPUTER VISION\TumorDetetction\brisc2025\classification_task\test\glioma\brisc2025_test_00172_gl_sa_t1.jpg,C:\Users\vaidy\OneDrive\Desktop\Programming\COMPUTER VISION\TumorDetetction\brisc2025\segmentation_task\test\masks\brisc2025_test_00172_gl_sa_t1.png
brisc2025_test_00173_gl_sa_t1.jpg,glioma,0,glioma,0,True,0.9998975992202759,Small,0.372314453125,0.2166748046875,0.6787564766839378,0.5137254901960784,0.9225352112676056,0.5368852459016393,0.9998315260675121,0.99810791015625,0.21966323256492615,1.1959506273269653,0.7325990200042725,1.0,0.012728221178925404,0.012728221178925404,0.025136499433398577,1.0,0.024235200635677395,0.024235200635677395,0.047323506594259115,0.3155737704918033,0.016975308641975308,0.016372528173506273,0.03221757322175732,1.0,0.01410409217322209,0.01410409217322209,0.02781586679725759,C:\Users\vaidy\OneDrive\Desktop\Programming\COMPUTER VISION\TumorDetetction\brisc2025\classification_task\test\glioma\brisc2025_test_00173_gl_sa_t1.jpg,C:\Users\vaidy\OneDrive\Desktop\Programming\COMPUTER VISION\TumorDetetction\brisc2025\segmentation_task\test\masks\brisc2025_test_00173_gl_sa_t1.png
brisc2025_test_00174_gl_sa_t1.jpg,glioma,0,glioma,0,True,0.999951958656311,Small,0.531005859375,0.52642822265625,0.8946608946608947,0.8093994778067886,0.8985507246376812,0.8908045977011494,0.9994630913665091,0.9988861083984375,0.2604188323020935,1.0870790481567383,1.0695139169692993,1.0,0.015059067895625082,0.015059067895625082,0.029671313467195294,0.6724137931034483,0.020035961983046493,0.019842279318239633,0.03891244699426291,0.0,0.0,0.0,0.0,0.6521739130434783,0.019265348060621627,0.01906941266209001,0.0374251497005988,C:\Users\vaidy\OneDrive\Desktop\Programming\COMPUTER VISION\TumorDetetction\brisc2025\classification_task\test\glioma\brisc2025_test_00174_gl_sa_t1.jpg,C:\Users\vaidy\OneDrive\Desktop\Programming\COMPUTER VISION\TumorDetetction\brisc2025\segmentation_task\test\masks\brisc2025_test_00174_gl_sa_t1.png
brisc2025_test_00175_gl_sa_t1.jpg,glioma,0,glioma,0,True,0.9922675490379333,Medium,1.1993408203125,1.3427734375,0.765906362545018,0.6206225680933852,0.725,0.811704834605598,0.9962625482625482,0.994049072265625,0.2459346055984497,4.226099967956543,4.590803146362305,1.0,0.03564787518708332,0.03564787518708332,0.06884169038756295,1.0,0.07554060547813551,0.07554060547813551,0.14047002055222946,0.9643765903307888,0.19667877529839128,0.19526017516743946,0.3267241379310345,1.0,0.0845747236905334,0.0845747236905334,0.15595923792645103,C:\Users\vaidy\OneDrive\Desktop\Programming\COMPUTER VISION\TumorDetetction\brisc2025\classification_task\test\glioma\brisc2025_test_00175_gl_sa_t1.jpg,C:\Users\vaidy\OneDrive\Desktop\Programming\COMPUTER VISION\TumorDetetction\brisc2025\segmentation_task\test\masks\brisc2025_test_00175_gl_sa_t1.png
brisc2025_test_00176_gl_sa_t1.jpg,glioma,0,glioma,0,True,0.9783217310905457,Small,0.616455078125,0.0,0.0,0.0,0.0,0.0,1.0,0.99383544921875,0.17022936046123505,2.4141194820404053,0.0,1.0,0.027557980900409278,0.027557980900409278,0.05363781200212427,0.9975247524752475,0.05107731305449937,0.051070840197693576,0.09717868338557993,0.10148514851485149,0.012954186413902054,0.011621315192743764,0.02297562342392827,0.0,0.0,0.0,0.0,C:\Users\vaidy\OneDrive\Desktop\Programming\COMPUTER VISION\TumorDetetction\brisc2025\classification_task\test\glioma\brisc2025_test_00176_gl_sa_t1.jpg,C:\Users\vaidy\OneDrive\Desktop\Programming\COMPUTER VISION\TumorDetetction\brisc2025\segmentation_task\test\masks\brisc2025_test_00176_gl_sa_t1.png
brisc2025_test_00177_gl_sa_t1.jpg,glioma,0,glioma,0,True,0.9999986886978149,Large,2.89764404296875,1.3397216796875,0.0,0.0,0.0,0.0,0.986202995112906,0.9576263427734375,0.28298795223236084,6.55534553527832,4.347630023956299,1.0,0.07348786811655895,0.07348786811655895,0.13691420331651044,0.8857293312269615,0.12290829375228353,0.12098978564235362,0.2158624229979466,0.18114797261716692,0.05928990003447087,0.04675818947940737,0.08933904687702895,1.0,0.06415783704786263,0.06415783704786263,0.12057955091670672,C:\Users\vaidy\OneDrive\Desktop\Programming\COMPUTER VISION\TumorDetetction\brisc2025\classification_task\test\glioma\brisc2025_test_00177_gl_sa_t1.jpg,C:\Users\vaidy\OneDrive\Desktop\Programming\COMPUTER VISION\TumorDetetction\brisc2025\segmentation_task\test\masks\brisc2025_test_00177_gl_sa_t1.png
brisc2025_test_00178_gl_sa_t1.jpg,glioma,0,glioma,0,True,0.9999704360961914,Medium,2.117919921875,2.78167724609375,0.7630021800062285,0.6168177240684793,0.6719692814042787,0.8825648414985591,0.9906778075699944,0.9883880615234375,0.2506193220615387,4.205845832824707,5.406757354736328,0.8047550432276657,0.05046762752451091,0.04985716836279236,0.09497895497640406,0.5540345821325648,0.06724379153550192,0.0637909581086686,0.11993137866500311,0.08429394812680115,0.024074074074074074,0.01908334692546077,0.03745198463508323,0.4684585847504114,0.07467646030080448,0.06884320838371624,0.12881816124896298,C:\Users\vaidy\OneDrive\Desktop\Programming\COMPUTER VISION\TumorDetetction\brisc2025\classification_task\test\glioma\brisc2025_test_00178_gl_sa_t1.jpg,C:\Users\vaidy\OneDrive\Desktop\Programming\COMPUTER VISION\TumorDetetction\brisc2025\segmentation_task\test\masks\brisc2025_test_00178_gl_sa_t1.png
brisc2025_test_00179_gl_sa_t1.jpg,glioma,0,glioma,0,True,0.9976795315742493,Small,0.5767822265625,1.39312744140625,0.5747482571649883,0.4032608695652174,0.4063526834611172,0.9814814814814815,0.9916817581877897,0.9916229248046875,0.21082410216331482,1.896946668624878,4.77691125869751,1.0,0.020268096514745308,0.020268096514745308,0.03973092285053605,1.0,0.042837715321849504,0.042837715321849504,0.08215605303194957,0.2777777777777778,0.032507739938080496,0.029974307736226093,0.0582039911308204,0.9989047097480832,0.10335448776065277,0.10334277620396601,0.1873266919995892,C:\Users\vaidy\OneDrive\Desktop\Programming\COMPUTER VISION\TumorDetetction\brisc2025\classification_task\test\glioma\brisc2025_test_00179_gl_sa_t1.jpg,C:\Users\vaidy\OneDrive\Desktop\Programming\COMPUTER VISION\TumorDetetction\brisc2025\segmentation_task\test\masks\brisc2025_test_00179_gl_sa_t1.png
brisc2025_test_00180_gl_sa_t1.jpg,glioma,0,glioma,0,True,0.9999765157699585,Small,0.61798095703125,0.62408447265625,0.8329238329238329,0.7136842105263158,0.8288508557457213,0.837037037037037,0.9989252429718567,0.9979248046875,0.22283081710338593,1.7548205852508545,1.781693458557129,1.0,0.020273314311458176,0.020273314311458176,0.03974094789520165,0.9382716049382716,0.039773916684111364,0.039670111702682954,0.0763128828195602,0.05925925925925926,0.006952491309385863,0.006261414036003131,0.01244490536686544,0.9779951100244498,0.04186728072011723,0.041827878280874205,0.08029709926728897,C:\Users\vaidy\OneDrive\Desktop\Programming\COMPUTER VISION\TumorDetetction\brisc2025\classification_task\test\glioma\brisc2025_test_00180_gl_sa_t1.jpg,C:\Users\vaidy\OneDrive\Desktop\Programming\COMPUTER VISION\TumorDetetction\brisc2025\segmentation_task\test\masks\brisc2025_test_00180_gl_sa_t1.png
brisc2025_test_00181_gl_sa_t1.jpg,glioma,0,glioma,0,True,0.9991027116775513,Small,0.64239501953125,0.63323974609375,0.8923444976076556,0.8056155507559395,0.8987951807228916,0.8859857482185273,0.9993549873301083,0.998626708984375,0.19957272708415985,2.5404465198516846,2.480461597442627,1.0,0.023651685393258428,0.023651685393258428,0.04621041655232973,1.0,0.04513777205961188,0.04513777205961188,0.08637669265490357,0.7078384798099763,0.07478042659974905,0.07254138266796495,0.13527008624602815,1.0,0.044494478396054464,0.044494478396054464,0.08519811127078629,C:\Users\vaidy\OneDrive\Desktop\Programming\COMPUTER VISION\TumorDetetction\brisc2025\classification_task\test\glioma\brisc2025_test_00181_gl_sa_t1.jpg,C:\Users\vaidy\OneDrive\Desktop\Programming\COMPUTER VISION\TumorDetetction\brisc2025\segmentation_task\test\masks\brisc2025_test_00181_gl_sa_t1.png
brisc2025_test_00182_gl_sa_t1.jpg,glioma,0,glioma,0,True,0.9999901056289673,Medium,1.0772705078125,0.84228515625,0.6343402225755167,0.46449359720605354,0.7228260869565217,0.5651558073654391,0.997639981490051,0.99298095703125,0.21620981395244598,3.5409457683563232,3.3290348052978516,0.7903682719546742,0.027647029678442254,0.027445772465692783,0.05342524773804395,0.7634560906515581,0.0521427880429525,0.05131378522467631,0.0976184007968849,0.7039660056657224,0.1241879060469765,0.11802422227499407,0.21112999150382328,1.0,0.053400406307439294,0.053400406307439294,0.10138672054366792,C:\Users\vaidy\OneDrive\Desktop\Programming\COMPUTER VISION\TumorDetetction\brisc2025\classification_task\test\glioma\brisc2025_test_00182_gl_sa_t1.jpg,C:\Users\vaidy\OneDrive\Desktop\Programming\COMPUTER VISION\TumorDetetction\brisc2025\segmentation_task\test\masks\brisc2025_test_00182_gl_sa_t1.png
brisc2025_test_00183_gl_sa_t1.jpg,glioma,0,glioma,0,True,0.9999992847442627,Large,2.62603759765625,1.0162353515625,0.4792626728110599,0.3151515151515151,0.8588588588588588,0.3323649041255084,0.9985269920865001,0.9810333251953125,0.24072706699371338,5.0244855880737305,3.587913990020752,0.6013945380592679,0.04543459174714662,0.0441063666581437,0.08448634749602058,0.41313190005810574,0.06363554998657478,0.058360009849790694,0.11028385295486273,0.3590935502614759,0.14738850465060815,0.11669184290030211,0.20899560365235034,1.0,0.059607983531728276,0.059607983531728276,0.1125095024917645,C:\Users\vaidy\OneDrive\Desktop\Programming\COMPUTER VISION\TumorDetetction\brisc2025\classification_task\test\glioma\brisc2025_test_00183_gl_sa_t1.jpg,C:\Users\vaidy\OneDrive\Desktop\Programming\COMPUTER VISION\TumorDetetction\brisc2025\segmentation_task\test\masks\brisc2025_test_00183_gl_sa_t1.png
brisc2025_test_00184_gl_sa_t1.jpg,glioma,0,glioma,0,True,0.9999397993087769,Large,4.2236328125,4.01153564453125,0.9579395960718918,0.9192745376955903,0.9832635983263598,0.9338872832369942,0.99929900586286,0.9965362548828125,0.23850569128990173,15.207661628723145,14.54738712310791,1.0,0.13783487700428243,0.13783487700428243,0.24227571115973742,1.0,0.2735177865612648,0.2735177865612648,0.42954686530105524,0.9197976878612717,0.6316050607789631,0.5986362567599341,0.7489336667156935,1.0,0.2597826086956522,0.2597826086956522,0.41242450388265744,C:\Users\vaidy\OneDrive\Desktop\Programming\COMPUTER VISION\TumorDetetction\brisc2025\classification_task\test\glioma\brisc2025_test_00184_gl_sa_t1.jpg,C:\Users\vaidy\OneDrive\Desktop\Programming\COMPUTER VISION\TumorDetetction\brisc2025\segmentation_task\test\masks\brisc2025_test_00184_gl_sa_t1.png
brisc2025_test_00185_gl_sa_t1.jpg,glioma,0,glioma,0,True,0.9952560067176819,Large,2.87322998046875,2.68096923828125,0.9263736263736264,0.8628454452405322,0.9595902105862265,0.8953797132235793,0.9988845773176441,0.99591064453125,0.2362365424633026,10.500221252441406,9.794389724731445,1.0,0.09670295809367296,0.09670295809367296,0.17635214235542027,1.0,0.19035584310553982,0.19035584310553982,0.3198301486199575,0.88688263409453,0.4242886178861789,0.4025066281031574,0.5739817838116514,1.0,0.17761827739587546,0.17761827739587546,0.3016567945746416,C:\Users\vaidy\OneDrive\Desktop\Programming\COMPUTER VISION\TumorDetetction\brisc2025\classification_task\test\glioma\brisc2025_test_00185_gl_sa_t1.jpg,C:\Users\vaidy\OneDrive\Desktop\Programming\COMPUTER VISION\TumorDetetction\brisc2025\segmentation_task\test\masks\brisc2025_test_00185_gl_sa_t1.png
brisc2025_test_00186_gl_sa_t1.jpg,glioma,0,glioma,0,True,0.9998810291290283,Large,2.45361328125,0.0,0.0,0.0,0.0,0.0,1.0,0.9754638671875,0.30298954248428345,5.907958984375,0.0,1.0,0.05394343990070113,0.05394343990070113,0.10236496164496929,0.9819651741293532,0.12158312158312158,0.1213122311001844,0.21637547105173005,0.47201492537313433,0.14531878230901782,0.125,0.2222222222222222,0.0,0.0,0.0,0.0,C:\Users\vaidy\OneDrive\Desktop\Programming\COMPUTER VISION\TumorDetetction\brisc2025\classification_task\test\glioma\brisc2025_test_00186_gl_sa_t1.jpg,C:\Users\vaidy\OneDrive\Desktop\Programming\COMPUTER VISION\TumorDetetction\brisc2025\segmentation_task\test\masks\brisc2025_test_00186_gl_sa_t1.png
brisc2025_test_00187_gl_sa_t1.jpg,glioma,0,glioma,0,True,0.9994111061096191,Large,2.47802734375,1.025390625,0.5818815331010453,0.4103194103194103,0.9940476190476191,0.41133004926108374,0.9999374139441732,0.9853515625,0.2861594557762146,6.769126892089844,3.0172669887542725,1.0,0.05506017969147313,0.05506017969147313,0.10437353385391561,1.0,0.13472706155632985,0.13472706155632985,0.2374616171954964,0.5825123152709359,0.19687825182101978,0.17253328469815793,0.2942914916783326,1.0,0.05574912891986063,0.05574912891986063,0.10561056105610561,C:\Users\vaidy\OneDrive\Desktop\Programming\COMPUTER VISION\TumorDetetction\brisc2025\classification_task\test\glioma\brisc2025_test_00187_gl_sa_t1.jpg,C:\Users\vaidy\OneDrive\Desktop\Programming\COMPUTER VISION\TumorDetetction\brisc2025\segmentation_task\test\masks\brisc2025_test_00187_gl_sa_t1.png
brisc2025_test_00188_gl_sa_t1.jpg,glioma,0,glioma,0,True,0.9994553923606873,Medium,0.84686279296875,1.0040283203125,0.382522671063479,0.23649337410805302,0.3525835866261398,0.418018018018018,0.9934442375463597,0.9885711669921875,0.2619999945163727,2.3102917671203613,2.3873372077941895,1.0,0.023353671365453396,0.023353671365453396,0.04564144736842105,1.0,0.04838287856333363,0.04838287856333363,0.09230001663063363,0.3927927927927928,0.04660111158614793,0.04346959122632104,0.08331740875214982,0.8966565349544073,0.051434051085345656,0.051130947222462954,0.09728749278588507,C:\Users\vaidy\OneDrive\Desktop\Programming\COMPUTER VISION\TumorDetetction\brisc2025\classification_task\test\glioma\brisc2025_test_00188_gl_sa_t1.jpg,C:\Users\vaidy\OneDrive\Desktop\Programming\COMPUTER VISION\TumorDetetction\brisc2025\segmentation_task\test\masks\brisc2025_test_00188_gl_sa_t1.png
brisc2025_test_00189_gl_sa_t1.jpg,glioma,0,glioma,0,True,0.9995666146278381,Large,4.90570068359375,4.02679443359375,0.8934062179706184,0.8073479468971905,0.9909056460780599,0.8133748055987559,0.9996148970651947,0.990478515625,0.25694218277931213,14.859130859375,12.565345764160156,1.0,0.1414430268367796,0.1414430268367796,0.24783195220659088,0.9894245723172629,0.2953849011050237,0.2944552439137277,0.45494851258581237,0.6261275272161742,0.5084617327607982,0.39004068978880063,0.5611931976582102,0.993179234558545,0.24338378679543132,0.242977658292389,0.39096062052505964,C:\Users\vaidy\OneDrive\Desktop\Programming\COMPUTER VISION\TumorDetetction\brisc2025\classification_task\test\glioma\brisc2025_test_00189_gl_sa_t1.jpg,C:\Users\vaidy\OneDrive\Desktop\Programming\COMPUTER VISION\TumorDetetction\brisc2025\segmentation_task\test\masks\brisc2025_test_00189_gl_sa_t1.png
brisc2025_test_00190_gl_sa_t1.jpg,glioma,0,glioma,0,True,0.9800870418548584,Large,5.4229736328125,4.9957275390625,0.9408318687756297,0.8882743362831859,0.981062919975565,0.9037703995498031,0.9989997095931077,0.99383544921875,0.26656442880630493,15.534283638000488,14.443954467773438,1.0,0.134168900298237,0.134168900298237,0.2365942149585594,0.9592009003939224,0.278217579368318,0.2749637038231973,0.43132789270576327,0.5945413618458075,0.5803350727822026,0.41578118850846124,0.5873523280055594,0.968540012217471,0.25879376479229577,0.2566364519261897,0.4084497971275842,C:\Users\vaidy\OneDrive\Desktop\Programming\COMPUTER VISION\TumorDetetction\brisc2025\classification_task\test\glioma\brisc2025_test_00190_gl_sa_t1.jpg,C:\Users\vaidy\OneDrive\Desktop\Programming\COMPUTER VISION\TumorDetetction\brisc2025\segmentation_task\test\masks\brisc2025_test_00190_gl_sa_t1.png
brisc2025_test_00191_gl_sa_t1.jpg,glioma,0,glioma,0,True,0.9998832941055298,Small,0.15869140625,1.03912353515625,0.24968152866242038,0.14264919941775836,0.14390602055800295,0.9423076923076923,0.9910899865509231,0.9910125732421875,0.2478787899017334,0.24197785556316376,2.1626033782958984,1.0,0.004394304305573161,0.004394304305573161,0.00875015775524799,0.0,0.0,0.0,0.0,0.0,0.0,0.0,0.0,0.5418502202643172,0.03223270440251572,0.031377551020408165,0.06084590650507049,C:\Users\vaidy\OneDrive\Desktop\Programming\COMPUTER VISION\TumorDetetction\brisc2025\classification_task\test\glioma\brisc2025_test_00191_gl_sa_t1.jpg,C:\Users\vaidy\OneDrive\Desktop\Programming\COMPUTER VISION\TumorDetetction\brisc2025\segmentation_task\test\masks\brisc2025_test_00191_gl_sa_t1.png
brisc2025_test_00192_gl_sa_t1.jpg,glioma,0,glioma,0,True,0.9999991655349731,Large,2.90679931640625,1.88751220703125,0.6123488224061108,0.44128440366972477,0.7776879547291835,0.50498687664042,0.9956782071631752,0.981414794921875,0.24738222360610962,10.43571662902832,6.950966835021973,1.0,0.08722527472527472,0.08722527472527472,0.16045483259633608,1.0,0.16000335965059634,0.16000335965059634,0.27586706248642384,0.8745406824146982,0.32280565781825227,0.3085185185185185,0.47155392018114917,1.0,0.10389719469175206,0.10389719469175206,0.1882370843795176,C:\Users\vaidy\OneDrive\Desktop\Programming\COMPUTER VISION\TumorDetetction\brisc2025\classification_task\test\glioma\brisc2025_test_00192_gl_sa_t1.jpg,C:\Users\vaidy\OneDrive\Desktop\Programming\COMPUTER VISION\TumorDetetction\brisc2025\segmentation_task\test\masks\brisc2025_test_00192_gl_sa_t1.png
brisc2025_test_00193_gl_sa_t1.jpg,glioma,0,glioma,0,True,0.999992847442627,Large,10.66436767578125,0.9033203125,0.08705975464978236,0.045510964004964835,0.5574324324324325,0.04721705537272857,0.9955249628503595,0.8943939208984375,0.243109792470932,26.179059982299805,2.8309154510498047,0.9600801259121476,0.3133610423574464,0.3093306288032454,0.47250193648334626,0.6371440835598798,0.4151594256945739,0.3357713768662344,0.5027377928309342,0.2805837745027901,0.4579635684259692,0.21063372717508055,0.3479726732321888,1.0,0.05519298899869476,0.05519298899869476,0.10461212228308889,C:\Users\vaidy\OneDrive\Desktop\Programming\COMPUTER VISION\TumorDetetction\brisc2025\classification_task\test\glioma\brisc2025_test_00193_gl_sa_t1.jpg,C:\Users\vaidy\OneDrive\Desktop\Programming\COMPUTER VISION\TumorDetetction\brisc2025\segmentation_task\test\masks\brisc2025_test_00193_gl_sa_t1.png
brisc2025_test_00194_gl_sa_t1.jpg,glioma,0,glioma,0,True,0.9999978542327881,Small,0.592041015625,1.01165771484375,0.6622264509990485,0.4950213371266003,0.5248868778280543,0.8969072164948454,0.9951648554061522,0.9945831298828125,0.2672761082649231,2.0198845863342285,3.4093081951141357,1.0,0.016236347658701928,0.016236347658701928,0.0319538809964999,1.0,0.03238190619262227,0.03238190619262227,0.06273241713823767,1.0,0.07981896729068093,0.07981896729068093,0.14783768336826061,1.0,0.05533299949924887,0.05533299949924887,0.10486358244365362,C:\Users\vaidy\OneDrive\Desktop\Programming\COMPUTER VISION\TumorDetetction\brisc2025\classification_task\test\glioma\brisc2025_test_00194_gl_sa_t1.jpg,C:\Users\vaidy\OneDrive\Desktop\Programming\COMPUTER VISION\TumorDetetction\brisc2025\segmentation_task\test\masks\brisc2025_test_00194_gl_sa_t1.png
brisc2025_test_00195_gl_sa_t1.jpg,glioma,0,glioma,0,True,0.9995111227035522,Small,0.65155029296875,2.09197998046875,0.45161290322580644,0.2916666666666667,0.2961342086068563,0.9508196721311475,0.9851787003332872,0.984954833984375,0.2706550657749176,1.907530665397644,6.463470458984375,1.0,0.017365488633128635,0.017365488633128635,0.034138151582986886,1.0,0.03389965068275643,0.03389965068275643,0.06557628810565921,0.8384074941451991,0.06997654417513682,0.0690453230472517,0.12917192855854231,1.0,0.10884407748491584,0.10884407748491584,0.19631989689983534,C:\Users\vaidy\OneDrive\Desktop\Programming\COMPUTER VISION\TumorDetetction\brisc2025\classification_task\test\glioma\brisc2025_test_00195_gl_sa_t1.jpg,C:\Users\vaidy\OneDrive\Desktop\Programming\COMPUTER VISION\TumorDetetction\brisc2025\segmentation_task\test\masks\brisc2025_test_00195_gl_sa_t1.png
brisc2025_test_00196_gl_sa_t1.jpg,glioma,0,glioma,0,True,0.9991714954376221,Large,2.14080810546875,2.14385986328125,0.9252136752136753,0.8608349900596421,0.9245551601423487,0.9258731290092659,0.9983471847566775,0.996795654296875,0.22904257476329803,7.805299758911133,7.755218982696533,1.0,0.06763727522537724,0.06763727522537724,0.1267045967669105,1.0,0.13432264241263764,0.13432264241263764,0.23683322079675895,0.7954383464005702,0.2813918305597579,0.2624030096402539,0.415719873346992,1.0,0.13451412158927717,0.13451412158927717,0.2371308016877637,C:\Users\vaidy\OneDrive\Desktop\Programming\COMPUTER VISION\TumorDetetction\brisc2025\classification_task\test\glioma\brisc2025_test_00196_gl_sa_t1.jpg,C:\Users\vaidy\OneDrive\Desktop\Programming\COMPUTER VISION\TumorDetetction\brisc2025\segmentation_task\test\masks\brisc2025_test_00196_gl_sa_t1.png
brisc2025_test_00197_gl_sa_t1.jpg,glioma,0,glioma,0,True,0.9999874830245972,Medium,0.9765625,0.97198486328125,0.8880187940485513,0.7985915492957747,0.8901098901098901,0.8859375,0.9989213510848126,0.9978179931640625,0.2526513338088989,2.485048294067383,2.5238401889801025,1.0,0.029077691958200817,0.029077691958200817,0.0565121412803532,0.9703125,0.05212792747418786,0.05204492122024807,0.0989404923125946,0.134375,0.01610788537179247,0.014593585610045817,0.0287673524000669,0.9905808477237049,0.052967346596155464,0.05294068294319993,0.10055776892430279,C:\Users\vaidy\OneDrive\Desktop\Programming\COMPUTER VISION\TumorDetetction\brisc2025\classification_task\test\glioma\brisc2025_test_00197_gl_sa_t1.jpg,C:\Users\vaidy\OneDrive\Desktop\Programming\COMPUTER VISION\TumorDetetction\brisc2025\segmentation_task\test\masks\brisc2025_test_00197_gl_sa_t1.png
brisc2025_test_00198_gl_sa_t1.jpg,glioma,0,glioma,0,True,0.9997221827507019,Large,4.1961669921875,4.3060302734375,0.8560660445082555,0.7483526827737684,0.8451452870304749,0.8672727272727273,0.9930398496480107,0.987762451171875,0.24608232080936432,13.124786376953125,13.5057954788208,1.0,0.12361217242774307,0.12361217242774307,0.2200264031683802,0.9901818181818182,0.2434075265933673,0.24282147315855182,0.3907584128578604,0.5832727272727273,0.381722989052832,0.299925205684368,0.4614499424626007,0.9844082211197732,0.2483239474389917,0.24735108182708573,0.39660218431008637,C:\Users\vaidy\OneDrive\Desktop\Programming\COMPUTER VISION\TumorDetetction\brisc2025\classification_task\test\glioma\brisc2025_test_00198_gl_sa_t1.jpg,C:\Users\vaidy\OneDrive\Desktop\Programming\COMPUTER VISION\TumorDetetction\brisc2025\segmentation_task\test\masks\brisc2025_test_00198_gl_sa_t1.png
brisc2025_test_00199_gl_sa_t1.jpg,glioma,0,glioma,0,True,0.9947031140327454,Large,4.156494140625,3.69415283203125,0.9135082604470359,0.8407871198568873,0.9706732755059893,0.8627019089574156,0.9988696427434248,0.9932098388671875,0.29802945256233215,10.11191463470459,8.796700477600098,1.0,0.09135727940436664,0.09135727940436664,0.1674195630128146,0.961453744493392,0.18864798674638047,0.1872319130683443,0.31540916481001985,0.4353891336270191,0.22368917389664278,0.17339181286549707,0.2955394966359332,0.9537381247418422,0.1663185190520781,0.16498749553411932,0.283243375858685,C:\Users\vaidy\OneDrive\Desktop\Programming\COMPUTER VISION\TumorDetetction\brisc2025\classification_task\test\glioma\brisc2025_test_00199_gl_sa_t1.jpg,C:\Users\vaidy\OneDrive\Desktop\Programming\COMPUTER VISION\TumorDetetction\brisc2025\segmentation_task\test\masks\brisc2025_test_00199_gl_sa_t1.png
brisc2025_test_00200_gl_sa_t1.jpg,glioma,0,glioma,0,True,0.9723486304283142,Medium,1.71661376953125,1.3824462890625,0.8734613490891187,0.7753496503496503,0.9790286975717439,0.7884444444444444,0.9997050193289966,0.9960784912109375,0.2171957939863205,5.469997406005859,4.5259552001953125,1.0,0.05572617396473152,0.05572617396473152,0.10556937080654999,0.9777777777777777,0.11849617580523537,0.11817791147400086,0.21137586471944658,0.30666666666666664,0.1078125,0.08668341708542714,0.15953757225433526,1.0,0.09759775934503932,0.09759775934503932,0.17783884581411327,C:\Users\vaidy\OneDrive\Desktop\Programming\COMPUTER VISION\TumorDetetction\brisc2025\classification_task\test\glioma\brisc2025_test_00200_gl_sa_t1.jpg,C:\Users\vaidy\OneDrive\Desktop\Programming\COMPUTER VISION\TumorDetetction\brisc2025\segmentation_task\test\masks\brisc2025_test_00200_gl_sa_t1.png
brisc2025_test_00201_gl_sa_t1.jpg,glioma,0,glioma,0,True,0.9999426603317261,Medium,1.5899658203125,1.55181884765625,0.925692083535697,0.8616636528028933,0.9370698131760079,0.9145873320537428,0.9990076596272521,0.9976654052734375,0.23174706101417542,6.387233734130859,6.260385990142822,1.0,0.04909536373916321,0.04909536373916321,0.0935956166352286,1.0,0.09038077890536907,0.09038077890536907,0.16577837880836846,1.0,0.1936443040327077,0.1936443040327077,0.3244589755565935,1.0,0.08821233411397346,0.08821233411397346,0.16212338593974174,C:\Users\vaidy\OneDrive\Desktop\Programming\COMPUTER VISION\TumorDetetction\brisc2025\classification_task\test\glioma\brisc2025_test_00201_gl_sa_t1.jpg,C:\Users\vaidy\OneDrive\Desktop\Programming\COMPUTER VISION\TumorDetetction\brisc2025\segmentation_task\test\masks\brisc2025_test_00201_gl_sa_t1.png
brisc2025_test_00202_gl_sa_t1.jpg,glioma,0,glioma,0,True,0.9999902248382568,Medium,0.9368896484375,0.91552734375,0.8846787479406919,0.793205317577548,0.895,0.8745928338762216,0.999029604756477,0.99786376953125,0.25265905261039734,2.722824811935425,2.6786279678344727,1.0,0.027555874697064896,0.027555874697064896,0.05363382250174703,1.0,0.053326385270105955,0.053326385270105955,0.1012532981530343,0.47068403908794787,0.06030884808013356,0.05647840531561462,0.1069182389937107,1.0,0.05211047420531527,0.05211047420531527,0.09905894006934125,C:\Users\vaidy\OneDrive\Desktop\Programming\COMPUTER VISION\TumorDetetction\brisc2025\classification_task\test\glioma\brisc2025_test_00202_gl_sa_t1.jpg,C:\Users\vaidy\OneDrive\Desktop\Programming\COMPUTER VISION\TumorDetetction\brisc2025\segmentation_task\test\masks\brisc2025_test_00202_gl_sa_t1.png
brisc2025_test_00203_gl_sa_t1.jpg,glioma,0,glioma,0,True,0.9999831914901733,Large,2.72064208984375,2.4139404296875,0.9040118870728083,0.8248373101952278,0.961441213653603,0.8530566461020751,0.9990431822816181,0.9950714111328125,0.2515592575073242,9.457521438598633,8.528139114379883,1.0,0.07597579682972558,0.07597579682972558,0.14122212981664092,1.0,0.1649856574442491,0.1649856574442491,0.28324066719618746,0.9427930454290522,0.44565217391304346,0.4339184305627259,0.6052205220522052,1.0,0.14638660127695013,0.14638660127695013,0.25538784405521026,C:\Users\vaidy\OneDrive\Desktop\Programming\COMPUTER VISION\TumorDetetction\brisc2025\classification_task\test\glioma\brisc2025_test_00203_gl_sa_t1.jpg,C:\Users\vaidy\OneDrive\Desktop\Programming\COMPUTER VISION\TumorDetetction\brisc2025\segmentation_task\test\masks\brisc2025_test_00203_gl_sa_t1.png
brisc2025_test_00204_gl_sa_t1.jpg,glioma,0,glioma,0,True,0.9970211386680603,Medium,0.93231201171875,0.66986083984375,0.7257142857142858,0.5695067264573991,0.8678815489749431,0.6235679214402619,0.9991066615325376,0.99560546875,0.24095852673053741,3.4837822914123535,2.590167999267578,1.0,0.027217247984320014,0.027217247984320014,0.052992194275802255,1.0,0.060007857002553525,0.060007857002553525,0.11322153247475215,0.9934533551554828,0.1670335718216841,0.1668499175371083,0.2859835100117786,1.0,0.04311530151247299,0.04311530151247299,0.0826664155917522,C:\Users\vaidy\OneDrive\Desktop\Programming\COMPUTER VISION\TumorDetetction\brisc2025\classification_task\test\glioma\brisc2025_test_00204_gl_sa_t1.jpg,C:\Users\vaidy\OneDrive\Desktop\Programming\COMPUTER VISION\TumorDetetction\brisc2025\segmentation_task\test\masks\brisc2025_test_00204_gl_sa_t1.png
brisc2025_test_00205_gl_sa_t1.jpg,glioma,0,glioma,0,True,0.9997432827949524,Large,2.19268798828125,1.7425537109375,0.8212485459480419,0.6967105263157894,0.9273204903677759,0.7369519832985386,0.9987051280051171,0.9929656982421875,0.23715047538280487,6.1765217781066895,4.626633167266846,1.0,0.06561044653456305,0.06561044653456305,0.12314152277304083,0.9742519137091162,0.1307433694434068,0.13029315960912052,0.23054755043227665,0.2372999304105776,0.0806146572104019,0.06402553511077731,0.12034586200811717,0.9509632224168126,0.10141949943967127,0.10089186176142698,0.18329113924050633,C:\Users\vaidy\OneDrive\Desktop\Programming\COMPUTER VISION\TumorDetetction\brisc2025\classification_task\test\glioma\brisc2025_test_00205_gl_sa_t1.jpg,C:\Users\vaidy\OneDrive\Desktop\Programming\COMPUTER VISION\TumorDetetction\brisc2025\segmentation_task\test\masks\brisc2025_test_00205_gl_sa_t1.png
brisc2025_test_00206_gl_sa_t1.jpg,glioma,0,glioma,0,True,0.9999207258224487,Large,3.369140625,2.79388427734375,0.812082198564001,0.6836181742392664,0.8956854178044784,0.7427536231884058,0.996983956543709,0.9884185791015625,0.3044549822807312,6.116854667663574,4.910485744476318,1.0,0.07456940222897669,0.07456940222897669,0.13878936451065435,0.6000905797101449,0.10076811924861206,0.09442702394526796,0.17255974474181154,0.11367753623188406,0.046063497889521014,0.033891439373480964,0.06556092464411649,0.5439650464227198,0.0757472051106548,0.07122425629290619,0.13297730307076103,C:\Users\vaidy\OneDrive\Desktop\Programming\COMPUTER VISION\TumorDetetction\brisc2025\classification_task\test\glioma\brisc2025_test_00206_gl_sa_t1.jpg,C:\Users\vaidy\OneDrive\Desktop\Programming\COMPUTER VISION\TumorDetetction\brisc2025\segmentation_task\test\masks\brisc2025_test_00206_gl_sa_t1.png
brisc2025_test_00207_gl_sa_t1.jpg,glioma,0,glioma,0,True,0.9985607266426086,Medium,0.9124755859375,0.0,0.0,0.0,0.0,0.0,1.0,0.990875244140625,0.2672838866710663,1.736209511756897,0.0,1.0,0.023372156648166966,0.023372156648166966,0.04567674915979224,0.5016722408026756,0.02674750356633381,0.026055237102657634,0.05078720162519045,0.0,0.0,0.0,0.0,0.0,0.0,0.0,0.0,C:\Users\vaidy\OneDrive\Desktop\Programming\COMPUTER VISION\TumorDetetction\brisc2025\classification_task\test\glioma\brisc2025_test_00207_gl_sa_t1.jpg,C:\Users\vaidy\OneDrive\Desktop\Programming\COMPUTER VISION\TumorDetetction\brisc2025\segmentation_task\test\masks\brisc2025_test_00207_gl_sa_t1.png
brisc2025_test_00208_gl_sa_t1.jpg,glioma,0,glioma,0,True,0.9999183416366577,Large,3.96270751953125,1.9439697265625,0.6458279514337381,0.4769172071728348,0.9811616954474097,0.48132460531382365,0.9996186784028981,0.9790802001953125,0.2767028212547302,10.797762870788574,5.6985931396484375,1.0,0.0989521813678796,0.0989521813678796,0.1800845988489009,0.9638043896804005,0.20195255768920445,0.20043241511851378,0.333933693549463,0.5498652291105122,0.3169811320754717,0.2516743038420867,0.4021402421852999,1.0,0.10279167339035017,0.10279167339035017,0.18642083699151302,C:\Users\vaidy\OneDrive\Desktop\Programming\COMPUTER VISION\TumorDetetction\brisc2025\classification_task\test\glioma\brisc2025_test_00208_gl_sa_t1.jpg,C:\Users\vaidy\OneDrive\Desktop\Programming\COMPUTER VISION\TumorDetetction\brisc2025\segmentation_task\test\masks\brisc2025_test_00208_gl_sa_t1.png
brisc2025_test_00209_gl_sa_t1.jpg,glioma,0,glioma,0,True,0.9683624505996704,Large,3.43170166015625,2.77099609375,0.8703567035670356,0.7704703832752613,0.9741189427312775,0.786571809693197,0.9992573514307835,0.9919586181640625,0.3381167948246002,8.60169506072998,7.027224540710449,1.0,0.05920914069081719,0.05920914069081719,0.11179877215221336,1.0,0.14631448832216512,0.14631448832216512,0.25527809307604993,0.8852823477100934,0.48022190062711045,0.45208900999091733,0.6226739640344019,1.0,0.11814455793377139,0.11814455793377139,0.21132251120032583,C:\Users\vaidy\OneDrive\Desktop\Programming\COMPUTER VISION\TumorDetetction\brisc2025\classification_task\test\glioma\brisc2025_test_00209_gl_sa_t1.jpg,C:\Users\vaidy\OneDrive\Desktop\Programming\COMPUTER VISION\TumorDetetction\brisc2025\segmentation_task\test\masks\brisc2025_test_00209_gl_sa_t1.png
brisc2025_test_00210_gl_sa_t1.jpg,glioma,0,glioma,0,True,1.0,Large,4.88128662109375,0.0,0.0,0.0,0.0,0.0,1.0,0.9511871337890625,0.33576422929763794,10.695463180541992,0.0,0.994685839324789,0.0930327749027863,0.09298655756867329,0.17015132880594622,0.7780556423882463,0.147156201962871,0.14122787108488424,0.24750161587033262,0.6164426383244764,0.3065443805378517,0.2574412532637076,0.40946843853820597,0.0,0.0,0.0,0.0,C:\Users\vaidy\OneDrive\Desktop\Programming\COMPUTER VISION\TumorDetetction\brisc2025\classification_task\test\glioma\brisc2025_test_00210_gl_sa_t1.jpg,C:\Users\vaidy\OneDrive\Desktop\Programming\COMPUTER VISION\TumorDetetction\brisc2025\segmentation_task\test\masks\brisc2025_test_00210_gl_sa_t1.png
brisc2025_test_00211_gl_sa_t1.jpg,glioma,0,glioma,0,True,0.9999750852584839,Large,3.98101806640625,1.53961181640625,0.4538419016030956,0.29352878083661066,0.8136769078295342,0.314679954005366,0.9970124112066363,0.9698486328125,0.2872600555419922,7.291817665100098,3.8958098888397217,1.0,0.09288664198234121,0.09288664198234121,0.1699840375280972,0.42889996167113836,0.08226731363034848,0.07414524251258946,0.1380544075010795,0.1165197393637409,0.06527807601460167,0.043665613329503014,0.08367740159647674,1.0,0.07418026760770476,0.07418026760770476,0.13811511874615015,C:\Users\vaidy\OneDrive\Desktop\Programming\COMPUTER VISION\TumorDetetction\brisc2025\classification_task\test\glioma\brisc2025_test_00211_gl_sa_t1.jpg,C:\Users\vaidy\OneDrive\Desktop\Programming\COMPUTER VISION\TumorDetetction\brisc2025\segmentation_task\test\masks\brisc2025_test_00211_gl_sa_t1.png
brisc2025_test_00212_gl_sa_t1.jpg,glioma,0,glioma,0,True,0.9999444484710693,Small,0.372314453125,0.5218505859375,0.7679180887372014,0.6232686980609419,0.6578947368421053,0.9221311475409836,0.9982080499908105,0.9979248046875,0.2789975702762604,0.8892683386802673,1.280301570892334,1.0,0.009496380477932592,0.009496380477932592,0.018814095149973013,1.0,0.020594193112761647,0.020594193112761647,0.04035726099900761,0.06967213114754098,0.0032356299961933763,0.0031016237912789638,0.0061840669334303384,1.0,0.028865631330182308,0.028865631330182308,0.05611156685808039,C:\Users\vaidy\OneDrive\Desktop\Programming\COMPUTER VISION\TumorDetetction\brisc2025\classification_task\test\glioma\brisc2025_test_00212_gl_sa_t1.jpg,C:\Users\vaidy\OneDrive\Desktop\Programming\COMPUTER VISION\TumorDetetction\brisc2025\segmentation_task\test\masks\brisc2025_test_00212_gl_sa_t1.png
brisc2025_test_00213_gl_sa_t1.jpg,glioma,0,glioma,0,True,0.9999881982803345,Small,0.494384765625,0.95367431640625,0.6448893572181243,0.4758942457231726,0.4896,0.9444444444444444,0.9951082622830154,0.9948577880859375,0.24968409538269043,1.3136804103851318,2.296572685241699,1.0,0.015348176219801042,0.015348176219801042,0.03023234114024447,1.0,0.02852112676056338,0.02852112676056338,0.05546045874700445,0.033950617283950615,0.0022366815778771857,0.0021028484037468936,0.004196871423120946,0.8256,0.04542253521126761,0.04499084488621501,0.08610763454317898,C:\Users\vaidy\OneDrive\Desktop\Programming\COMPUTER VISION\TumorDetetction\brisc2025\classification_task\test\glioma\brisc2025_test_00213_gl_sa_t1.jpg,C:\Users\vaidy\OneDrive\Desktop\Programming\COMPUTER VISION\TumorDetetction\brisc2025\segmentation_task\test\masks\brisc2025_test_00213_gl_sa_t1.png
brisc2025_test_00214_gl_sa_t1.jpg,glioma,0,glioma,0,True,0.9999991655349731,Medium,1.45416259765625,1.3671875,0.9410492157923201,0.8886618998978549,0.9709821428571429,0.912906610703043,0.9995974172769924,0.9983367919921875,0.33558282256126404,3.0217723846435547,2.8535494804382324,1.0,0.02872731657321999,0.02872731657321999,0.055850206581299265,0.9958027282266527,0.05679573882338859,0.056782145635134326,0.10746234854489865,0.32948583420776495,0.049123904881101375,0.044659365666334806,0.085500340367597,1.0,0.05362379555927943,0.05362379555927943,0.10178926441351889,C:\Users\vaidy\OneDrive\Desktop\Programming\COMPUTER VISION\TumorDetetction\brisc2025\classification_task\test\glioma\brisc2025_test_00214_gl_sa_t1.jpg,C:\Users\vaidy\OneDrive\Desktop\Programming\COMPUTER VISION\TumorDetetction\brisc2025\segmentation_task\test\masks\brisc2025_test_00214_gl_sa_t1.png
brisc2025_test_00215_gl_sa_t1.jpg,glioma,0,glioma,0,True,0.9996042847633362,Medium,1.41448974609375,1.30615234375,0.9298934380257993,0.8689727463312369,0.9684579439252337,0.8942826321467098,0.9995821015647974,0.9980926513671875,0.30035364627838135,2.551008462905884,2.3552439212799072,1.0,0.031585403250536645,0.031585403250536645,0.061236623067776455,0.622437971952535,0.04372205804349474,0.04259245589429394,0.08170489946190881,0.005393743257820928,0.0010052271813429834,0.0008480325644504749,0.0016946280291476022,0.6261682242990654,0.040615291354095626,0.0396537693275135,0.07628264427524371,C:\Users\vaidy\OneDrive\Desktop\Programming\COMPUTER VISION\TumorDetetction\brisc2025\classification_task\test\glioma\brisc2025_test_00215_gl_sa_t1.jpg,C:\Users\vaidy\OneDrive\Desktop\Programming\COMPUTER VISION\TumorDetetction\brisc2025\segmentation_task\test\masks\brisc2025_test_00215_gl_sa_t1.png
brisc2025_test_00216_gl_sa_t1.jpg,glioma,0,glioma,0,True,0.9999936819076538,Large,3.8055419921875,3.62701416015625,0.7875179634571956,0.6495089739248222,0.806899453092133,0.7690457097032879,0.992719139621205,0.9842071533203125,0.2992909550666809,11.117527961730957,10.772802352905273,1.0,0.08821136773600255,0.08821136773600255,0.16212175382715246,1.0,0.17825745121864056,0.17825745121864056,0.302578101304216,0.8989574979951884,0.4157240867791582,0.39716563330380866,0.5685304932166857,1.0,0.16989493245657922,0.16989493245657922,0.29044477028348,C:\Users\vaidy\OneDrive\Desktop\Programming\COMPUTER VISION\TumorDetetction\brisc2025\classification_task\test\glioma\brisc2025_test_00216_gl_sa_t1.jpg,C:\Users\vaidy\OneDrive\Desktop\Programming\COMPUTER VISION\TumorDetetction\brisc2025\segmentation_task\test\masks\brisc2025_test_00216_gl_sa_t1.png
brisc2025_test_00217_gl_sa_t1.jpg,glioma,0,glioma,0,True,0.9999464750289917,Medium,1.96685791015625,1.2725830078125,0.5642958078191239,0.3930446194225722,0.7182254196642686,0.46470131885182314,0.9963422416610892,0.9858856201171875,0.23888376355171204,5.212575912475586,3.910393714904785,0.9658650116369278,0.06027888060424131,0.06015073920185525,0.11347582372510595,0.6539953452288596,0.0827200471003827,0.07925166870358184,0.14686411149825784,0.430566330488751,0.14733209450491108,0.12330593201510776,0.21954113924050633,0.9988009592326139,0.08173878912766167,0.08173076923076923,0.1511111111111111,C:\Users\vaidy\OneDrive\Desktop\Programming\COMPUTER VISION\TumorDetetction\brisc2025\classification_task\test\glioma\brisc2025_test_00217_gl_sa_t1.jpg,C:\Users\vaidy\OneDrive\Desktop\Programming\COMPUTER VISION\TumorDetetction\brisc2025\segmentation_task\test\masks\brisc2025_test_00217_gl_sa_t1.png
brisc2025_test_00218_gl_sa_t1.jpg,glioma,0,glioma,0,True,0.9994812607765198,Large,2.60162353515625,1.93634033203125,0.6294552790854069,0.4592737978410206,0.7375886524822695,0.5489736070381231,0.9947830991211167,0.983184814453125,0.2760588228702545,4.884457111358643,3.0723116397857666,1.0,0.06729289181828946,0.06729289181828946,0.12610014052215074,0.5208211143695015,0.07145731069445561,0.06704922983992752,0.12567223322954996,0.017008797653958945,0.006590909090909091,0.004772876892692561,0.0095004095004095,0.2986603624901497,0.03049810895630482,0.028459863332582415,0.0553446261682243,C:\Users\vaidy\OneDrive\Desktop\Programming\COMPUTER VISION\TumorDetetction\brisc2025\classification_task\test\glioma\brisc2025_test_00218_gl_sa_t1.jpg,C:\Users\vaidy\OneDrive\Desktop\Programming\COMPUTER VISION\TumorDetetction\brisc2025\segmentation_task\test\masks\brisc2025_test_00218_gl_sa_t1.png
brisc2025_test_00219_gl_sa_t1.jpg,glioma,0,glioma,0,True,0.9987714886665344,Medium,1.15814208984375,1.202392578125,0.9153199741435035,0.8438617401668653,0.8984771573604061,0.932806324110672,0.9987649937477808,0.9980010986328125,0.27456122636795044,3.7277538776397705,3.8536951541900635,1.0,0.02942772952853598,0.02942772952853598,0.05717298783473315,1.0,0.05404058383766465,0.05404058383766465,0.10253985409348824,0.994729907773386,0.1273831618019234,0.12729725172820772,0.22584504935686509,1.0,0.056105375578497686,0.056105375578497686,0.10624957864221668,C:\Users\vaidy\OneDrive\Desktop\Programming\COMPUTER VISION\TumorDetetction\brisc2025\classification_task\test\glioma\brisc2025_test_00219_gl_sa_t1.jpg,C:\Users\vaidy\OneDrive\Desktop\Programming\COMPUTER VISION\TumorDetetction\brisc2025\segmentation_task\test\masks\brisc2025_test_00219_gl_sa_t1.png
brisc2025_test_00220_gl_sa_t1.jpg,glioma,0,glioma,0,True,0.9962378740310669,Large,3.36761474609375,2.5482177734375,0.8114521537271085,0.6827256944444444,0.9419161676646707,0.7127322156773901,0.9984683162532173,0.9888458251953125,0.309444785118103,8.154448509216309,6.456458568572998,1.0,0.06645188486089365,0.06645188486089365,0.12462237781981422,1.0,0.1628421751641703,0.1628421751641703,0.2800761421319797,0.5373810602628002,0.24713481975411544,0.20378006872852233,0.3385669426206109,1.0,0.1232199513022947,0.1232199513022947,0.21940484792747816,C:\Users\vaidy\OneDrive\Desktop\Programming\COMPUTER VISION\TumorDetetction\brisc2025\classification_task\test\glioma\brisc2025_test_00220_gl_sa_t1.jpg,C:\Users\vaidy\OneDrive\Desktop\Programming\COMPUTER VISION\TumorDetetction\brisc2025\segmentation_task\test\masks\brisc2025_test_00220_gl_sa_t1.png
brisc2025_test_00221_gl_sa_t1.jpg,glioma,0,glioma,0,True,0.9998346567153931,Medium,2.1392822265625,2.16217041015625,0.9478538488825825,0.9008766014834795,0.9428369795342273,0.9529243937232525,0.998737019365703,0.9977569580078125,0.24411500990390778,7.89870548248291,7.973673343658447,1.0,0.06392777347134193,0.06392777347134193,0.12017314533064757,1.0,0.1194614860259032,0.1194614860259032,0.21342670117217233,1.0,0.31038299756475535,0.31038299756475535,0.47372867038351074,1.0,0.12073960463531015,0.12073960463531015,0.2154641526647913,C:\Users\vaidy\OneDrive\Desktop\Programming\COMPUTER VISION\TumorDetetction\brisc2025\classification_task\test\glioma\brisc2025_test_00221_gl_sa_t1.jpg,C:\Users\vaidy\OneDrive\Desktop\Programming\COMPUTER VISION\TumorDetetction\brisc2025\segmentation_task\test\masks\brisc2025_test_00221_gl_sa_t1.png
brisc2025_test_00222_gl_sa_t1.jpg,glioma,0,glioma,0,True,0.9999933242797852,Large,6.59942626953125,3.71246337890625,0.7153003847292099,0.5567841511172541,0.9934237566789971,0.5588439306358381,0.9997386090735325,0.97064208984375,0.2846536636352539,14.630683898925781,7.493029594421387,1.0,0.16272245005455435,0.16272245005455435,0.2798990421951851,0.7033526011560693,0.22271030090050517,0.20358720385490564,0.33830071174377224,0.315606936416185,0.23558853986882983,0.15592871830020563,0.2697895048917877,0.6929716399506781,0.12343509773775532,0.11703456892961266,0.20954511558538405,C:\Users\vaidy\OneDrive\Desktop\Programming\COMPUTER VISION\TumorDetetction\brisc2025\classification_task\test\glioma\brisc2025_test_00222_gl_sa_t1.jpg,C:\Users\vaidy\OneDrive\Desktop\Programming\COMPUTER VISION\TumorDetetction\brisc2025\segmentation_task\test\masks\brisc2025_test_00222_gl_sa_t1.png
brisc2025_test_00223_gl_sa_t1.jpg,glioma,0,glioma,0,True,0.9999942779541016,Medium,0.90179443359375,2.33612060546875,0.5051837888784166,0.3379571248423707,0.35009797517962116,0.9069373942470389,0.9846793440603587,0.983978271484375,0.3548874258995056,1.9342035055160522,5.110146999359131,1.0,0.0166516398061535,0.0166516398061535,0.03275780838622066,1.0,0.02932274869759365,0.02932274869759365,0.05697483852308879,0.6277495769881557,0.03889296571967712,0.03801619018342043,0.07324777887462981,0.8987589810581319,0.06827090052096255,0.06774987690792712,0.1269021488517938,C:\Users\vaidy\OneDrive\Desktop\Programming\COMPUTER VISION\TumorDetetction\brisc2025\classification_task\test\glioma\brisc2025_test_00223_gl_sa_t1.jpg,C:\Users\vaidy\OneDrive\Desktop\Programming\COMPUTER VISION\TumorDetetction\brisc2025\segmentation_task\test\masks\brisc2025_test_00223_gl_sa_t1.png
brisc2025_test_00224_gl_sa_t1.jpg,glioma,0,glioma,0,True,0.9998176693916321,Small,0.17242431640625,0.0,0.0,0.0,0.0,0.0,1.0,0.9982757568359375,0.21704326570034027,0.5340999960899353,0.0,1.0,0.0060580067549455855,0.0060580067549455855,0.01204305659170841,1.0,0.011714700393945676,0.011714700393945676,0.023158110462137515,0.0,0.0,0.0,0.0,0.0,0.0,0.0,0.0,C:\Users\vaidy\OneDrive\Desktop\Programming\COMPUTER VISION\TumorDetetction\brisc2025\classification_task\test\glioma\brisc2025_test_00224_gl_sa_t1.jpg,C:\Users\vaidy\OneDrive\Desktop\Programming\COMPUTER VISION\TumorDetetction\brisc2025\segmentation_task\test\masks\brisc2025_test_00224_gl_sa_t1.png
brisc2025_test_00225_gl_sa_t1.jpg,glioma,0,glioma,0,True,0.9939383268356323,Small,0.4638671875,1.37939453125,0.478476821192053,0.3144722524483134,0.3196902654867257,0.9506578947368421,0.9905721118469463,0.990386962890625,0.2613171637058258,1.569708228111267,4.909665107727051,1.0,0.012546947872384332,0.012546947872384332,0.024782945420454082,1.0,0.02685749624525135,0.02685749624525135,0.05231007485158737,1.0,0.06259007617871114,0.06259007617871114,0.11780662662274753,1.0,0.07986571251877374,0.07986571251877374,0.14791785977255992,C:\Users\vaidy\OneDrive\Desktop\Programming\COMPUTER VISION\TumorDetetction\brisc2025\classification_task\test\glioma\brisc2025_test_00225_gl_sa_t1.jpg,C:\Users\vaidy\OneDrive\Desktop\Programming\COMPUTER VISION\TumorDetetction\brisc2025\segmentation_task\test\masks\brisc2025_test_00225_gl_sa_t1.png
brisc2025_test_00226_gl_sa_t1.jpg,glioma,0,glioma,0,True,0.9995587468147278,Medium,1.25732421875,1.21002197265625,0.930117501546073,0.869364161849711,0.9482976040353089,0.912621359223301,0.9993664235381382,0.9982757568359375,0.22264502942562103,5.219227313995361,5.0333476066589355,1.0,0.04085477713322425,0.04085477713322425,0.07850235792883342,1.0,0.09197455073110838,0.09197455073110838,0.16845548400286212,1.0,0.2542425177414378,0.2542425177414378,0.4054120541205412,1.0,0.08851434311865164,0.08851434311865164,0.16263330598851516,C:\Users\vaidy\OneDrive\Desktop\Programming\COMPUTER VISION\TumorDetetction\brisc2025\classification_task\test\glioma\brisc2025_test_00226_gl_sa_t1.jpg,C:\Users\vaidy\OneDrive\Desktop\Programming\COMPUTER VISION\TumorDetetction\brisc2025\segmentation_task\test\masks\brisc2025_test_00226_gl_sa_t1.png
brisc2025_test_00227_gl_sa_t1.jpg,glioma,0,glioma,0,True,0.9995875954627991,Small,0.54779052734375,0.8544921875,0.7529923830250272,0.6038394415357766,0.6178571428571429,0.9637883008356546,0.9967166331681422,0.9965362548828125,0.2403278946876526,2.207043170928955,3.3993113040924072,1.0,0.016370269037847697,0.016370269037847697,0.032213199335995334,1.0,0.0343770947045868,0.0343770947045868,0.06646917237548602,1.0,0.08736918958384035,0.08736918958384035,0.16069829901521934,1.0,0.053624437422196684,0.053624437422196684,0.10179042079432882,C:\Users\vaidy\OneDrive\Desktop\Programming\COMPUTER VISION\TumorDetetction\brisc2025\classification_task\test\glioma\brisc2025_test_00227_gl_sa_t1.jpg,C:\Users\vaidy\OneDrive\Desktop\Programming\COMPUTER VISION\TumorDetetction\brisc2025\segmentation_task\test\masks\brisc2025_test_00227_gl_sa_t1.png
brisc2025_test_00228_gl_sa_t1.jpg,glioma,0,glioma,0,True,0.9300788640975952,Small,0.6591796875,0.75836181640625,0.8245425188374597,0.7014652014652014,0.7706237424547284,0.8865740740740741,0.9982489555173262,0.9975128173828125,0.2178918421268463,2.786426544189453,3.2067933082580566,1.0,0.02119205298013245,0.02119205298013245,0.041504539559014265,1.0,0.044307692307692305,0.044307692307692305,0.08485562757807896,1.0,0.12442396313364056,0.12442396313364056,0.22131147540983606,1.0,0.05097435897435897,0.05097435897435897,0.09700400117107447,C:\Users\vaidy\OneDrive\Desktop\Programming\COMPUTER VISION\TumorDetetction\brisc2025\classification_task\test\glioma\brisc2025_test_00228_gl_sa_t1.jpg,C:\Users\vaidy\OneDrive\Desktop\Programming\COMPUTER VISION\TumorDetetction\brisc2025\segmentation_task\test\masks\brisc2025_test_00228_gl_sa_t1.png
brisc2025_test_00229_gl_sa_t1.jpg,glioma,0,glioma,0,True,0.9124175310134888,Medium,0.7293701171875,0.732421875,0.8747390396659708,0.7773654916512059,0.8729166666666667,0.8765690376569037,0.999062375111439,0.9981689453125,0.22212716937065125,2.587770938873291,2.6316161155700684,1.0,0.02231976092641016,0.02231976092641016,0.04366493103133279,1.0,0.04810304921002315,0.04810304921002315,0.09179068650984157,0.6924686192468619,0.09738158281847602,0.09334461364918217,0.17075058034562807,1.0,0.0483043171983496,0.0483043171983496,0.09215705097436883,C:\Users\vaidy\OneDrive\Desktop\Programming\COMPUTER VISION\TumorDetetction\brisc2025\classification_task\test\glioma\brisc2025_test_00229_gl_sa_t1.jpg,C:\Users\vaidy\OneDrive\Desktop\Programming\COMPUTER VISION\TumorDetetction\brisc2025\segmentation_task\test\masks\brisc2025_test_00229_gl_sa_t1.png
brisc2025_test_00230_gl_sa_t1.jpg,glioma,0,glioma,0,True,0.5311039090156555,Large,2.18505859375,2.13470458984375,0.8738961497703992,0.7760351317440402,0.8842030021443888,0.8638268156424581,0.997472856608012,0.9945526123046875,0.34565237164497375,3.3223092555999756,3.348149299621582,1.0,0.03485626658228464,0.03485626658228464,0.06736445960249324,0.5551675977653632,0.04215493928628241,0.04077759540418548,0.07835986397910404,0.06005586592178771,0.03220973782771536,0.02141434262948207,0.04193076548025353,0.5782701929949964,0.04289729041836789,0.041595968944418735,0.07986968111363411,C:\Users\vaidy\OneDrive\Desktop\Programming\COMPUTER VISION\TumorDetetction\brisc2025\classification_task\test\glioma\brisc2025_test_00230_gl_sa_t1.jpg,C:\Users\vaidy\OneDrive\Desktop\Programming\COMPUTER VISION\TumorDetetction\brisc2025\segmentation_task\test\masks\brisc2025_test_00230_gl_sa_t1.png
brisc2025_test_00231_gl_sa_t1.jpg,glioma,0,meningioma,1,False,0.5478780269622803,Large,2.14080810546875,2.06298828125,0.915426497277677,0.8440428380187416,0.9326923076923077,0.8987883107626514,0.9985810737062043,0.9964447021484375,0.313766747713089,3.7768971920013428,3.712939500808716,0.9914468995010691,0.04099616858237548,0.040981674621413,0.07873659185464014,0.5573770491803278,0.0563969421606808,0.053979429833643955,0.10242975964372257,0.23093371347113328,0.06674907292954264,0.05460980953986179,0.10356400831069203,0.5865384615384616,0.05719024953122746,0.054974003466204506,0.10421868839532133,C:\Users\vaidy\OneDrive\Desktop\Programming\COMPUTER VISION\TumorDetetction\brisc2025\classification_task\test\glioma\brisc2025_test_00231_gl_sa_t1.jpg,C:\Users\vaidy\OneDrive\Desktop\Programming\COMPUTER VISION\TumorDetetction\brisc2025\segmentation_task\test\masks\brisc2025_test_00231_gl_sa_t1.png
brisc2025_test_00232_gl_sa_t1.jpg,glioma,0,glioma,0,True,0.8580723404884338,Medium,0.88653564453125,1.01470947265625,0.8587479935794543,0.7524613220815752,0.8045112781954887,0.9208261617900172,0.9979986144253714,0.997314453125,0.24468131363391876,3.149766445159912,3.5752675533294678,1.0,0.026518782235610935,0.026518782235610935,0.0516674077367719,1.0,0.061527057079318014,0.061527057079318014,0.11592178770949721,0.8072289156626506,0.11574531095755182,0.11263208453410183,0.20246060867688323,1.0,0.07042253521126761,0.07042253521126761,0.13157894736842105,C:\Users\vaidy\OneDrive\Desktop\Programming\COMPUTER VISION\TumorDetetction\brisc2025\classification_task\test\glioma\brisc2025_test_00232_gl_sa_t1.jpg,C:\Users\vaidy\OneDrive\Desktop\Programming\COMPUTER VISION\TumorDetetction\brisc2025\segmentation_task\test\masks\brisc2025_test_00232_gl_sa_t1.png
brisc2025_test_00233_gl_sa_t1.jpg,glioma,0,meningioma,1,False,0.9570819735527039,Medium,1.30157470703125,1.26495361328125,0.9262782401902497,0.8626799557032115,0.9396863691194209,0.9132473622508792,0.9992269993661395,0.99810791015625,0.229441836476326,4.766169548034668,4.618288040161133,1.0,0.041053036865915875,0.041053036865915875,0.07886829087883131,1.0,0.0951796474001339,0.0951796474001339,0.17381558838512481,0.9718640093786636,0.2977729885057471,0.2952279202279202,0.45587022271102556,1.0,0.09250167373354162,0.09250167373354162,0.16933918905116943,C:\Users\vaidy\OneDrive\Desktop\Programming\COMPUTER VISION\TumorDetetction\brisc2025\classification_task\test\glioma\brisc2025_test_00233_gl_sa_t1.jpg,C:\Users\vaidy\OneDrive\Desktop\Programming\COMPUTER VISION\TumorDetetction\brisc2025\segmentation_task\test\masks\brisc2025_test_00233_gl_sa_t1.png
brisc2025_test_00234_gl_sa_t1.jpg,glioma,0,meningioma,1,False,0.8012929558753967,Medium,1.16729736328125,1.1993408203125,0.9078014184397163,0.8311688311688312,0.8956743002544529,0.9202614379084967,0.9987340013277547,0.9978179931640625,0.2793146073818207,3.7458229064941406,3.8301262855529785,1.0,0.029104051740536426,0.029104051740536426,0.056561922365988906,1.0,0.06272548376516891,0.06272548376516891,0.11804644703340791,1.0,0.14842840512223515,0.14842840512223515,0.2584896097313735,1.0,0.06444735979009511,0.06444735979009511,0.12109074102603605,C:\Users\vaidy\OneDrive\Desktop\Programming\COMPUTER VISION\TumorDetetction\brisc2025\classification_task\test\glioma\brisc2025_test_00234_gl_sa_t1.jpg,C:\Users\vaidy\OneDrive\Desktop\Programming\COMPUTER VISION\TumorDetetction\brisc2025\segmentation_task\test\masks\brisc2025_test_00234_gl_sa_t1.png
brisc2025_test_00235_gl_sa_t1.jpg,glioma,0,meningioma,1,False,0.9861347079277039,Medium,1.0223388671875,0.6439208984375,0.7655677655677655,0.6201780415430267,0.990521327014218,0.6238805970149254,0.9999383344124811,0.99609375,0.3732866942882538,1.8728541135787964,1.161353349685669,1.0,0.016678283381459724,0.016678283381459724,0.03280936291072915,1.0,0.028102848034897866,0.028102848034897866,0.05466933213659173,0.208955223880597,0.020196191575302943,0.01876172607879925,0.03683241252302026,1.0,0.017700599807055073,0.017700599807055073,0.0347854758273915,C:\Users\vaidy\OneDrive\Desktop\Programming\COMPUTER VISION\TumorDetetction\brisc2025\classification_task\test\glioma\brisc2025_test_00235_gl_sa_t1.jpg,C:\Users\vaidy\OneDrive\Desktop\Programming\COMPUTER VISION\TumorDetetction\brisc2025\segmentation_task\test\masks\brisc2025_test_00235_gl_sa_t1.png
brisc2025_test_00236_gl_sa_t1.jpg,glioma,0,glioma,0,True,0.9999957084655762,Medium,2.07061767578125,1.96533203125,0.9187145557655955,0.8496503496503497,0.9433229813664596,0.8953574060427414,0.9988625562878823,0.9967193603515625,0.2359738051891327,7.343897342681885,6.993015289306641,1.0,0.06538183570224042,0.06538183570224042,0.12273878437047757,1.0,0.12698858319296275,0.12698858319296275,0.2253591297849373,0.7855563743551953,0.23490524460114587,0.22074963760612965,0.3616624257845632,1.0,0.12053153658993075,0.12053153658993075,0.21513278770669786,C:\Users\vaidy\OneDrive\Desktop\Programming\COMPUTER VISION\TumorDetetction\brisc2025\classification_task\test\glioma\brisc2025_test_00236_gl_sa_t1.jpg,C:\Users\vaidy\OneDrive\Desktop\Programming\COMPUTER VISION\TumorDetetction\brisc2025\segmentation_task\test\masks\brisc2025_test_00236_gl_sa_t1.png
brisc2025_test_00237_gl_sa_t1.jpg,glioma,0,glioma,0,True,0.8393837213516235,Medium,0.86669921875,1.98974609375,0.5459401709401709,0.37545922116091107,0.3918711656441718,0.8996478873239436,0.9877939908878217,0.987030029296875,0.24642910063266754,2.744399309158325,6.009128093719482,1.0,0.023695298485670185,0.023695298485670185,0.046293654998166185,1.0,0.048237791932059446,0.048237791932059446,0.09203597180588188,0.6566901408450704,0.0797860962566845,0.07659137577002054,0.14228495136372307,1.0,0.11074309978768578,0.11074309978768578,0.1994036241302852,C:\Users\vaidy\OneDrive\Desktop\Programming\COMPUTER VISION\TumorDetetction\brisc2025\classification_task\test\glioma\brisc2025_test_00237_gl_sa_t1.jpg,C:\Users\vaidy\OneDrive\Desktop\Programming\COMPUTER VISION\TumorDetetction\brisc2025\segmentation_task\test\masks\brisc2025_test_00237_gl_sa_t1.png
brisc2025_test_00238_gl_sa_t1.jpg,glioma,0,glioma,0,True,0.9825947880744934,Large,8.37554931640625,3.8116455078125,0.6212595467634907,0.45059934616781694,0.9931945556445156,0.4519948988886865,0.9997168884373907,0.9538421630859375,0.3000471591949463,20.945859909057617,9.854456901550293,1.0,0.19361552028218695,0.19361552028218695,0.3244185702887201,0.876662415740572,0.35518157661647476,0.33827768014059756,0.5055418395755634,0.5889961741665148,0.5665965650192779,0.4060537553378548,0.5775792764627066,0.9943955164131305,0.183348095659876,0.18315882613183895,0.3096098716190951,C:\Users\vaidy\OneDrive\Desktop\Programming\COMPUTER VISION\TumorDetetction\brisc2025\classification_task\test\glioma\brisc2025_test_00238_gl_sa_t1.jpg,C:\Users\vaidy\OneDrive\Desktop\Programming\COMPUTER VISION\TumorDetetction\brisc2025\segmentation_task\test\masks\brisc2025_test_00238_gl_sa_t1.png
brisc2025_test_00239_gl_sa_t1.jpg,glioma,0,glioma,0,True,0.9969971179962158,Large,8.61053466796875,2.4383544921875,0.44137550062146114,0.2831827042353358,1.0,0.2831827042353358,1.0,0.9382781982421875,0.1960553079843521,32.93660354614258,11.259937286376953,0.9994683678894205,0.3395749292552231,0.339513604623164,0.506920726226856,0.887116781853624,0.5757331799884992,0.5364337762537505,0.698284279536895,0.6129718234981393,0.9793318233295584,0.6051434569629112,0.7540054495912807,1.0,0.1837837837837838,0.1837837837837838,0.3105022831050228,C:\Users\vaidy\OneDrive\Desktop\Programming\COMPUTER VISION\TumorDetetction\brisc2025\classification_task\test\glioma\brisc2025_test_00239_gl_sa_t1.jpg,C:\Users\vaidy\OneDrive\Desktop\Programming\COMPUTER VISION\TumorDetetction\brisc2025\segmentation_task\test\masks\brisc2025_test_00239_gl_sa_t1.png
brisc2025_test_00240_gl_sa_t1.jpg,glioma,0,glioma,0,True,0.936659574508667,Medium,1.42059326171875,1.4007568359375,0.9042725797728501,0.8252714708785784,0.9106753812636166,0.8979591836734694,0.9987307483940872,0.9972991943359375,0.22709599137306213,3.7645106315612793,3.718679666519165,1.0,0.04556577916992952,0.04556577916992952,0.08716004306511257,0.8539205155746509,0.0775912551239508,0.07657484107108457,0.1422564194327637,0.0644468313641246,0.01583531274742676,0.012875536480686695,0.025423728813559324,0.8725490196078431,0.07817684950224478,0.07729421982051529,0.1434969544965962,C:\Users\vaidy\OneDrive\Desktop\Programming\COMPUTER VISION\TumorDetetction\brisc2025\classification_task\test\glioma\brisc2025_test_00240_gl_sa_t1.jpg,C:\Users\vaidy\OneDrive\Desktop\Programming\COMPUTER VISION\TumorDetetction\brisc2025\segmentation_task\test\masks\brisc2025_test_00240_gl_sa_t1.png
brisc2025_test_00241_gl_sa_t1.jpg,glioma,0,glioma,0,True,0.9527983069419861,Medium,1.9805908203125,1.3275146484375,0.783210332103321,0.643669446550417,0.9758620689655172,0.6540832049306625,0.9996730906939818,0.992828369140625,0.3374175429344177,4.785311698913574,3.1308557987213135,1.0,0.03526694742562152,0.03526694742562152,0.0681311182846495,1.0,0.07563221069805384,0.07563221069805384,0.14062838569880823,0.726502311248074,0.1845762380113525,0.17258418740849193,0.2943655376931481,1.0,0.050693392378510664,0.050693392378510664,0.09649511978704525,C:\Users\vaidy\OneDrive\Desktop\Programming\COMPUTER VISION\TumorDetetction\brisc2025\classification_task\test\glioma\brisc2025_test_00241_gl_sa_t1.jpg,C:\Users\vaidy\OneDrive\Desktop\Programming\COMPUTER VISION\TumorDetetction\brisc2025\segmentation_task\test\masks\brisc2025_test_00241_gl_sa_t1.png
brisc2025_test_00242_gl_sa_t1.jpg,glioma,0,glioma,0,True,0.964255690574646,Medium,0.9765625,1.18255615234375,0.8028268551236749,0.6706021251475797,0.7329032258064516,0.8875,0.9968102810650887,0.9957427978515625,0.25275564193725586,3.378889799118042,4.071577072143555,1.0,0.02940095553105476,0.02940095553105476,0.057122456265619424,1.0,0.05764207871746375,0.05764207871746375,0.1090011070424934,0.9546875,0.13464081092992508,0.13378585504707685,0.23599845500193126,1.0,0.06980095469692876,0.06980095469692876,0.1304933490486614,C:\Users\vaidy\OneDrive\Desktop\Programming\COMPUTER VISION\TumorDetetction\brisc2025\classification_task\test\glioma\brisc2025_test_00242_gl_sa_t1.jpg,C:\Users\vaidy\OneDrive\Desktop\Programming\COMPUTER VISION\TumorDetetction\brisc2025\segmentation_task\test\masks\brisc2025_test_00242_gl_sa_t1.png
brisc2025_test_00243_gl_sa_t1.jpg,glioma,0,glioma,0,True,0.9999597072601318,Large,2.7679443359375,2.2796630859375,0.8494558645707376,0.7383079348397268,0.9404283801874164,0.7745314222712238,0.9986033081196447,0.992401123046875,0.21320466697216034,10.238348960876465,8.583980560302734,1.0,0.10050418305723309,0.10050418305723309,0.18265116044907617,0.9796030871003307,0.18568443051201672,0.18496929322369104,0.3121925509486999,0.5771775082690187,0.27610759493670883,0.2296556262338232,0.37352836246878346,0.9973226238286479,0.15569487983281086,0.1556298307917276,0.2693420101229212,C:\Users\vaidy\OneDrive\Desktop\Programming\COMPUTER VISION\TumorDetetction\brisc2025\classification_task\test\glioma\brisc2025_test_00243_gl_sa_t1.jpg,C:\Users\vaidy\OneDrive\Desktop\Programming\COMPUTER VISION\TumorDetetction\brisc2025\segmentation_task\test\masks\brisc2025_test_00243_gl_sa_t1.png
brisc2025_test_00244_gl_sa_t1.jpg,glioma,0,meningioma,1,False,0.7156830430030823,Large,3.42254638671875,3.10516357421875,0.8377746610565685,0.7208366854384554,0.8805896805896806,0.7989300044583147,0.9961607128750415,0.989410400390625,0.2869555652141571,10.323616027832031,9.53930377960205,1.0,0.08467665823549397,0.08467665823549397,0.15613253515244327,1.0,0.1790389527458493,0.1790389527458493,0.30370320222056735,0.8956754346856888,0.463330258302583,0.43960612691466083,0.6107311141510868,1.0,0.1624361430395913,0.1624361430395913,0.279475382819474,C:\Users\vaidy\OneDrive\Desktop\Programming\COMPUTER VISION\TumorDetetction\brisc2025\classification_task\test\glioma\brisc2025_test_00244_gl_sa_t1.jpg,C:\Users\vaidy\OneDrive\Desktop\Programming\COMPUTER VISION\TumorDetetction\brisc2025\segmentation_task\test\masks\brisc2025_test_00244_gl_sa_t1.png
brisc2025_test_00245_gl_sa_t1.jpg,glioma,0,meningioma,1,False,0.6585237979888916,Large,3.9337158203125,3.78570556640625,0.9136192923502668,0.8409752547307132,0.9314792422410318,0.8964313421256789,0.9972997871596938,0.9933319091796875,0.35541507601737976,8.992897987365723,8.710932731628418,1.0,0.07640329559599313,0.07640329559599313,0.1419603524229075,1.0,0.14059006380542075,0.14059006380542075,0.246521635190055,0.8580294802172227,0.3063287633291788,0.291551337814683,0.45147464026941525,1.0,0.13530021268473577,0.13530021268473577,0.2383514266500144,C:\Users\vaidy\OneDrive\Desktop\Programming\COMPUTER VISION\TumorDetetction\brisc2025\classification_task\test\glioma\brisc2025_test_00245_gl_sa_t1.jpg,C:\Users\vaidy\OneDrive\Desktop\Programming\COMPUTER VISION\TumorDetetction\brisc2025\segmentation_task\test\masks\brisc2025_test_00245_gl_sa_t1.png
brisc2025_test_00246_gl_sa_t1.jpg,glioma,0,glioma,0,True,0.6535418033599854,Large,3.96728515625,3.8055419921875,0.9014526894385552,0.8205861329521087,0.9206094627105053,0.8830769230769231,0.9968539468666582,0.992340087890625,0.2251359224319458,12.995062828063965,12.697310447692871,1.0,0.1257618264486795,0.1257618264486795,0.2234252814299218,0.963076923076923,0.25969715826591994,0.257136989114808,0.4090834830909982,0.5219230769230769,0.4075075075075075,0.2967417450251476,0.45767284991568297,0.9995990376904571,0.25855631611698815,0.2585295032666183,0.41084377059986815,C:\Users\vaidy\OneDrive\Desktop\Programming\COMPUTER VISION\TumorDetetction\brisc2025\classification_task\test\glioma\brisc2025_test_00246_gl_sa_t1.jpg,C:\Users\vaidy\OneDrive\Desktop\Programming\COMPUTER VISION\TumorDetetction\brisc2025\segmentation_task\test\masks\brisc2025_test_00246_gl_sa_t1.png
brisc2025_test_00247_gl_sa_t1.jpg,glioma,0,glioma,0,True,0.9969587326049805,Medium,2.10418701171875,1.88140869140625,0.9295558958652373,0.8683834048640916,0.9845904298459043,0.8803480783176215,0.9997038514893153,0.9971923828125,0.19509363174438477,9.334864616394043,8.424930572509766,1.0,0.08011852196142226,0.08011852196142226,0.14835135280512077,1.0,0.17335009428032683,0.17335009428032683,0.2954788943646882,0.9818709209572154,0.5039077037588389,0.49926253687315636,0.6660108214461387,1.0,0.15499685732243873,0.15499685732243873,0.2683935568132347,C:\Users\vaidy\OneDrive\Desktop\Programming\COMPUTER VISION\TumorDetetction\brisc2025\classification_task\test\glioma\brisc2025_test_00247_gl_sa_t1.jpg,C:\Users\vaidy\OneDrive\Desktop\Programming\COMPUTER VISION\TumorDetetction\brisc2025\segmentation_task\test\masks\brisc2025_test_00247_gl_sa_t1.png
brisc2025_test_00248_gl_sa_t1.jpg,glioma,0,glioma,0,True,0.9995368719100952,Medium,0.84991455078125,0.84991455078125,0.9120287253141831,0.8382838283828383,0.9120287253141831,0.9120287253141831,0.999245910217147,0.998504638671875,0.25243398547172546,3.1251988410949707,3.1428070068359375,1.0,0.026049948554859228,0.026049948554859228,0.050777154838415606,1.0,0.05519223147047166,0.05519223147047166,0.1046107615738567,1.0,0.15058123817247904,0.15058123817247904,0.2617481203007519,1.0,0.05519223147047166,0.05519223147047166,0.1046107615738567,C:\Users\vaidy\OneDrive\Desktop\Programming\COMPUTER VISION\TumorDetetction\brisc2025\classification_task\test\glioma\brisc2025_test_00248_gl_sa_t1.jpg,C:\Users\vaidy\OneDrive\Desktop\Programming\COMPUTER VISION\TumorDetetction\brisc2025\segmentation_task\test\masks\brisc2025_test_00248_gl_sa_t1.png
brisc2025_test_00249_gl_sa_t1.jpg,glioma,0,meningioma,1,False,0.9508028030395508,Medium,0.8453369140625,0.87432861328125,0.8997338065661047,0.817741935483871,0.8848167539267016,0.9151624548736462,0.9989843341232957,0.9982757568359375,0.3084833025932312,2.4691338539123535,2.5493528842926025,1.0,0.015627644569816645,0.015627644569816645,0.03077435840462171,1.0,0.04107050189042924,0.04107050189042924,0.07890051983194474,0.9711191335740073,0.1026130078199504,0.10230081764594029,0.18561324823184405,1.0,0.04247905700941508,0.04247905700941508,0.0814962309771014,C:\Users\vaidy\OneDrive\Desktop\Programming\COMPUTER VISION\TumorDetetction\brisc2025\classification_task\test\glioma\brisc2025_test_00249_gl_sa_t1.jpg,C:\Users\vaidy\OneDrive\Desktop\Programming\COMPUTER VISION\TumorDetetction\brisc2025\segmentation_task\test\masks\brisc2025_test_00249_gl_sa_t1.png
brisc2025_test_00250_gl_sa_t1.jpg,glioma,0,glioma,0,True,0.9734563231468201,Medium,1.2298583984375,1.21307373046875,0.9094316052467208,0.8339060710194731,0.9157232704402516,0.9032258064516129,0.9989649312528966,0.9977874755859375,0.17964395880699158,5.814361572265625,5.796138763427734,1.0,0.04967336373721188,0.04967336373721188,0.09464537341474871,1.0,0.0970967353330924,0.0970967353330924,0.17700669814428463,0.9007444168734491,0.23525599481529488,0.22931143398610235,0.37307297019527236,1.0,0.09577159378388146,0.09577159378388146,0.17480211081794195,C:\Users\vaidy\OneDrive\Desktop\Programming\COMPUTER VISION\TumorDetetction\brisc2025\classification_task\test\glioma\brisc2025_test_00250_gl_sa_t1.jpg,C:\Users\vaidy\OneDrive\Desktop\Programming\COMPUTER VISION\TumorDetetction\brisc2025\segmentation_task\test\masks\brisc2025_test_00250_gl_sa_t1.png
brisc2025_test_00251_gl_sa_t1.jpg,glioma,0,glioma,0,True,0.9805948138237,Large,3.94744873046875,3.3355712890625,0.9017389482505762,0.8210606638687524,0.9844464775846294,0.8318515655199072,0.9994598802204959,0.9928436279296875,0.21180535852909088,15.758666038513184,13.48219108581543,1.0,0.14316546762589927,0.14316546762589927,0.250471994965387,1.0,0.2904783292162587,0.2904783292162587,0.4501870703906726,0.8658678005411674,0.6227411731998888,0.5679513184584178,0.7244501940491591,1.0,0.24545250392993487,0.24545250392993487,0.3941579516768842,C:\Users\vaidy\OneDrive\Desktop\Programming\COMPUTER VISION\TumorDetetction\brisc2025\classification_task\test\glioma\brisc2025_test_00251_gl_sa_t1.jpg,C:\Users\vaidy\OneDrive\Desktop\Programming\COMPUTER VISION\TumorDetetction\brisc2025\segmentation_task\test\masks\brisc2025_test_00251_gl_sa_t1.png
brisc2025_test_00252_gl_sa_t1.jpg,glioma,0,glioma,0,True,0.9420316219329834,Large,6.072998046875,5.572509765625,0.9261006289308176,0.862371888726208,0.9676889375684556,0.8879396984924623,0.9980830463317955,0.99139404296875,0.25369682908058167,18.892465591430664,17.308706283569336,1.0,0.1690308332625499,0.1690308332625499,0.2891811378333212,0.999748743718593,0.38014712907232256,0.38011081390905616,0.5508410050529522,0.6128140703517588,0.6495339547270306,0.46053625377643503,0.6306399482870071,1.0,0.34890608579344606,0.34890608579344606,0.517317090445499,C:\Users\vaidy\OneDrive\Desktop\Programming\COMPUTER VISION\TumorDetetction\brisc2025\classification_task\test\glioma\brisc2025_test_00252_gl_sa_t1.jpg,C:\Users\vaidy\OneDrive\Desktop\Programming\COMPUTER VISION\TumorDetetction\brisc2025\segmentation_task\test\masks\brisc2025_test_00252_gl_sa_t1.png
brisc2025_test_00253_gl_sa_t1.jpg,glioma,0,glioma,0,True,0.9925406575202942,Medium,1.97906494140625,0.7415771484375,0.44307347167694894,0.2845821325648415,0.8127572016460906,0.3045489591364688,0.9985834150593876,0.9848480224609375,0.29101112484931946,5.5626678466796875,2.3328230381011963,1.0,0.0434826337669304,0.0434826337669304,0.0833413654618474,1.0,0.11298893631849465,0.11298893631849465,0.2030369442705072,0.7247494217424827,0.1978114478114478,0.18398903895087101,0.3107951727558274,1.0,0.04233818276853384,0.04233818276853384,0.0812369410781446,C:\Users\vaidy\OneDrive\Desktop\Programming\COMPUTER VISION\TumorDetetction\brisc2025\classification_task\test\glioma\brisc2025_test_00253_gl_sa_t1.jpg,C:\Users\vaidy\OneDrive\Desktop\Programming\COMPUTER VISION\TumorDetetction\brisc2025\segmentation_task\test\masks\brisc2025_test_00253_gl_sa_t1.png
brisc2025_test_00254_gl_sa_t1.jpg,glioma,0,glioma,0,True,0.9984034895896912,Large,3.58123779296875,1.1016845703125,0.45617464972303684,0.29548332629801605,0.9695290858725761,0.2982530890498509,0.9996518381363845,0.9745330810546875,0.266471803188324,11.652580261230469,3.685380220413208,1.0,0.09174419513720584,0.09174419513720584,0.16806903218876437,1.0,0.22656627087556713,0.22656627087556713,0.36943176452069887,0.8308478909245846,0.441376188320507,0.40498442367601245,0.5764966740576497,1.0,0.06969784728255624,0.06969784728255624,0.13031314863279486,C:\Users\vaidy\OneDrive\Desktop\Programming\COMPUTER VISION\TumorDetetction\brisc2025\classification_task\test\glioma\brisc2025_test_00254_gl_sa_t1.jpg,C:\Users\vaidy\OneDrive\Desktop\Programming\COMPUTER VISION\TumorDetetction\brisc2025\segmentation_task\test\masks\brisc2025_test_00254_gl_sa_t1.png
brisc2025_test_00255_me_ax_t1.jpg,meningioma,1,meningioma,1,True,0.992319643497467,Large,5.73883056640625,5.45501708984375,0.9345692475463467,0.8771750255885363,0.9588811188811189,0.9114597181600638,0.9976203966005666,0.99267578125,0.3126077353954315,8.608200073242188,8.226062774658203,1.0,0.10571733753091972,0.10571733753091972,0.1912194625924702,0.2821058229194363,0.0821525358110724,0.06794748639129043,0.1272487407052051,0.0,0.0,0.0,0.0,0.29594405594405593,0.08192024777390632,0.06855883877656817,0.12832019405700423,C:\Users\vaidy\OneDrive\Desktop\Programming\COMPUTER VISION\TumorDetetction\brisc2025\classification_task\test\meningioma\brisc2025_test_00255_me_ax_t1.jpg,C:\Users\vaidy\OneDrive\Desktop\Programming\COMPUTER VISION\TumorDetetction\brisc2025\segmentation_task\test\masks\brisc2025_test_00255_me_ax_t1.png
brisc2025_test_00256_me_ax_t1.jpg,meningioma,1,meningioma,1,True,0.9996911287307739,Large,4.1229248046875,2.15606689453125,0.6741190765492102,0.5084310850439883,0.9815994338287332,0.5133234641006662,0.9995862112868829,0.9795379638671875,0.4095346927642822,7.483741760253906,4.104434013366699,1.0,0.06756689172293073,0.06756689172293073,0.12658109247634217,1.0,0.11123919308357348,0.11123919308357348,0.20020746887966806,0.48704663212435234,0.12231620039037085,0.10835734870317003,0.1955278211128445,1.0,0.05817208727871552,0.05817208727871552,0.10994825506750185,C:\Users\vaidy\OneDrive\Desktop\Programming\COMPUTER VISION\TumorDetetction\brisc2025\classification_task\test\meningioma\brisc2025_test_00256_me_ax_t1.jpg,C:\Users\vaidy\OneDrive\Desktop\Programming\COMPUTER VISION\TumorDetetction\brisc2025\segmentation_task\test\masks\brisc2025_test_00256_me_ax_t1.png
brisc2025_test_00257_me_ax_t1.jpg,meningioma,1,meningioma,1,True,1.0,Large,5.2459716796875,5.40771484375,0.9452878831280436,0.8962520369364476,0.9311512415349887,0.9598603839441536,0.9960707269155207,0.994171142578125,0.2951050400733948,15.061574935913086,15.079301834106445,1.0,0.10152374202693125,0.10152374202693125,0.18433327971690525,1.0,0.3165745856353591,0.3165745856353591,0.4809064204783886,0.9075043630017452,0.76171875,0.7068418667874944,0.8282452880276082,0.960214446952596,0.3133517495395948,0.30933551495318606,0.4725076367675646,C:\Users\vaidy\OneDrive\Desktop\Programming\COMPUTER VISION\TumorDetetction\brisc2025\classification_task\test\meningioma\brisc2025_test_00257_me_ax_t1.jpg,C:\Users\vaidy\OneDrive\Desktop\Programming\COMPUTER VISION\TumorDetetction\brisc2025\segmentation_task\test\masks\brisc2025_test_00257_me_ax_t1.png
brisc2025_test_00258_me_ax_t1.jpg,meningioma,1,meningioma,1,True,1.0,Large,4.23431396484375,3.95660400390625,0.9031296572280179,0.8233695652173914,0.9348245275742383,0.8735135135135135,0.9973072449451093,0.9920654296875,0.3180275857448578,11.642250061035156,10.808653831481934,1.0,0.08219543259974527,0.08219543259974527,0.15190497044011386,1.0,0.15279995594956225,0.15279995594956225,0.2650936186473061,0.9650450450450451,0.3699405995303219,0.36504907306434026,0.5348512083083683,0.9841881989973005,0.14052089642640825,0.14020437314580816,0.24592849571167005,C:\Users\vaidy\OneDrive\Desktop\Programming\COMPUTER VISION\TumorDetetction\brisc2025\classification_task\test\meningioma\brisc2025_test_00258_me_ax_t1.jpg,C:\Users\vaidy\OneDrive\Desktop\Programming\COMPUTER VISION\TumorDetetction\brisc2025\segmentation_task\test\masks\brisc2025_test_00258_me_ax_t1.png
brisc2025_test_00259_me_ax_t1.jpg,meningioma,1,meningioma,1,True,0.9999626874923706,Large,8.84246826171875,9.21783447265625,0.8700574518418385,0.7700014954389113,0.8523423274292335,0.8885245901639345,0.9850688806682178,0.976531982421875,0.32616856694221497,22.31700897216797,22.859018325805664,1.0,0.16584625951576898,0.16584625951576898,0.2845079411836905,1.0,0.37888198757763975,0.37888198757763975,0.5495495495495496,0.7732528041415013,0.8533612645210437,0.6825590251332826,0.8113344196994388,0.9607680847541797,0.37947041516835567,0.37368014421838786,0.5440569928758905,C:\Users\vaidy\OneDrive\Desktop\Programming\COMPUTER VISION\TumorDetetction\brisc2025\classification_task\test\meningioma\brisc2025_test_00259_me_ax_t1.jpg,C:\Users\vaidy\OneDrive\Desktop\Programming\COMPUTER VISION\TumorDetetction\brisc2025\segmentation_task\test\masks\brisc2025_test_00259_me_ax_t1.png
brisc2025_test_00260_me_ax_t1.jpg,meningioma,1,meningioma,1,True,1.0,Large,4.620361328125,4.296875,0.783025325119781,0.6434195725534309,0.8125,0.7556142668428005,0.9915530812056057,0.98065185546875,0.19974306225776672,19.84049415588379,15.880301475524902,1.0,0.1661636393568567,0.1661636393568567,0.2849748247141311,0.999669749009247,0.2799667036625971,0.2799408119855729,0.4374277456647399,0.8735138705416117,0.5840141311547803,0.5384771986970684,0.7000132327643245,0.8231534090909091,0.21439141694413613,0.20495137046861184,0.34018197828001173,C:\Users\vaidy\OneDrive\Desktop\Programming\COMPUTER VISION\TumorDetetction\brisc2025\classification_task\test\meningioma\brisc2025_test_00260_me_ax_t1.jpg,C:\Users\vaidy\OneDrive\Desktop\Programming\COMPUTER VISION\TumorDetetction\brisc2025\segmentation_task\test\masks\brisc2025_test_00260_me_ax_t1.png
brisc2025_test_00261_me_ax_t1.jpg,meningioma,1,meningioma,1,True,0.9726213216781616,Large,4.913330078125,6.5643310546875,0.8106886466365328,0.6816454281243014,0.7087401208740121,0.9468944099378882,0.9798928044162013,0.978271484375,0.2514820694923401,16.1458797454834,20.99188804626465,1.0,0.14238967011585743,0.14238967011585743,0.24928388944801425,1.0,0.3345802161263508,0.3345802161263508,0.5014014325755216,0.7968944099378882,0.7892956013534297,0.6571062740076825,0.7930768042033689,0.99953509995351,0.4467996674979219,0.4467068356534386,0.6175499066494328,C:\Users\vaidy\OneDrive\Desktop\Programming\COMPUTER VISION\TumorDetetction\brisc2025\classification_task\test\meningioma\brisc2025_test_00261_me_ax_t1.jpg,C:\Users\vaidy\OneDrive\Desktop\Programming\COMPUTER VISION\TumorDetetction\brisc2025\segmentation_task\test\masks\brisc2025_test_00261_me_ax_t1.png
brisc2025_test_00262_me_ax_t1.jpg,meningioma,1,meningioma,1,True,0.9999715089797974,Large,3.8116455078125,4.14581298828125,0.9158197507190796,0.844711708524938,0.8789105631210894,0.955964771817454,0.9947809257907928,0.9933013916015625,0.18068447709083557,17.700593948364258,18.16364288330078,1.0,0.15161446953143967,0.15161446953143967,0.2633076841994308,1.0,0.26636809554275964,0.26636809554275964,0.4206803637588414,0.8831064851881505,0.7054685001598977,0.6452178999707516,0.7843555555555556,0.9293338240706662,0.2692471742375773,0.26384535005224663,0.41752790409260027,C:\Users\vaidy\OneDrive\Desktop\Programming\COMPUTER VISION\TumorDetetction\brisc2025\classification_task\test\meningioma\brisc2025_test_00262_me_ax_t1.jpg,C:\Users\vaidy\OneDrive\Desktop\Programming\COMPUTER VISION\TumorDetetction\brisc2025\segmentation_task\test\masks\brisc2025_test_00262_me_ax_t1.png
brisc2025_test_00263_me_ax_t1.jpg,meningioma,1,meningioma,1,True,0.9999895095825195,Large,2.9998779296875,1.953125,0.7825015403573629,0.6427125506072875,0.9921875,0.6459816887080366,0.9998426930942268,0.989227294921875,0.2601863443851471,10.545929908752441,7.033669948577881,1.0,0.08054406161661683,0.08054406161661683,0.14908056872037914,1.0,0.17663971248876909,0.17663971248876909,0.30024434941967015,1.0,0.37968327539590574,0.37968327539590574,0.5503919372900336,1.0,0.11500449236298294,0.11500449236298294,0.2062852538275584,C:\Users\vaidy\OneDrive\Desktop\Programming\COMPUTER VISION\TumorDetetction\brisc2025\classification_task\test\meningioma\brisc2025_test_00263_me_ax_t1.jpg,C:\Users\vaidy\OneDrive\Desktop\Programming\COMPUTER VISION\TumorDetetction\brisc2025\segmentation_task\test\masks\brisc2025_test_00263_me_ax_t1.png
brisc2025_test_00264_me_ax_t1.jpg,meningioma,1,meningioma,1,True,1.0,Large,8.65020751953125,8.08868408203125,0.9349134001823154,0.8777815816501198,0.9673646481795888,0.9045687070029987,0.9971102610787245,0.989105224609375,0.29647767543792725,23.51597785949707,22.241907119750977,1.0,0.1740505357526634,0.1740505357526634,0.29649581589958157,0.9738931028400071,0.3951757211366402,0.39103335930306676,0.5622199592668025,0.7496913035808784,0.985621521335807,0.7415808759378817,0.8516180743412484,0.9817015657423128,0.37248586357454727,0.3699175433608189,0.5400581154005811,C:\Users\vaidy\OneDrive\Desktop\Programming\COMPUTER VISION\TumorDetetction\brisc2025\classification_task\test\meningioma\brisc2025_test_00264_me_ax_t1.jpg,C:\Users\vaidy\OneDrive\Desktop\Programming\COMPUTER VISION\TumorDetetction\brisc2025\segmentation_task\test\masks\brisc2025_test_00264_me_ax_t1.png
brisc2025_test_00265_me_ax_t1.jpg,meningioma,1,meningioma,1,True,1.0,Large,6.09283447265625,5.74493408203125,0.9546274813096158,0.913193588162762,0.9835325365205844,0.9273729025795141,0.9989925742976455,0.99462890625,0.2532191574573517,19.84066390991211,18.86377716064453,1.0,0.1894661921708185,0.1894661921708185,0.3185734801340354,1.0,0.3619798748980147,0.3619798748980147,0.5315495207667732,0.7009767092411721,0.6433003907147782,0.5047790802524798,0.6709012464046021,1.0,0.34131085123742183,0.34131085123742183,0.5089213300892133,C:\Users\vaidy\OneDrive\Desktop\Programming\COMPUTER VISION\TumorDetetction\brisc2025\classification_task\test\meningioma\brisc2025_test_00265_me_ax_t1.jpg,C:\Users\vaidy\OneDrive\Desktop\Programming\COMPUTER VISION\TumorDetetction\brisc2025\segmentation_task\test\masks\brisc2025_test_00265_me_ax_t1.png
brisc2025_test_00266_me_ax_t1.jpg,meningioma,1,meningioma,1,True,0.9999998807907104,Large,4.5654296875,4.34417724609375,0.966603870525775,0.9353662578720583,0.9912188268352652,0.9431818181818182,0.999600281401893,0.9970245361328125,0.2517383396625519,15.675942420959473,14.97618293762207,1.0,0.14043651724947195,0.14043651724947195,0.24628554965633617,1.0,0.27986156580301186,0.27986156580301186,0.43733099466491265,0.8940508021390374,0.6298563692017894,0.5861086765994742,0.7390523552976931,1.0,0.2662987559629595,0.2662987559629595,0.4205938838824051,C:\Users\vaidy\OneDrive\Desktop\Programming\COMPUTER VISION\TumorDetetction\brisc2025\classification_task\test\meningioma\brisc2025_test_00266_me_ax_t1.jpg,C:\Users\vaidy\OneDrive\Desktop\Programming\COMPUTER VISION\TumorDetetction\brisc2025\segmentation_task\test\masks\brisc2025_test_00266_me_ax_t1.png
brisc2025_test_00267_me_ax_t1.jpg,meningioma,1,meningioma,1,True,1.0,Large,5.3253173828125,5.67474365234375,0.9213483146067416,0.8541666666666666,0.8929819844044098,0.9515759312320917,0.9935854043773974,0.9913482666015625,0.2949751615524292,15.331321716308594,15.342342376708984,1.0,0.10343499007142645,0.10343499007142645,0.1874781767881604,1.0,0.3176770435099217,0.3176770435099217,0.4821773970710141,0.9051575931232092,0.76028880866426,0.7041908158716005,0.8264224983649444,0.913686474858833,0.3093027489532132,0.3005218006544618,0.46215572934376065,C:\Users\vaidy\OneDrive\Desktop\Programming\COMPUTER VISION\TumorDetetction\brisc2025\classification_task\test\meningioma\brisc2025_test_00267_me_ax_t1.jpg,C:\Users\vaidy\OneDrive\Desktop\Programming\COMPUTER VISION\TumorDetetction\brisc2025\segmentation_task\test\masks\brisc2025_test_00267_me_ax_t1.png
brisc2025_test_00268_me_ax_t1.jpg,meningioma,1,meningioma,1,True,0.9995854496955872,Large,11.99493408203125,8.282470703125,0.7847091579501844,0.6456965944272446,0.9605747973470892,0.6632743925709197,0.9962895535327265,0.9563446044921875,0.25461071729660034,35.72404479980469,24.868505477905273,1.0,0.2962502355379687,0.2962502355379687,0.45708803349226657,0.925709197303142,0.5973077238775343,0.5699851178820396,0.7261025743364597,0.5501844549039563,0.8572844400396432,0.5040205104300198,0.6702309003564234,0.8913043478260869,0.3971107280636953,0.37876771314491503,0.5494293339390154,C:\Users\vaidy\OneDrive\Desktop\Programming\COMPUTER VISION\TumorDetetction\brisc2025\classification_task\test\meningioma\brisc2025_test_00268_me_ax_t1.jpg,C:\Users\vaidy\OneDrive\Desktop\Programming\COMPUTER VISION\TumorDetetction\brisc2025\segmentation_task\test\masks\brisc2025_test_00268_me_ax_t1.png
brisc2025_test_00269_me_ax_t1.jpg,meningioma,1,meningioma,1,True,0.9981198906898499,Large,4.931640625,4.5684814453125,0.9466752328943142,0.8987496187862153,0.9843019372077488,0.911819306930693,0.9992456343091937,0.99493408203125,0.24740684032440186,16.613197326660156,15.4176664352417,1.0,0.1437147049668727,0.1437147049668727,0.2513121573811283,1.0,0.2846072560760831,0.2846072560760831,0.4431039210309844,0.7438118811881188,0.5211359202254499,0.44183054585554127,0.612874442319949,1.0,0.2636491722437478,0.2636491722437478,0.4172822299651568,C:\Users\vaidy\OneDrive\Desktop\Programming\COMPUTER VISION\TumorDetetction\brisc2025\classification_task\test\meningioma\brisc2025_test_00269_me_ax_t1.jpg,C:\Users\vaidy\OneDrive\Desktop\Programming\COMPUTER VISION\TumorDetetction\brisc2025\segmentation_task\test\masks\brisc2025_test_00269_me_ax_t1.png
brisc2025_test_00270_me_ax_t1.jpg,meningioma,1,meningioma,1,True,0.999961256980896,Large,2.78472900390625,2.70843505859375,0.9322222222222222,0.8730489073881373,0.9453521126760563,0.9194520547945205,0.9984774999607603,0.99627685546875,0.22959208488464355,10.697991371154785,10.449538230895996,1.0,0.08070935786308155,0.08070935786308155,0.14936366984490732,1.0,0.17627740751473003,0.17627740751473003,0.2997208080144523,0.915068493150685,0.40851272015655576,0.3935894414329484,0.5648570945374598,1.0,0.17144788950062784,0.17144788950062784,0.29271108179419525,C:\Users\vaidy\OneDrive\Desktop\Programming\COMPUTER VISION\TumorDetetction\brisc2025\classification_task\test\meningioma\brisc2025_test_00270_me_ax_t1.jpg,C:\Users\vaidy\OneDrive\Desktop\Programming\COMPUTER VISION\TumorDetetction\brisc2025\segmentation_task\test\masks\brisc2025_test_00270_me_ax_t1.png
brisc2025_test_00271_me_ax_t1.jpg,meningioma,1,meningioma,1,True,0.9999998807907104,Large,9.8175048828125,9.43603515625,0.9584720240925662,0.9202556688479684,0.9778460543337646,0.9398507926639726,0.9976819735372745,0.99200439453125,0.22791722416877747,32.500370025634766,31.563419342041016,1.0,0.2924678394472476,0.2924678394472476,0.4525727148032216,0.9173142679515076,0.529992816091954,0.505827905382242,0.6718269778030734,0.6059993783027665,0.8084179970972424,0.5298994291927154,0.6927245269610021,0.9398447606727037,0.5219109195402298,0.5050399721932569,0.6711316397228637,C:\Users\vaidy\OneDrive\Desktop\Programming\COMPUTER VISION\TumorDetetction\brisc2025\classification_task\test\meningioma\brisc2025_test_00271_me_ax_t1.jpg,C:\Users\vaidy\OneDrive\Desktop\Programming\COMPUTER VISION\TumorDetetction\brisc2025\segmentation_task\test\masks\brisc2025_test_00271_me_ax_t1.png
brisc2025_test_00272_me_ax_t1.jpg,meningioma,1,meningioma,1,True,1.0,Large,11.3189697265625,11.10076904296875,0.9774722657047573,0.955937167199148,0.9870790378006873,0.9680506875168509,0.998382600915379,0.9949493408203125,0.2233469933271408,38.55519104003906,37.965057373046875,1.0,0.3237746060844136,0.3237746060844136,0.489168782353523,0.9900242653006202,0.6523940659145421,0.6481334392374901,0.7865060240963856,0.5699649501213265,1.0,0.5699649501213265,0.7260862098574618,0.992852233676976,0.6416451985431287,0.6386948448138651,0.7795165119792791,C:\Users\vaidy\OneDrive\Desktop\Programming\COMPUTER VISION\TumorDetetction\brisc2025\classification_task\test\meningioma\brisc2025_test_00272_me_ax_t1.jpg,C:\Users\vaidy\OneDrive\Desktop\Programming\COMPUTER VISION\TumorDetetction\brisc2025\segmentation_task\test\masks\brisc2025_test_00272_me_ax_t1.png
brisc2025_test_00273_me_ax_t1.jpg,meningioma,1,meningioma,1,True,1.0,Large,5.90972900390625,7.2540283203125,0.8264750202851513,0.7042670881074674,0.7498948254101809,0.9204750839142783,0.9807177724080891,0.9771575927734375,0.1759263575077057,28.004058837890625,26.68358612060547,1.0,0.22584407254067293,0.22584407254067293,0.3684711254875844,1.0,0.3852198130097474,0.3852198130097474,0.5561858260932002,0.8783888458559257,0.7793814432989691,0.7034739454094293,0.8259286234522942,0.7665124106015987,0.36244280883230556,0.32640630598351844,0.4921663965424095,C:\Users\vaidy\OneDrive\Desktop\Programming\COMPUTER VISION\TumorDetetction\brisc2025\classification_task\test\meningioma\brisc2025_test_00273_me_ax_t1.jpg,C:\Users\vaidy\OneDrive\Desktop\Programming\COMPUTER VISION\TumorDetetction\brisc2025\segmentation_task\test\masks\brisc2025_test_00273_me_ax_t1.png
brisc2025_test_00274_me_ax_t1.jpg,meningioma,1,meningioma,1,True,1.0,Large,5.38787841796875,4.901123046875,0.9429037520391517,0.8919753086419753,0.9897260273972602,0.9003115264797508,0.99946778485606,0.9941253662109375,0.19772969186306,22.634258270263672,20.815921783447266,1.0,0.18150508892772693,0.18150508892772693,0.3072438546878399,1.0,0.357424840570908,0.357424840570908,0.5266219239373602,0.8006230529595015,0.7435560231457128,0.6273857079449623,0.7710350470475931,1.0,0.3251341228869319,0.3251341228869319,0.4907188144526774,C:\Users\vaidy\OneDrive\Desktop\Programming\COMPUTER VISION\TumorDetetction\brisc2025\classification_task\test\meningioma\brisc2025_test_00274_me_ax_t1.jpg,C:\Users\vaidy\OneDrive\Desktop\Programming\COMPUTER VISION\TumorDetetction\brisc2025\segmentation_task\test\masks\brisc2025_test_00274_me_ax_t1.png
brisc2025_test_00275_me_ax_t1.jpg,meningioma,1,meningioma,1,True,0.9999715089797974,Large,3.8848876953125,4.14581298828125,0.9245677370321109,0.8597173144876326,0.895472948104527,0.9556166535742341,0.9954913478329893,0.9939422607421875,0.18068447709083557,18.058231353759766,18.16364288330078,1.0,0.15452779800922553,0.15452779800922553,0.2676900431079802,1.0,0.27148645766687995,0.27148645766687995,0.4270379067427038,0.8880597014925373,0.7230572433642469,0.6626611957796014,0.7971091133439098,0.9293338240706662,0.2692471742375773,0.26384535005224663,0.41752790409260027,C:\Users\vaidy\OneDrive\Desktop\Programming\COMPUTER VISION\TumorDetetction\brisc2025\classification_task\test\meningioma\brisc2025_test_00275_me_ax_t1.jpg,C:\Users\vaidy\OneDrive\Desktop\Programming\COMPUTER VISION\TumorDetetction\brisc2025\segmentation_task\test\masks\brisc2025_test_00275_me_ax_t1.png
brisc2025_test_00276_me_ax_t1.jpg,meningioma,1,meningioma,1,True,0.99997878074646,Small,0.57830810546875,1.01165771484375,0.1708253358925144,0.09338929695697797,0.13423831070889894,0.23482849604221637,0.9911905090780729,0.98681640625,0.24722854793071747,2.0762414932250977,1.9427080154418945,1.0,0.016923420406340702,0.016923420406340702,0.033283568982172655,1.0,0.035223048327137546,0.035223048327137546,0.06804919651674297,1.0,0.08607767431296844,0.08607767431296844,0.15851108322877458,0.21568627450980393,0.013289962825278811,0.012677304964539006,0.025037205637748403,C:\Users\vaidy\OneDrive\Desktop\Programming\COMPUTER VISION\TumorDetetction\brisc2025\classification_task\test\meningioma\brisc2025_test_00276_me_ax_t1.jpg,C:\Users\vaidy\OneDrive\Desktop\Programming\COMPUTER VISION\TumorDetetction\brisc2025\segmentation_task\test\masks\brisc2025_test_00276_me_ax_t1.png
brisc2025_test_00277_me_ax_t1.jpg,meningioma,1,meningioma,1,True,1.0,Large,2.8656005859375,2.61688232421875,0.9251322015029223,0.8606939409632315,0.9690962099125364,0.8849840255591054,0.9991674259323259,0.9958953857421875,0.2162492871284485,11.71741008758545,10.764631271362305,1.0,0.089156855298139,0.089156855298139,0.16371719989538838,1.0,0.1589370345294516,0.1589370345294516,0.2742807068789251,0.9744408945686901,0.4045987176652664,0.40035003281557646,0.5717856584908608,1.0,0.14514218009478674,0.14514218009478674,0.25349198137609935,C:\Users\vaidy\OneDrive\Desktop\Programming\COMPUTER VISION\TumorDetetction\brisc2025\classification_task\test\meningioma\brisc2025_test_00277_me_ax_t1.jpg,C:\Users\vaidy\OneDrive\Desktop\Programming\COMPUTER VISION\TumorDetetction\brisc2025\segmentation_task\test\masks\brisc2025_test_00277_me_ax_t1.png
brisc2025_test_00278_me_ax_t1.jpg,meningioma,1,meningioma,1,True,0.9999997615814209,Large,3.8482666015625,3.56903076171875,0.9360213947747377,0.8797370456303171,0.9726378794356563,0.9020618556701031,0.9989843526835307,0.9952545166015625,0.27244678139686584,12.423368453979492,11.576316833496094,1.0,0.08928381775055758,0.08928381775055758,0.16393122948422112,1.0,0.17778091075708444,0.17778091075708444,0.30189130955231025,0.9833465503568596,0.5028386050283861,0.49859268194611983,0.665414542527502,1.0,0.1648808684618638,0.1648808684618638,0.2830862329803328,C:\Users\vaidy\OneDrive\Desktop\Programming\COMPUTER VISION\TumorDetetction\brisc2025\classification_task\test\meningioma\brisc2025_test_00278_me_ax_t1.jpg,C:\Users\vaidy\OneDrive\Desktop\Programming\COMPUTER VISION\TumorDetetction\brisc2025\segmentation_task\test\masks\brisc2025_test_00278_me_ax_t1.png
brisc2025_test_00279_me_ax_t1.jpg,meningioma,1,meningioma,1,True,1.0,Large,7.89794921875,7.9315185546875,0.9506458453826875,0.9059342274480985,0.9486340900346287,0.9526661514683153,0.9955765407554672,0.9921875,0.24393248558044434,26.998138427734375,27.225509643554688,1.0,0.22929033401258084,0.22929033401258084,0.37304504504504504,1.0,0.4749059546747408,0.4749059546747408,0.6439813374805599,0.8050618238021638,0.9257942679404577,0.7562613430127042,0.8612173194171747,1.0,0.47692448848518215,0.47692448848518215,0.6458346275703547,C:\Users\vaidy\OneDrive\Desktop\Programming\COMPUTER VISION\TumorDetetction\brisc2025\classification_task\test\meningioma\brisc2025_test_00279_me_ax_t1.jpg,C:\Users\vaidy\OneDrive\Desktop\Programming\COMPUTER VISION\TumorDetetction\brisc2025\segmentation_task\test\masks\brisc2025_test_00279_me_ax_t1.png
brisc2025_test_00280_me_ax_t1.jpg,meningioma,1,meningioma,1,True,1.0,Large,16.74041748046875,12.43133544921875,0.7992467831363114,0.6656211883603416,0.9377685037437093,0.6963813690638957,0.990708329515257,0.941436767578125,0.25566065311431885,46.96773147583008,34.50815963745117,1.0,0.421086973209488,0.421086973209488,0.592626603646185,0.9235256585543706,0.7336181304757078,0.69160409556314,0.8176902590589944,0.45100720080211465,0.9701960784313726,0.44484401690191494,0.6157675315786199,0.9042592365287836,0.5334153935268988,0.504900280995134,0.6710082885508698,C:\Users\vaidy\OneDrive\Desktop\Programming\COMPUTER VISION\TumorDetetction\brisc2025\classification_task\test\meningioma\brisc2025_test_00280_me_ax_t1.jpg,C:\Users\vaidy\OneDrive\Desktop\Programming\COMPUTER VISION\TumorDetetction\brisc2025\segmentation_task\test\masks\brisc2025_test_00280_me_ax_t1.png
brisc2025_test_00281_me_ax_t1.jpg,meningioma,1,glioma,0,False,0.9818993806838989,Large,2.83660888671875,1.09100341796875,0.09324009324009325,0.0488997555012225,0.16783216783216784,0.064550833781603,0.9906559668326084,0.964385986328125,0.410820871591568,6.111969947814941,2.2813541889190674,1.0,0.04126434485361035,0.04126434485361035,0.0792581539117459,1.0,0.08145648935237929,0.08145648935237929,0.15064219440055104,0.9311457772996234,0.19299810458245067,0.19028251071781907,0.31972663465090506,1.0,0.03132941898168434,0.03132941898168434,0.06075540638144199,C:\Users\vaidy\OneDrive\Desktop\Programming\COMPUTER VISION\TumorDetetction\brisc2025\classification_task\test\meningioma\brisc2025_test_00281_me_ax_t1.jpg,C:\Users\vaidy\OneDrive\Desktop\Programming\COMPUTER VISION\TumorDetetction\brisc2025\segmentation_task\test\masks\brisc2025_test_00281_me_ax_t1.png
brisc2025_test_00282_me_ax_t1.jpg,meningioma,1,meningioma,1,True,1.0,Large,4.1168212890625,4.59136962890625,0.7976169616260732,0.6633634508889537,0.7563974742439349,0.843587842846553,0.9883350838664502,0.9823760986328125,0.2093283087015152,17.334518432617188,15.868144989013672,1.0,0.14272111722386796,0.14272111722386796,0.24979168595500417,1.0,0.23737462607777582,0.23737462607777582,0.383674630261661,0.9058561897702001,0.5372609364695538,0.5088486362689986,0.6744859942044984,0.7743436357593885,0.2049973605490058,0.1934412619344126,0.32417391304347826,C:\Users\vaidy\OneDrive\Desktop\Programming\COMPUTER VISION\TumorDetetction\brisc2025\classification_task\test\meningioma\brisc2025_test_00282_me_ax_t1.jpg,C:\Users\vaidy\OneDrive\Desktop\Programming\COMPUTER VISION\TumorDetetction\brisc2025\segmentation_task\test\masks\brisc2025_test_00282_me_ax_t1.png
brisc2025_test_00283_me_ax_t1.jpg,meningioma,1,meningioma,1,True,1.0,Large,4.43878173828125,4.19464111328125,0.937080240367621,0.881609577652145,0.9643506729719898,0.9113097284290134,0.9984351797148194,0.99456787109375,0.22080321609973907,17.263559341430664,16.447345733642578,1.0,0.13427186706669744,0.13427186706669744,0.23675429315536747,1.0,0.277549852113348,0.277549852113348,0.43450336071695295,0.944310759711241,0.657177033492823,0.6326577614002764,0.7750035265904923,1.0,0.26228413319339755,0.26228413319339755,0.4155706727135299,C:\Users\vaidy\OneDrive\Desktop\Programming\COMPUTER VISION\TumorDetetction\brisc2025\classification_task\test\meningioma\brisc2025_test_00283_me_ax_t1.jpg,C:\Users\vaidy\OneDrive\Desktop\Programming\COMPUTER VISION\TumorDetetction\brisc2025\segmentation_task\test\masks\brisc2025_test_00283_me_ax_t1.png
brisc2025_test_00284_me_ax_t1.jpg,meningioma,1,meningioma,1,True,0.9999940395355225,Medium,1.38092041015625,2.71759033203125,0.6075949367088608,0.43636363636363634,0.45816956765861877,0.901657458563536,0.9850690844950566,0.983917236328125,0.2506435215473175,4.61867094039917,6.784883975982666,1.0,0.0438468992248062,0.0438468992248062,0.08401021118589,1.0,0.09286813750641354,0.09286813750641354,0.1699530516431925,0.876243093922652,0.201627256547165,0.19604449938195304,0.3278214138073584,0.5446378439079169,0.09953822473063109,0.09189086775293671,0.1683151136560819,C:\Users\vaidy\OneDrive\Desktop\Programming\COMPUTER VISION\TumorDetetction\brisc2025\classification_task\test\meningioma\brisc2025_test_00284_me_ax_t1.jpg,C:\Users\vaidy\OneDrive\Desktop\Programming\COMPUTER VISION\TumorDetetction\brisc2025\segmentation_task\test\masks\brisc2025_test_00284_me_ax_t1.png
brisc2025_test_00285_me_ax_t1.jpg,meningioma,1,meningioma,1,True,0.8311077952384949,Large,6.30950927734375,1.71356201171875,0.41841004184100417,0.26455026455026454,0.9795191451469278,0.2660217654171705,0.9996254132668849,0.953338623046875,0.25638091564178467,21.234638214111328,5.8602681159973145,1.0,0.16664651593922541,0.16664651593922541,0.28568467597070607,1.0,0.3352249695987029,0.3352249695987029,0.5021250758955677,0.9279322853688029,0.7784540474741327,0.7340730820738474,0.8466460723742277,1.0,0.09104175111471423,0.09104175111471423,0.16688958240451776,C:\Users\vaidy\OneDrive\Desktop\Programming\COMPUTER VISION\TumorDetetction\brisc2025\classification_task\test\meningioma\brisc2025_test_00285_me_ax_t1.jpg,C:\Users\vaidy\OneDrive\Desktop\Programming\COMPUTER VISION\TumorDetetction\brisc2025\segmentation_task\test\masks\brisc2025_test_00285_me_ax_t1.png
brisc2025_test_00286_me_ax_t1.jpg,meningioma,1,meningioma,1,True,0.9999992847442627,Large,3.192138671875,2.6336669921875,0.8810895756940806,0.7874531835205992,0.9745075318655851,0.8040152963671128,0.9993064750015762,0.993072509765625,0.227796733379364,11.262752532958984,9.395715713500977,1.0,0.10077556722385471,0.10077556722385471,0.1830992079121264,0.9990439770554493,0.21034621578099838,0.2103038840813041,0.34752244762221485,0.7031548757170172,0.34441582767501755,0.30069501226492235,0.46236052176646236,1.0,0.17371175523349436,0.17371175523349436,0.29600411593208714,C:\Users\vaidy\OneDrive\Desktop\Programming\COMPUTER VISION\TumorDetetction\brisc2025\classification_task\test\meningioma\brisc2025_test_00286_me_ax_t1.jpg,C:\Users\vaidy\OneDrive\Desktop\Programming\COMPUTER VISION\TumorDetetction\brisc2025\segmentation_task\test\masks\brisc2025_test_00286_me_ax_t1.png
brisc2025_test_00287_me_ax_t1.jpg,meningioma,1,meningioma,1,True,1.0,Large,11.09466552734375,11.09161376953125,0.9778541953232462,0.9566680123805679,0.9779887192185995,0.9777197084307523,0.9972539260276324,0.995086669921875,0.22251522541046143,38.061363220214844,38.0836181640625,1.0,0.3178162426785558,0.3178162426785558,0.4823377226442005,0.9918855728235456,0.6395317903697793,0.6362032462949894,0.7776579685141255,0.5790125154724247,0.996921619701634,0.5779791323448654,0.7325561162345572,0.9931214747558124,0.6401525228340871,0.6373267414143198,0.7784967108810525,C:\Users\vaidy\OneDrive\Desktop\Programming\COMPUTER VISION\TumorDetetction\brisc2025\classification_task\test\meningioma\brisc2025_test_00287_me_ax_t1.jpg,C:\Users\vaidy\OneDrive\Desktop\Programming\COMPUTER VISION\TumorDetetction\brisc2025\segmentation_task\test\masks\brisc2025_test_00287_me_ax_t1.png
brisc2025_test_00288_me_ax_t1.jpg,meningioma,1,meningioma,1,True,1.0,Large,3.3905029296875,3.23638916015625,0.9288510246373475,0.8671539122957868,0.950966525223951,0.9077407740774077,0.9983573933095365,0.9952850341796875,0.34884655475616455,8.044096946716309,7.661677360534668,1.0,0.053964784456587735,0.053964784456587735,0.10240339193953499,0.9945994599459946,0.17942680847608997,0.17925216968123936,0.3040099043950753,0.7241224122412241,0.3826397146254459,0.33395599833955997,0.5007001711529485,0.9783121169259783,0.1684663473248356,0.167839521151824,0.2874359329547029,C:\Users\vaidy\OneDrive\Desktop\Programming\COMPUTER VISION\TumorDetetction\brisc2025\classification_task\test\meningioma\brisc2025_test_00288_me_ax_t1.jpg,C:\Users\vaidy\OneDrive\Desktop\Programming\COMPUTER VISION\TumorDetetction\brisc2025\segmentation_task\test\masks\brisc2025_test_00288_me_ax_t1.png
brisc2025_test_00289_me_ax_t1.jpg,meningioma,1,meningioma,1,True,0.9999855756759644,Large,3.729248046875,3.41033935546875,0.9399444325710622,0.8866935483870968,0.9838926174496644,0.8997545008183306,0.9994294046788816,0.9957122802734375,0.350414514541626,5.9576497077941895,5.483360290527344,1.0,0.0633062218308035,0.0633062218308035,0.11907429963459196,0.8224222585924713,0.10767664863127444,0.10523009266530547,0.19042205485292027,0.0,0.0,0.0,0.0,0.8460850111856824,0.10130176246852735,0.0994687286307927,0.18093962300258348,C:\Users\vaidy\OneDrive\Desktop\Programming\COMPUTER VISION\TumorDetetction\brisc2025\classification_task\test\meningioma\brisc2025_test_00289_me_ax_t1.jpg,C:\Users\vaidy\OneDrive\Desktop\Programming\COMPUTER VISION\TumorDetetction\brisc2025\segmentation_task\test\masks\brisc2025_test_00289_me_ax_t1.png
brisc2025_test_00290_me_ax_t1.jpg,meningioma,1,meningioma,1,True,1.0,Large,10.687255859375,9.54437255859375,0.9077607662719662,0.831100676702113,0.9621103117505995,0.8592233009708737,0.9959509328230711,0.9813385009765625,0.37911397218704224,22.81906509399414,20.660667419433594,1.0,0.182776617954071,0.182776617954071,0.3090636307475068,0.9971444888635066,0.3041017155795524,0.3038371182458888,0.46606606606606604,0.7275842375785265,0.599952907935013,0.4899057873485868,0.6576332429990966,0.9918465227817745,0.2701384655577811,0.2695399052873963,0.4246261250470552,C:\Users\vaidy\OneDrive\Desktop\Programming\COMPUTER VISION\TumorDetetction\brisc2025\classification_task\test\meningioma\brisc2025_test_00290_me_ax_t1.jpg,C:\Users\vaidy\OneDrive\Desktop\Programming\COMPUTER VISION\TumorDetetction\brisc2025\segmentation_task\test\masks\brisc2025_test_00290_me_ax_t1.png
brisc2025_test_00291_me_ax_t1.jpg,meningioma,1,meningioma,1,True,1.0,Large,5.77239990234375,7.489013671875,0.8344264181337016,0.715893385982231,0.7387938060309699,0.9584985461274121,0.9792398749858306,0.9780426025390625,0.1814853549003601,26.631515502929688,26.969558715820312,1.0,0.21264755480607084,0.21264755480607084,0.3507161729940203,1.0,0.36767421518126153,0.36767421518126153,0.5376634451392837,0.8979645783769495,0.8387654320987654,0.7657799819657349,0.8673560577045831,0.7750611246943765,0.36971522985712896,0.33388923022908806,0.5006251233796144,C:\Users\vaidy\OneDrive\Desktop\Programming\COMPUTER VISION\TumorDetetction\brisc2025\classification_task\test\meningioma\brisc2025_test_00291_me_ax_t1.jpg,C:\Users\vaidy\OneDrive\Desktop\Programming\COMPUTER VISION\TumorDetetction\brisc2025\segmentation_task\test\masks\brisc2025_test_00291_me_ax_t1.png
brisc2025_test_00292_me_ax_t1.jpg,meningioma,1,meningioma,1,True,1.0,Large,8.062744140625,7.81402587890625,0.9551177318596829,0.9140912435614422,0.9703182972075767,0.9403860711582135,0.9974772621655713,0.9928741455078125,0.2677105963230133,24.678905487060547,24.16834831237793,1.0,0.199909200968523,0.199909200968523,0.3332072140244671,1.0,0.46055957465353436,0.46055957465353436,0.6306618129736826,0.7344814534443603,0.8499780989925536,0.6501926620874519,0.7880203045685279,1.0,0.4463523054127081,0.4463523054127081,0.6172110401349885,C:\Users\vaidy\OneDrive\Desktop\Programming\COMPUTER VISION\TumorDetetction\brisc2025\classification_task\test\meningioma\brisc2025_test_00292_me_ax_t1.jpg,C:\Users\vaidy\OneDrive\Desktop\Programming\COMPUTER VISION\TumorDetetction\brisc2025\segmentation_task\test\masks\brisc2025_test_00292_me_ax_t1.png
brisc2025_test_00293_me_ax_t1.jpg,meningioma,1,meningioma,1,True,0.9997327923774719,Large,2.227783203125,2.32696533203125,0.8569514237855946,0.7497069167643611,0.838688524590164,0.876027397260274,0.9961608090392658,0.9934844970703125,0.22697311639785767,8.422972679138184,8.685969352722168,1.0,0.06022356969021986,0.06022356969021986,0.11360541571022838,1.0,0.15754828962986944,0.15754828962986944,0.27221031043162114,0.9178082191780822,0.35953850281727934,0.34832336885885107,0.5166763061499904,1.0,0.16456242581202116,0.16456242581202116,0.28261675315048185,C:\Users\vaidy\OneDrive\Desktop\Programming\COMPUTER VISION\TumorDetetction\brisc2025\classification_task\test\meningioma\brisc2025_test_00293_me_ax_t1.jpg,C:\Users\vaidy\OneDrive\Desktop\Programming\COMPUTER VISION\TumorDetetction\brisc2025\segmentation_task\test\masks\brisc2025_test_00293_me_ax_t1.png
brisc2025_test_00294_me_ax_t1.jpg,meningioma,1,meningioma,1,True,0.9999972581863403,Large,3.97186279296875,3.3721923828125,0.9046332848535217,0.8258725341426404,0.9850678733031675,0.8363426815213215,0.9994756328158518,0.9929962158203125,0.22247211635112762,15.359713554382324,13.312883377075195,1.0,0.129916150928329,0.129916150928329,0.2299571535845223,0.9992316557817903,0.2507471319772486,0.2506987951807229,0.40089395807644884,0.9277756434882828,0.5686366847186249,0.5445321307779031,0.7051094890510949,1.0,0.21305311867347923,0.21305311867347923,0.35126758324723834,C:\Users\vaidy\OneDrive\Desktop\Programming\COMPUTER VISION\TumorDetetction\brisc2025\classification_task\test\meningioma\brisc2025_test_00294_me_ax_t1.jpg,C:\Users\vaidy\OneDrive\Desktop\Programming\COMPUTER VISION\TumorDetetction\brisc2025\segmentation_task\test\masks\brisc2025_test_00294_me_ax_t1.png
brisc2025_test_00295_me_ax_t1.jpg,meningioma,1,meningioma,1,True,1.0,Large,5.82427978515625,5.37261962890625,0.9283183428727174,0.8662258392675484,0.9673388241976711,0.8923238145140162,0.9981367164082373,0.991973876953125,0.2054871767759323,23.578630447387695,21.977291107177734,1.0,0.1935696536335514,0.1935696536335514,0.3243541808293678,1.0,0.3967363059972976,0.3967363059972976,0.5680904896561988,0.877390620906471,0.9230981256890849,0.817626953125,0.8996642041638684,1.0,0.36597027336035753,0.36597027336035753,0.5358392938669914,C:\Users\vaidy\OneDrive\Desktop\Programming\COMPUTER VISION\TumorDetetction\brisc2025\classification_task\test\meningioma\brisc2025_test_00295_me_ax_t1.jpg,C:\Users\vaidy\OneDrive\Desktop\Programming\COMPUTER VISION\TumorDetetction\brisc2025\segmentation_task\test\masks\brisc2025_test_00295_me_ax_t1.png
brisc2025_test_00296_me_ax_t1.jpg,meningioma,1,meningioma,1,True,1.0,Large,3.38287353515625,3.16009521484375,0.898320895522388,0.8154106689246401,0.9299855142443264,0.8687415426251691,0.9977100080544544,0.99334716796875,0.32781925797462463,8.375608444213867,7.749520778656006,1.0,0.05724392574040125,0.05724392574040125,0.10828896595516045,0.9990978800180425,0.22247890719164323,0.22243422373970678,0.3639201511541937,0.7009472259810555,0.38379846875771795,0.3297962648556876,0.4960102138525375,0.9676484789956543,0.2012856568903174,0.19994013768332836,0.3332501870790721,C:\Users\vaidy\OneDrive\Desktop\Programming\COMPUTER VISION\TumorDetetction\brisc2025\classification_task\test\meningioma\brisc2025_test_00296_me_ax_t1.jpg,C:\Users\vaidy\OneDrive\Desktop\Programming\COMPUTER VISION\TumorDetetction\brisc2025\segmentation_task\test\masks\brisc2025_test_00296_me_ax_t1.png
brisc2025_test_00297_me_ax_t1.jpg,meningioma,1,meningioma,1,True,1.0,Large,7.25555419921875,6.6375732421875,0.9309170785282812,0.8707622765564003,0.9742528735632184,0.8912723449001052,0.9981573188989981,0.9904022216796875,0.22244977951049805,26.075454711914062,24.43777084350586,1.0,0.2468206592265767,0.2468206592265767,0.39592006661115736,0.9568874868559412,0.4244402985074627,0.41647597254004576,0.5880452342487884,0.684963196635121,0.7869050495288717,0.5777896043995033,0.7324038677760288,0.9866666666666667,0.4003731343283582,0.39821859343106325,0.5696084936960849,C:\Users\vaidy\OneDrive\Desktop\Programming\COMPUTER VISION\TumorDetetction\brisc2025\classification_task\test\meningioma\brisc2025_test_00297_me_ax_t1.jpg,C:\Users\vaidy\OneDrive\Desktop\Programming\COMPUTER VISION\TumorDetetction\brisc2025\segmentation_task\test\masks\brisc2025_test_00297_me_ax_t1.png
brisc2025_test_00298_me_ax_t1.jpg,meningioma,1,meningioma,1,True,1.0,Large,8.98590087890625,9.5703125,0.884137817613683,0.7923360353721445,0.8571428571428571,0.912888436067244,0.9849782889332238,0.9785003662109375,0.29680293798446655,25.74526023864746,26.224105834960938,1.0,0.21282208810668207,0.21282208810668207,0.350953516090584,1.0,0.4208532837847495,0.4208532837847495,0.5923951312745197,0.8502292409577178,0.829385456352493,0.7236594883653708,0.8396780144222706,0.9376594387755102,0.4202815693561066,0.408857063403782,0.5804095731556872,C:\Users\vaidy\OneDrive\Desktop\Programming\COMPUTER VISION\TumorDetetction\brisc2025\classification_task\test\meningioma\brisc2025_test_00298_me_ax_t1.jpg,C:\Users\vaidy\OneDrive\Desktop\Programming\COMPUTER VISION\TumorDetetction\brisc2025\segmentation_task\test\masks\brisc2025_test_00298_me_ax_t1.png
brisc2025_test_00299_me_ax_t1.jpg,meningioma,1,meningioma,1,True,1.0,Large,8.66851806640625,10.25390625,0.8718651721635352,0.7728377412437455,0.8044642857142857,0.951593029396233,0.9780469467880711,0.9757537841796875,0.2207423895597458,31.449138641357422,31.186031341552734,1.0,0.2668263585552581,0.2668263585552581,0.421251668396856,0.991550783312797,0.49682483683189277,0.494730370630599,0.6619660379575768,0.6748811828903362,0.8868841082581541,0.6213938411669367,0.7664934026389444,0.8133928571428571,0.4820956076909508,0.4340851334180432,0.6053826558865877,C:\Users\vaidy\OneDrive\Desktop\Programming\COMPUTER VISION\TumorDetetction\brisc2025\classification_task\test\meningioma\brisc2025_test_00299_me_ax_t1.jpg,C:\Users\vaidy\OneDrive\Desktop\Programming\COMPUTER VISION\TumorDetetction\brisc2025\segmentation_task\test\masks\brisc2025_test_00299_me_ax_t1.png
brisc2025_test_00300_me_ax_t1.jpg,meningioma,1,meningioma,1,True,0.9999992847442627,Large,4.766845703125,5.1025390625,0.7489177489177489,0.5986159169550173,0.7242822966507177,0.7752880921895007,0.9852271998974557,0.9752197265625,0.33316490054130554,11.344107627868652,9.912778854370117,1.0,0.09438066465256797,0.09438066465256797,0.17248233215547704,0.9759923175416133,0.15927493078409863,0.15865334582162555,0.27385817577581173,0.469910371318822,0.2693577981651376,0.20658598367576697,0.3424306041520877,0.7592703349282297,0.13263333855717493,0.12728093041908964,0.22581936229821675,C:\Users\vaidy\OneDrive\Desktop\Programming\COMPUTER VISION\TumorDetetction\brisc2025\classification_task\test\meningioma\brisc2025_test_00300_me_ax_t1.jpg,C:\Users\vaidy\OneDrive\Desktop\Programming\COMPUTER VISION\TumorDetetction\brisc2025\segmentation_task\test\masks\brisc2025_test_00300_me_ax_t1.png
brisc2025_test_00301_me_ax_t1.jpg,meningioma,1,meningioma,1,True,0.9654977917671204,Large,3.35235595703125,3.66363525390625,0.8481948673336233,0.736404833836858,0.812161599333611,0.8875739644970414,0.9928795844582327,0.989349365234375,0.2209838628768921,13.2687349319458,12.438156127929688,1.0,0.12443362029904848,0.12443362029904848,0.22132675162443963,1.0,0.25792439539798073,0.25792439539798073,0.410079328044797,0.9585798816568047,0.5934065934065934,0.5785714285714286,0.7330316742081447,0.8288213244481466,0.23362291617750647,0.22286930227349086,0.36450224379521934,C:\Users\vaidy\OneDrive\Desktop\Programming\COMPUTER VISION\TumorDetetction\brisc2025\classification_task\test\meningioma\brisc2025_test_00301_me_ax_t1.jpg,C:\Users\vaidy\OneDrive\Desktop\Programming\COMPUTER VISION\TumorDetetction\brisc2025\segmentation_task\test\masks\brisc2025_test_00301_me_ax_t1.png
brisc2025_test_00302_me_ax_t1.jpg,meningioma,1,meningioma,1,True,0.9999960660934448,Small,0.69427490234375,0.90484619140625,0.0,0.0,0.0,0.0,0.9908882776847313,0.9840087890625,0.2693801820278168,2.2342472076416016,1.6646450757980347,1.0,0.01680144750932388,0.01680144750932388,0.03304764671702499,1.0,0.03969292506324697,0.03969292506324697,0.07635509313643228,1.0,0.09899912967798086,0.09899912967798086,0.18016234409027915,0.4300168634064081,0.022245485475006543,0.02160833827641725,0.04230258792302588,C:\Users\vaidy\OneDrive\Desktop\Programming\COMPUTER VISION\TumorDetetction\brisc2025\classification_task\test\meningioma\brisc2025_test_00302_me_ax_t1.jpg,C:\Users\vaidy\OneDrive\Desktop\Programming\COMPUTER VISION\TumorDetetction\brisc2025\segmentation_task\test\masks\brisc2025_test_00302_me_ax_t1.png
brisc2025_test_00303_me_ax_t1.jpg,meningioma,1,meningioma,1,True,0.9999837875366211,Large,2.7435302734375,2.2735595703125,0.889294403892944,0.80065717415115,0.9812080536912752,0.8131256952169077,0.9995607016222662,0.99444580078125,0.19000300765037537,13.391775131225586,11.25330924987793,1.0,0.10660500415036167,0.10660500415036167,0.192670381483069,1.0,0.18831168831168832,0.18831168831168832,0.31693989071038253,0.9983314794215795,0.40482634190347316,0.40455262564796035,0.5760590500641849,1.0,0.1560536237955593,0.1560536237955593,0.26997644500815365,C:\Users\vaidy\OneDrive\Desktop\Programming\COMPUTER VISION\TumorDetetction\brisc2025\classification_task\test\meningioma\brisc2025_test_00303_me_ax_t1.jpg,C:\Users\vaidy\OneDrive\Desktop\Programming\COMPUTER VISION\TumorDetetction\brisc2025\segmentation_task\test\masks\brisc2025_test_00303_me_ax_t1.png
brisc2025_test_00304_me_ax_t1.jpg,meningioma,1,meningioma,1,True,1.0,Large,11.79046630859375,11.102294921875,0.9520762514163834,0.9085358096934232,0.9815832875206157,0.9242914455804323,0.9976820218305108,0.9890289306640625,0.22470174729824066,40.0410041809082,38.28532409667969,1.0,0.33633672847566815,0.33633672847566815,0.5033712256929742,0.9928821017212373,0.6763046544428772,0.6730414948679708,0.8045723873944732,0.553513653423062,0.9972021450221497,0.552655381832278,0.7118841544607191,1.0,0.6413963328631875,0.6413963328631875,0.7815252416756177,C:\Users\vaidy\OneDrive\Desktop\Programming\COMPUTER VISION\TumorDetetction\brisc2025\classification_task\test\meningioma\brisc2025_test_00304_me_ax_t1.jpg,C:\Users\vaidy\OneDrive\Desktop\Programming\COMPUTER VISION\TumorDetetction\brisc2025\segmentation_task\test\masks\brisc2025_test_00304_me_ax_t1.png
brisc2025_test_00305_me_ax_t1.jpg,meningioma,1,meningioma,1,True,1.0,Large,6.33697509765625,5.804443359375,0.9325122533618198,0.8735578055097716,0.9752891692954785,0.8933301228027931,0.9984686313800237,0.9918060302734375,0.24879752099514008,20.876554489135742,19.367534637451172,1.0,0.1955088974672818,0.1955088974672818,0.3270722583185666,0.9992776306284613,0.3718304811396828,0.3717305625223934,0.5419877236515607,0.6679508788827354,0.6116868798235943,0.4690564761582685,0.6385819521178637,1.0,0.34082967476032616,0.34082967476032616,0.5083862345472769,C:\Users\vaidy\OneDrive\Desktop\Programming\COMPUTER VISION\TumorDetetction\brisc2025\classification_task\test\meningioma\brisc2025_test_00305_me_ax_t1.jpg,C:\Users\vaidy\OneDrive\Desktop\Programming\COMPUTER VISION\TumorDetetction\brisc2025\segmentation_task\test\masks\brisc2025_test_00305_me_ax_t1.png
brisc2025_test_00306_me_ax_t1.jpg,meningioma,1,meningioma,1,True,0.7720513343811035,Large,8.172607421875,7.489013671875,0.9318004676539361,0.8723093761400948,0.9743276283618582,0.8928304705003735,0.9979062811565305,0.98931884765625,0.3006332814693451,19.962995529174805,18.09497833251953,1.0,0.20080983803239352,0.20080983803239352,0.33445734981890846,0.9355862584017924,0.3853133410226836,0.3753558052434457,0.5458308371003758,0.49271844660194175,0.6167328815143726,0.3772155517438536,0.547794499221588,0.9343928280358598,0.35263360246059205,0.34411345389059805,0.51203036900575,C:\Users\vaidy\OneDrive\Desktop\Programming\COMPUTER VISION\TumorDetetction\brisc2025\classification_task\test\meningioma\brisc2025_test_00306_me_ax_t1.jpg,C:\Users\vaidy\OneDrive\Desktop\Programming\COMPUTER VISION\TumorDetetction\brisc2025\segmentation_task\test\masks\brisc2025_test_00306_me_ax_t1.png
brisc2025_test_00307_me_ax_t1.jpg,meningioma,1,meningioma,1,True,1.0,Large,8.9080810546875,7.93609619140625,0.8982697708125736,0.8153264265745765,0.9532782157277446,0.8492634463857486,0.9959295118764447,0.9828643798828125,0.25235894322395325,27.237262725830078,24.479890823364258,1.0,0.24456453437225084,0.24456453437225084,0.3930122185196405,0.9642000685166153,0.48367417081972847,0.47514138600489575,0.6441977569237812,0.6272696128811237,1.0,0.6272696128811237,0.7709473684210526,0.9623149394347241,0.43005671077504726,0.42293391921581885,0.5944533523368372,C:\Users\vaidy\OneDrive\Desktop\Programming\COMPUTER VISION\TumorDetetction\brisc2025\classification_task\test\meningioma\brisc2025_test_00307_me_ax_t1.jpg,C:\Users\vaidy\OneDrive\Desktop\Programming\COMPUTER VISION\TumorDetetction\brisc2025\segmentation_task\test\masks\brisc2025_test_00307_me_ax_t1.png
brisc2025_test_00308_me_ax_t1.jpg,meningioma,1,meningioma,1,True,1.0,Large,7.000732421875,6.97174072265625,0.8557387790761166,0.7478526436342814,0.8575180564674983,0.8539668700959023,0.9893187635361291,0.9798431396484375,0.2606288492679596,20.98447608947754,20.570192337036133,1.0,0.18572642998826053,0.18572642998826053,0.31327028780171384,0.9465998256320837,0.35140383526175256,0.34457315138051414,0.512539092464743,0.6216216216216216,0.6051347337152557,0.4422391068382695,0.6132673906031609,0.9050120376449989,0.3345739946597621,0.3232236379269913,0.48853969754253307,C:\Users\vaidy\OneDrive\Desktop\Programming\COMPUTER VISION\TumorDetetction\brisc2025\classification_task\test\meningioma\brisc2025_test_00308_me_ax_t1.jpg,C:\Users\vaidy\OneDrive\Desktop\Programming\COMPUTER VISION\TumorDetetction\brisc2025\segmentation_task\test\masks\brisc2025_test_00308_me_ax_t1.png
brisc2025_test_00309_me_ax_t1.jpg,meningioma,1,meningioma,1,True,0.8933641314506531,Medium,1.58538818359375,1.13067626953125,0.8157303370786517,0.6888045540796964,0.979757085020243,0.6987487969201155,0.9997674310433043,0.9949951171875,0.24595588445663452,5.811901569366455,4.280661582946777,1.0,0.039441217780814636,0.039441217780814636,0.07588927032357023,1.0,0.11605048587065787,0.11605048587065787,0.2079663730984788,0.9653512993262753,0.30467800729040095,0.30138221153846156,0.4631724774878781,1.0,0.08276555344577237,0.08276555344577237,0.15287806890860325,C:\Users\vaidy\OneDrive\Desktop\Programming\COMPUTER VISION\TumorDetetction\brisc2025\classification_task\test\meningioma\brisc2025_test_00309_me_ax_t1.jpg,C:\Users\vaidy\OneDrive\Desktop\Programming\COMPUTER VISION\TumorDetetction\brisc2025\segmentation_task\test\masks\brisc2025_test_00309_me_ax_t1.png
brisc2025_test_00310_me_ax_t1.jpg,meningioma,1,meningioma,1,True,0.999998927116394,Large,6.182861328125,5.87005615234375,0.9393594125838713,0.8856529004535689,0.9643878346763712,0.9155972359328727,0.9977717780235509,0.9926910400390625,0.1951039731502533,25.979116439819336,24.917299270629883,1.0,0.21762715505666255,0.21762715505666255,0.35746107361827884,0.9990128331688055,0.4118844118844119,0.41171684296175753,0.58328530259366,0.7322309970384995,0.7443552433517311,0.5850916978899625,0.7382433441154516,1.0,0.39143264143264145,0.39143264143264145,0.5626325411334552,C:\Users\vaidy\OneDrive\Desktop\Programming\COMPUTER VISION\TumorDetetction\brisc2025\classification_task\test\meningioma\brisc2025_test_00310_me_ax_t1.jpg,C:\Users\vaidy\OneDrive\Desktop\Programming\COMPUTER VISION\TumorDetetction\brisc2025\segmentation_task\test\masks\brisc2025_test_00310_me_ax_t1.png
brisc2025_test_00311_me_ax_t1.jpg,meningioma,1,meningioma,1,True,0.999985933303833,Large,2.30712890625,1.38092041015625,0.7422424493173355,0.5901315789473685,0.9911602209944751,0.5932539682539683,0.9998750468574285,0.9904937744140625,0.2017761468887329,9.939438819885254,6.184490203857422,1.0,0.08326449694366429,0.08326449694366429,0.15372883940826598,1.0,0.1630188679245283,0.1630188679245283,0.28033744321868914,0.906084656084656,0.3754453274869827,0.3613822210498549,0.5309048633985661,1.0,0.09757412398921833,0.09757412398921833,0.17779960707269155,C:\Users\vaidy\OneDrive\Desktop\Programming\COMPUTER VISION\TumorDetetction\brisc2025\classification_task\test\meningioma\brisc2025_test_00311_me_ax_t1.jpg,C:\Users\vaidy\OneDrive\Desktop\Programming\COMPUTER VISION\TumorDetetction\brisc2025\segmentation_task\test\masks\brisc2025_test_00311_me_ax_t1.png
brisc2025_test_00312_me_ax_t1.jpg,meningioma,1,meningioma,1,True,0.9999792575836182,Large,4.0252685546875,3.8543701171875,0.9333849728892332,0.8750907770515614,0.9540775930324624,0.913570887035633,0.9981557442208019,0.9947509765625,0.3191402554512024,6.335668087005615,6.115548133850098,1.0,0.07038420490928496,0.07038420490928496,0.1315120394835236,0.5379075056861259,0.11002558734589439,0.10052422782657977,0.1826842613453492,0.0,0.0,0.0,0.0,0.565716547901821,0.11080096146390633,0.10211519222523939,0.18530765739479998,C:\Users\vaidy\OneDrive\Desktop\Programming\COMPUTER VISION\TumorDetetction\brisc2025\classification_task\test\meningioma\brisc2025_test_00312_me_ax_t1.jpg,C:\Users\vaidy\OneDrive\Desktop\Programming\COMPUTER VISION\TumorDetetction\brisc2025\segmentation_task\test\masks\brisc2025_test_00312_me_ax_t1.png
brisc2025_test_00313_me_ax_t1.jpg,meningioma,1,meningioma,1,True,1.0,Large,10.24017333984375,9.4085693359375,0.9472703269395045,0.899822956624373,0.9891339604281544,0.9088064371926687,0.9988610284742881,0.9896392822265625,0.24355961382389069,31.8481502532959,29.750452041625977,1.0,0.2934283590573215,0.2934283590573215,0.4537218578865526,0.9280286097451944,0.5456456982652882,0.5234933176431033,0.6872275862068965,0.6098942035464163,0.8255344897135942,0.540258711721225,0.701516839489245,0.9557249432371067,0.5162957771158226,0.504235475314452,0.6704209328782708,C:\Users\vaidy\OneDrive\Desktop\Programming\COMPUTER VISION\TumorDetetction\brisc2025\classification_task\test\meningioma\brisc2025_test_00313_me_ax_t1.jpg,C:\Users\vaidy\OneDrive\Desktop\Programming\COMPUTER VISION\TumorDetetction\brisc2025\segmentation_task\test\masks\brisc2025_test_00313_me_ax_t1.png
brisc2025_test_00314_me_ax_t1.jpg,meningioma,1,meningioma,1,True,0.9997299313545227,Large,5.14984130859375,6.48040771484375,0.8129099973760168,0.6847922192749779,0.7294560866493995,0.9179259259259259,0.9815157413812519,0.978240966796875,0.24796445667743683,16.969970703125,20.837003707885742,1.0,0.15863689776733256,0.15863689776733256,0.2738336713995943,1.0,0.3402217741935484,0.3402217741935484,0.5077096652877021,0.7798518518518519,0.8695077634621737,0.6981432360742705,0.8222430490471727,1.0,0.428125,0.428125,0.5995623632385121,C:\Users\vaidy\OneDrive\Desktop\Programming\COMPUTER VISION\TumorDetetction\brisc2025\classification_task\test\meningioma\brisc2025_test_00314_me_ax_t1.jpg,C:\Users\vaidy\OneDrive\Desktop\Programming\COMPUTER VISION\TumorDetetction\brisc2025\segmentation_task\test\masks\brisc2025_test_00314_me_ax_t1.png
brisc2025_test_00315_me_ax_t1.jpg,meningioma,1,meningioma,1,True,0.999504566192627,Medium,1.8035888671875,1.30615234375,0.8263002944062807,0.7040133779264214,0.9836448598130841,0.7123519458544839,0.9997824533051558,0.994598388671875,0.2250930815935135,7.103302478790283,5.205256938934326,1.0,0.05820366358085483,0.05820366358085483,0.1100046533271289,1.0,0.12057533408140365,0.12057533408140365,0.2152025489303596,0.9890016920473773,0.2808071102570262,0.2799329501915709,0.4374181478016838,1.0,0.08732020809956136,0.08732020809956136,0.16061544234918848,C:\Users\vaidy\OneDrive\Desktop\Programming\COMPUTER VISION\TumorDetetction\brisc2025\classification_task\test\meningioma\brisc2025_test_00315_me_ax_t1.jpg,C:\Users\vaidy\OneDrive\Desktop\Programming\COMPUTER VISION\TumorDetetction\brisc2025\segmentation_task\test\masks\brisc2025_test_00315_me_ax_t1.png
brisc2025_test_00316_me_ax_t1.jpg,meningioma,1,meningioma,1,True,1.0,Large,5.77545166015625,5.20172119140625,0.9252154573255491,0.8608380755302638,0.9762393663831036,0.8792602377807134,0.9986882803517352,0.991790771484375,0.3153218626976013,15.462587356567383,14.150136947631836,1.0,0.10573511746794424,0.10573511746794424,0.19124854731948865,1.0,0.26602473994939557,0.26602473994939557,0.4202520401931938,0.8787318361955085,0.7470799640610961,0.6772551415190389,0.8075755736311764,1.0,0.23959797582232217,0.23959797582232217,0.38657368033112205,C:\Users\vaidy\OneDrive\Desktop\Programming\COMPUTER VISION\TumorDetetction\brisc2025\classification_task\test\meningioma\brisc2025_test_00316_me_ax_t1.jpg,C:\Users\vaidy\OneDrive\Desktop\Programming\COMPUTER VISION\TumorDetetction\brisc2025\segmentation_task\test\masks\brisc2025_test_00316_me_ax_t1.png
brisc2025_test_00317_me_ax_t1.jpg,meningioma,1,meningioma,1,True,0.9999998807907104,Large,2.69317626953125,1.57318115234375,0.7103004291845494,0.5507487520798668,0.9631425800193987,0.5626062322946176,0.999404117859215,0.987640380859375,0.21264690160751343,11.326480865478516,6.992708206176758,1.0,0.09040155705797992,0.09040155705797992,0.16581333082812721,1.0,0.1565132570719163,0.1565132570719163,0.27066400858763995,0.9059490084985836,0.35739830129637906,0.3446120689655172,0.5125821445744511,1.0,0.09142502438591824,0.09142502438591824,0.1675333116672083,C:\Users\vaidy\OneDrive\Desktop\Programming\COMPUTER VISION\TumorDetetction\brisc2025\classification_task\test\meningioma\brisc2025_test_00317_me_ax_t1.jpg,C:\Users\vaidy\OneDrive\Desktop\Programming\COMPUTER VISION\TumorDetetction\brisc2025\segmentation_task\test\masks\brisc2025_test_00317_me_ax_t1.png
brisc2025_test_00318_me_ax_t1.jpg,meningioma,1,meningioma,1,True,1.0,Large,5.67626953125,5.25970458984375,0.9231198548904702,0.8572168955688002,0.9596750797795184,0.889247311827957,0.9977513912255727,0.9915924072265625,0.19456747174263,24.011320114135742,22.494277954101562,1.0,0.1979776476849388,0.1979776476849388,0.3305197689915593,0.999731182795699,0.38796161068224494,0.38792114321477,0.5589959416804449,0.792741935483871,0.807945205479452,0.6670436552816105,0.8002713704206241,1.0,0.35958689755894013,0.35958689755894013,0.5289649351645822,C:\Users\vaidy\OneDrive\Desktop\Programming\COMPUTER VISION\TumorDetetction\brisc2025\classification_task\test\meningioma\brisc2025_test_00318_me_ax_t1.jpg,C:\Users\vaidy\OneDrive\Desktop\Programming\COMPUTER VISION\TumorDetetction\brisc2025\segmentation_task\test\masks\brisc2025_test_00318_me_ax_t1.png
brisc2025_test_00319_me_ax_t1.jpg,meningioma,1,meningioma,1,True,0.9999803304672241,Medium,2.1026611328125,1.629638671875,0.8454619787408013,0.7322946175637394,0.9681647940074907,0.7503628447024674,0.9994700582935877,0.994232177734375,0.19469331204891205,9.948884963989258,7.874455451965332,1.0,0.07827766416723472,0.07827766416723472,0.14519018017068802,1.0,0.12784117265052417,0.12784117265052417,0.22670066628280003,0.9949201741654572,0.31839294008360425,0.3178761882680269,0.4824067558057706,1.0,0.09908154745338157,0.09908154745338157,0.18029880982527222,C:\Users\vaidy\OneDrive\Desktop\Programming\COMPUTER VISION\TumorDetetction\brisc2025\classification_task\test\meningioma\brisc2025_test_00319_me_ax_t1.jpg,C:\Users\vaidy\OneDrive\Desktop\Programming\COMPUTER VISION\TumorDetetction\brisc2025\segmentation_task\test\masks\brisc2025_test_00319_me_ax_t1.png
brisc2025_test_00320_me_ax_t1.jpg,meningioma,1,meningioma,1,True,0.9999855756759644,Large,2.90374755859375,2.6885986328125,0.8725784447476126,0.7739593417231365,0.9074914869466515,0.8402522333158171,0.9974384360316189,0.9928741455078125,0.260653555393219,9.774335861206055,9.142295837402344,1.0,0.07458650152857255,0.07458650152857255,0.13881898092424408,1.0,0.17534322307196168,0.17534322307196168,0.29836939479460645,0.9852863899106674,0.4990684056428001,0.4953764861294584,0.6625441696113075,1.0,0.16235142356951995,0.16235142356951995,0.27934998018232265,C:\Users\vaidy\OneDrive\Desktop\Programming\COMPUTER VISION\TumorDetetction\brisc2025\classification_task\test\meningioma\brisc2025_test_00320_me_ax_t1.jpg,C:\Users\vaidy\OneDrive\Desktop\Programming\COMPUTER VISION\TumorDetetction\brisc2025\segmentation_task\test\masks\brisc2025_test_00320_me_ax_t1.png
brisc2025_test_00321_me_ax_t1.jpg,meningioma,1,meningioma,1,True,0.9994822144508362,Large,6.6009521484375,4.0802001953125,0.7522857142857143,0.6029310739638195,0.9846671652954375,0.6086453999075359,0.9993301748080379,0.973541259765625,0.2734256684780121,17.23845672607422,10.81606674194336,1.0,0.1596958174904943,0.1596958174904943,0.2754098360655738,0.8344891354600092,0.3312230479860538,0.31080499354283253,0.4742200328407225,0.463245492371706,0.4831243972999036,0.3097372488408037,0.4729761623790418,0.8208676140613314,0.20139462335994127,0.19291615398136755,0.3234362336992559,C:\Users\vaidy\OneDrive\Desktop\Programming\COMPUTER VISION\TumorDetetction\brisc2025\classification_task\test\meningioma\brisc2025_test_00321_me_ax_t1.jpg,C:\Users\vaidy\OneDrive\Desktop\Programming\COMPUTER VISION\TumorDetetction\brisc2025\segmentation_task\test\masks\brisc2025_test_00321_me_ax_t1.png
brisc2025_test_00322_me_ax_t1.jpg,meningioma,1,meningioma,1,True,1.0,Large,3.289794921875,2.82745361328125,0.8919930157146421,0.805042773525439,0.9649217485159202,0.8293135435992579,0.9989744398863994,0.9933929443359375,0.21823497116565704,13.161203384399414,11.508321762084961,1.0,0.10386857445680975,0.10386857445680975,0.18819011041766684,1.0,0.1913213239861567,0.1913213239861567,0.32119180633147115,0.9304267161410018,0.4626383763837638,0.44716897012929113,0.6179913739987677,1.0,0.16443340136658088,0.16443340136658088,0.2824264593811919,C:\Users\vaidy\OneDrive\Desktop\Programming\COMPUTER VISION\TumorDetetction\brisc2025\classification_task\test\meningioma\brisc2025_test_00322_me_ax_t1.jpg,C:\Users\vaidy\OneDrive\Desktop\Programming\COMPUTER VISION\TumorDetetction\brisc2025\segmentation_task\test\masks\brisc2025_test_00322_me_ax_t1.png
brisc2025_test_00323_me_ax_t1.jpg,meningioma,1,meningioma,1,True,1.0,Large,4.12445068359375,3.98712158203125,0.9334085778781038,0.8751322751322751,0.9494833524684271,0.9178690344062154,0.9978991930991676,0.994598388671875,0.21407730877399445,16.456920623779297,15.984402656555176,1.0,0.1292435689012145,0.1292435689012145,0.22890290892153956,1.0,0.2685810810810811,0.2685810810810811,0.4234354194407457,0.9326674065852756,0.6806155507559395,0.6487390633041689,0.786951771499922,1.0,0.25963831478537364,0.25963831478537364,0.41224264415871265,C:\Users\vaidy\OneDrive\Desktop\Programming\COMPUTER VISION\TumorDetetction\brisc2025\classification_task\test\meningioma\brisc2025_test_00323_me_ax_t1.jpg,C:\Users\vaidy\OneDrive\Desktop\Programming\COMPUTER VISION\TumorDetetction\brisc2025\segmentation_task\test\masks\brisc2025_test_00323_me_ax_t1.png
brisc2025_test_00324_me_ax_t1.jpg,meningioma,1,meningioma,1,True,0.998636782169342,Medium,0.7781982421875,0.1739501953125,0.32051282051282054,0.19083969465648856,0.8771929824561403,0.19607843137254902,0.9997847015040138,0.9935302734375,0.3787906765937805,1.6763067245483398,0.3682057559490204,1.0,0.012436294471945183,0.012436294471945183,0.02456706568077266,1.0,0.02576538344953016,0.02576538344953016,0.050236406619385346,1.0,0.08373009358069282,0.08373009358069282,0.1545220421148311,1.0,0.005759321006365566,0.005759321006365566,0.011452682338758288,C:\Users\vaidy\OneDrive\Desktop\Programming\COMPUTER VISION\TumorDetetction\brisc2025\classification_task\test\meningioma\brisc2025_test_00324_me_ax_t1.jpg,C:\Users\vaidy\OneDrive\Desktop\Programming\COMPUTER VISION\TumorDetetction\brisc2025\segmentation_task\test\masks\brisc2025_test_00324_me_ax_t1.png
brisc2025_test_00325_me_ax_t1.jpg,meningioma,1,meningioma,1,True,0.8528372645378113,Medium,1.35955810546875,1.34124755859375,0.9175141242937853,0.8475991649269311,0.9237770193401593,0.9113355780022446,0.9989635702683889,0.997772216796875,0.1956893354654312,6.295894622802734,6.2034687995910645,1.0,0.05126287325240205,0.05126287325240205,0.09752626970227671,1.0,0.10294627383015598,0.10294627383015598,0.18667504714016342,1.0,0.2746609124537608,0.2746609124537608,0.4309552599758162,1.0,0.10155979202772963,0.10155979202772963,0.18439269981120202,C:\Users\vaidy\OneDrive\Desktop\Programming\COMPUTER VISION\TumorDetetction\brisc2025\classification_task\test\meningioma\brisc2025_test_00325_me_ax_t1.jpg,C:\Users\vaidy\OneDrive\Desktop\Programming\COMPUTER VISION\TumorDetetction\brisc2025\segmentation_task\test\masks\brisc2025_test_00325_me_ax_t1.png
brisc2025_test_00326_me_ax_t1.jpg,meningioma,1,meningioma,1,True,0.9997186064720154,Large,3.2928466796875,3.240966796875,0.9313404950957497,0.8715034965034965,0.9387947269303202,0.9240037071362373,0.9979488150462306,0.995513916015625,0.21873530745506287,12.049386978149414,11.987892150878906,1.0,0.12484091172046743,0.12484091172046743,0.22197078790372352,1.0,0.23858485351022665,0.23858485351022665,0.38525394983486566,0.669601482854495,0.39840088227185,0.33294930875576034,0.4995678478824546,1.0,0.23482587064676616,0.23482587064676616,0.38033843674456086,C:\Users\vaidy\OneDrive\Desktop\Programming\COMPUTER VISION\TumorDetetction\brisc2025\classification_task\test\meningioma\brisc2025_test_00326_me_ax_t1.jpg,C:\Users\vaidy\OneDrive\Desktop\Programming\COMPUTER VISION\TumorDetetction\brisc2025\segmentation_task\test\masks\brisc2025_test_00326_me_ax_t1.png
brisc2025_test_00327_me_ax_t1.jpg,meningioma,1,meningioma,1,True,0.9997001886367798,Medium,0.82550048828125,0.750732421875,0.8809293320425944,0.78719723183391,0.9247967479674797,0.8410351201478743,0.9994307254404184,0.9981231689453125,0.2776574492454529,2.82177996635437,2.578179359436035,1.0,0.020464518081404145,0.020464518081404145,0.040108240352893204,1.0,0.045000831808351356,0.045000831808351356,0.08612592533630502,1.0,0.11895338610378188,0.11895338610378188,0.2126154450776184,1.0,0.040924970886707705,0.040924970886707705,0.07863193223589579,C:\Users\vaidy\OneDrive\Desktop\Programming\COMPUTER VISION\TumorDetetction\brisc2025\classification_task\test\meningioma\brisc2025_test_00327_me_ax_t1.jpg,C:\Users\vaidy\OneDrive\Desktop\Programming\COMPUTER VISION\TumorDetetction\brisc2025\segmentation_task\test\masks\brisc2025_test_00327_me_ax_t1.png
brisc2025_test_00328_me_ax_t1.jpg,meningioma,1,meningioma,1,True,0.9999997615814209,Medium,1.61285400390625,1.513671875,0.9380185456320156,0.8832720588235294,0.96875,0.9091769157994324,0.9995192233130167,0.9980621337890625,0.21405573189258575,6.934734344482422,6.53005838394165,1.0,0.05745814307458143,0.05745814307458143,0.10867218423893486,1.0,0.10814405565786782,0.10814405565786782,0.1951805004154741,1.0,0.26332835077229694,0.26332835077229694,0.4168802997436403,1.0,0.10149375895232249,0.10149375895232249,0.18428385658554708,C:\Users\vaidy\OneDrive\Desktop\Programming\COMPUTER VISION\TumorDetetction\brisc2025\classification_task\test\meningioma\brisc2025_test_00328_me_ax_t1.jpg,C:\Users\vaidy\OneDrive\Desktop\Programming\COMPUTER VISION\TumorDetetction\brisc2025\segmentation_task\test\masks\brisc2025_test_00328_me_ax_t1.png
brisc2025_test_00329_me_ax_t1.jpg,meningioma,1,meningioma,1,True,0.9993634819984436,Small,0.433349609375,0.03814697265625,0.16181229773462782,0.0880281690140845,1.0,0.0880281690140845,1.0,0.9960479736328125,0.40713194012641907,0.7026901245117188,0.06552434712648392,1.0,0.006034464441280836,0.006034464441280836,0.01199653621137559,1.0,0.012476935242948774,0.012476935242948774,0.02464635945500304,0.0,0.0,0.0,0.0,1.0,0.0010983217643440821,0.0010983217643440821,0.0021942335542195113,C:\Users\vaidy\OneDrive\Desktop\Programming\COMPUTER VISION\TumorDetetction\brisc2025\classification_task\test\meningioma\brisc2025_test_00329_me_ax_t1.jpg,C:\Users\vaidy\OneDrive\Desktop\Programming\COMPUTER VISION\TumorDetetction\brisc2025\segmentation_task\test\masks\brisc2025_test_00329_me_ax_t1.png
brisc2025_test_00330_me_ax_t1.jpg,meningioma,1,meningioma,1,True,0.999924898147583,Medium,1.4129638671875,1.39312744140625,0.9298531810766721,0.8689024390243902,0.9364731653888281,0.9233261339092873,0.9991023061445596,0.9980316162109375,0.2844647169113159,4.450383186340332,4.401055812835693,1.0,0.033134146777829464,0.033134146777829464,0.06414297094171025,1.0,0.07721170682898357,0.07721170682898357,0.14335474881956808,1.0,0.20725156669650852,0.20725156669650852,0.3433444568038561,1.0,0.07612774118235638,0.07612774118235638,0.14148458081512474,C:\Users\vaidy\OneDrive\Desktop\Programming\COMPUTER VISION\TumorDetetction\brisc2025\classification_task\test\meningioma\brisc2025_test_00330_me_ax_t1.jpg,C:\Users\vaidy\OneDrive\Desktop\Programming\COMPUTER VISION\TumorDetetction\brisc2025\segmentation_task\test\masks\brisc2025_test_00330_me_ax_t1.png
brisc2025_test_00331_me_ax_t1.jpg,meningioma,1,meningioma,1,True,0.9930440783500671,Medium,0.79803466796875,0.665283203125,0.8800834202294057,0.7858472998137802,0.9678899082568807,0.8068833652007649,0.9997846584529247,0.9982452392578125,0.4519534707069397,1.1685549020767212,0.9650190472602844,1.0,0.009689491625907811,0.009689491625907811,0.019193012715829648,1.0,0.01982637704234429,0.01982637704234429,0.038881867519143555,0.055449330783938815,0.0044335728481883505,0.00412224591329069,0.008210645526613816,1.0,0.016528299025740174,0.016528299025740174,0.03251911243706881,C:\Users\vaidy\OneDrive\Desktop\Programming\COMPUTER VISION\TumorDetetction\brisc2025\classification_task\test\meningioma\brisc2025_test_00331_me_ax_t1.jpg,C:\Users\vaidy\OneDrive\Desktop\Programming\COMPUTER VISION\TumorDetetction\brisc2025\segmentation_task\test\masks\brisc2025_test_00331_me_ax_t1.png
brisc2025_test_00332_me_ax_t1.jpg,meningioma,1,meningioma,1,True,0.9985646605491638,Medium,2.0782470703125,1.995849609375,0.9370786516853933,0.8816067653276956,0.9564220183486238,0.9185022026431718,0.999111789821423,0.9974365234375,0.21561890840530396,8.964059829711914,8.624706268310547,1.0,0.07182407846859674,0.07182407846859674,0.13402214022140221,1.0,0.13982137357560825,0.13982137357560825,0.2453390975412051,1.0,0.33090379008746357,0.33090379008746357,0.49726177437020813,1.0,0.13427779488758854,0.13427779488758854,0.23676350800977464,C:\Users\vaidy\OneDrive\Desktop\Programming\COMPUTER VISION\TumorDetetction\brisc2025\classification_task\test\meningioma\brisc2025_test_00332_me_ax_t1.jpg,C:\Users\vaidy\OneDrive\Desktop\Programming\COMPUTER VISION\TumorDetetction\brisc2025\segmentation_task\test\masks\brisc2025_test_00332_me_ax_t1.png
brisc2025_test_00333_me_ax_t1.jpg,meningioma,1,meningioma,1,True,0.9773074388504028,Medium,1.8310546875,1.84173583984375,0.9156626506024096,0.8444444444444444,0.9130074565037283,0.9183333333333333,0.9983679432976872,0.9969024658203125,0.2507481873035431,6.3617095947265625,6.480924606323242,1.0,0.05807481972608043,0.05807481972608043,0.10977450487124366,1.0,0.1259710266638673,0.1259710266638673,0.2237553608055193,0.9575,0.30340639028254557,0.29937467430953624,0.460798074994987,1.0,0.12670585765273987,0.12670585765273987,0.2249138171992919,C:\Users\vaidy\OneDrive\Desktop\Programming\COMPUTER VISION\TumorDetetction\brisc2025\classification_task\test\meningioma\brisc2025_test_00333_me_ax_t1.jpg,C:\Users\vaidy\OneDrive\Desktop\Programming\COMPUTER VISION\TumorDetetction\brisc2025\segmentation_task\test\masks\brisc2025_test_00333_me_ax_t1.png
brisc2025_test_00334_me_ax_t1.jpg,meningioma,1,meningioma,1,True,0.9999798536300659,Medium,1.01318359375,1.04522705078125,0.9177168272794662,0.8479452054794521,0.9036496350364963,0.9322289156626506,0.9989826119126896,0.9983062744140625,0.24929136037826538,3.6450560092926025,3.7744944095611572,1.0,0.029741109020872524,0.029741109020872524,0.057764245324053935,1.0,0.06400616926932716,0.06400616926932716,0.12031165066135169,0.9759036144578314,0.14886285320468642,0.14831769283588922,0.25832170619892364,1.0,0.06603046076730287,0.06603046076730287,0.12388100189890587,C:\Users\vaidy\OneDrive\Desktop\Programming\COMPUTER VISION\TumorDetetction\brisc2025\classification_task\test\meningioma\brisc2025_test_00334_me_ax_t1.jpg,C:\Users\vaidy\OneDrive\Desktop\Programming\COMPUTER VISION\TumorDetetction\brisc2025\segmentation_task\test\masks\brisc2025_test_00334_me_ax_t1.png
brisc2025_test_00335_me_ax_t1.jpg,meningioma,1,meningioma,1,True,0.999737560749054,Medium,0.7598876953125,0.6439208984375,0.9021739130434783,0.8217821782178217,0.9834123222748815,0.8333333333333334,0.9998923706141025,0.998626708984375,0.32909250259399414,2.1812903881073,1.8503804206848145,1.0,0.01498690902524903,0.01498690902524903,0.029531236101639637,1.0,0.033530837597629946,0.033530837597629946,0.06488599348534202,1.0,0.0891993551853842,0.0891993551853842,0.1637888505180069,1.0,0.02841368165903582,0.02841368165903582,0.05525729998690585,C:\Users\vaidy\OneDrive\Desktop\Programming\COMPUTER VISION\TumorDetetction\brisc2025\classification_task\test\meningioma\brisc2025_test_00335_me_ax_t1.jpg,C:\Users\vaidy\OneDrive\Desktop\Programming\COMPUTER VISION\TumorDetetction\brisc2025\segmentation_task\test\masks\brisc2025_test_00335_me_ax_t1.png
brisc2025_test_00336_me_ax_t1.jpg,meningioma,1,meningioma,1,True,0.9999998807907104,Large,6.08367919921875,5.68695068359375,0.9499611096707286,0.9046913580246914,0.9830963241212771,0.9189867067970905,0.9989764252871696,0.994110107421875,0.22688095271587372,22.940584182739258,21.550434112548828,1.0,0.20705234732031574,0.20705234732031574,0.34307103213870843,1.0,0.3725471874415997,0.3725471874415997,0.5428551977670366,0.7853022322548282,0.6758040146773149,0.5704135543814902,0.7264501160092808,1.0,0.34825266305363484,0.34825266305363484,0.5165985168757363,C:\Users\vaidy\OneDrive\Desktop\Programming\COMPUTER VISION\TumorDetetction\brisc2025\classification_task\test\meningioma\brisc2025_test_00336_me_ax_t1.jpg,C:\Users\vaidy\OneDrive\Desktop\Programming\COMPUTER VISION\TumorDetetction\brisc2025\segmentation_task\test\masks\brisc2025_test_00336_me_ax_t1.png
brisc2025_test_00337_me_ax_t1.jpg,meningioma,1,meningioma,1,True,0.9999465942382812,Medium,1.287841796875,1.1932373046875,0.9175891758917589,0.8477272727272728,0.9539641943734015,0.8838862559241706,0.9994435169727324,0.997955322265625,0.25674623250961304,3.7402384281158447,3.463132381439209,1.0,0.035191594045782426,0.035191594045782426,0.06799049422000242,1.0,0.08697444352844189,0.08697444352844189,0.16003033750474024,0.47393364928909953,0.12488292226038089,0.10967918837400603,0.19767729182110205,1.0,0.08058532563891178,0.08058532563891178,0.14915124928476065,C:\Users\vaidy\OneDrive\Desktop\Programming\COMPUTER VISION\TumorDetetction\brisc2025\classification_task\test\meningioma\brisc2025_test_00337_me_ax_t1.jpg,C:\Users\vaidy\OneDrive\Desktop\Programming\COMPUTER VISION\TumorDetetction\brisc2025\segmentation_task\test\masks\brisc2025_test_00337_me_ax_t1.png
brisc2025_test_00338_me_ax_t1.jpg,meningioma,1,meningioma,1,True,0.9998540878295898,Large,4.98504638671875,4.815673828125,0.9559395920909233,0.9155979719654042,0.9727503168567807,0.9397000306091216,0.9986188954375371,0.9956817626953125,0.2396468222141266,17.945938110351562,17.416040420532227,1.0,0.1704581028905353,0.1704581028905353,0.2912673293808229,1.0,0.3138630031703334,0.3138630031703334,0.4777712781515063,0.8295071931435568,0.6254327255942764,0.5541922290388548,0.7131578947368421,1.0,0.30319915457776925,0.30319915457776925,0.46531514928123846,C:\Users\vaidy\OneDrive\Desktop\Programming\COMPUTER VISION\TumorDetetction\brisc2025\classification_task\test\meningioma\brisc2025_test_00338_me_ax_t1.jpg,C:\Users\vaidy\OneDrive\Desktop\Programming\COMPUTER VISION\TumorDetetction\brisc2025\segmentation_task\test\masks\brisc2025_test_00338_me_ax_t1.png
brisc2025_test_00339_me_ax_t1.jpg,meningioma,1,meningioma,1,True,0.9999489784240723,Large,2.96478271484375,2.78778076171875,0.9331564986737401,0.8746892093485827,0.9627805145046524,0.9053010808028822,0.9989306999198025,0.99615478515625,0.2790911793708801,9.76246452331543,9.241372108459473,1.0,0.07515278100100564,0.07515278100100564,0.13979925891283232,1.0,0.16603999316356177,0.16603999316356177,0.2847929644558446,0.9783839423571796,0.4010548523206751,0.3975324132162275,0.5689061798593446,1.0,0.15612715775081182,0.15612715775081182,0.2700864808928967,C:\Users\vaidy\OneDrive\Desktop\Programming\COMPUTER VISION\TumorDetetction\brisc2025\classification_task\test\meningioma\brisc2025_test_00339_me_ax_t1.jpg,C:\Users\vaidy\OneDrive\Desktop\Programming\COMPUTER VISION\TumorDetetction\brisc2025\segmentation_task\test\masks\brisc2025_test_00339_me_ax_t1.png
brisc2025_test_00340_me_ax_t1.jpg,meningioma,1,meningioma,1,True,0.9960917830467224,Small,0.2716064453125,0.27008056640625,0.8338028169014085,0.714975845410628,0.8361581920903954,0.8314606741573034,0.9995562899721534,0.9990997314453125,0.34859681129455566,0.29552990198135376,0.29403209686279297,1.0,0.004239508407564426,0.004239508407564426,0.00844322170572052,0.0,0.0,0.0,0.0,0.0,0.0,0.0,0.0,0.0,0.0,0.0,0.0,C:\Users\vaidy\OneDrive\Desktop\Programming\COMPUTER VISION\TumorDetetction\brisc2025\classification_task\test\meningioma\brisc2025_test_00340_me_ax_t1.jpg,C:\Users\vaidy\OneDrive\Desktop\Programming\COMPUTER VISION\TumorDetetction\brisc2025\segmentation_task\test\masks\brisc2025_test_00340_me_ax_t1.png
brisc2025_test_00341_me_ax_t1.jpg,meningioma,1,meningioma,1,True,0.9999465942382812,Medium,2.10723876953125,2.105712890625,0.9445852951829048,0.8949897048730268,0.9449275362318841,0.944243301955105,0.998815369028135,0.9976654052734375,0.20929916203022003,8.96339225769043,8.940815925598145,1.0,0.07711637257091802,0.07711637257091802,0.14319041941002644,1.0,0.14436546100773573,0.14436546100773573,0.2523065680095003,0.9934829833454019,0.3245800804352969,0.323890462700661,0.4893009985734665,1.0,0.1442609241062095,0.1442609241062095,0.25214690297825687,C:\Users\vaidy\OneDrive\Desktop\Programming\COMPUTER VISION\TumorDetetction\brisc2025\classification_task\test\meningioma\brisc2025_test_00341_me_ax_t1.jpg,C:\Users\vaidy\OneDrive\Desktop\Programming\COMPUTER VISION\TumorDetetction\brisc2025\segmentation_task\test\masks\brisc2025_test_00341_me_ax_t1.png
brisc2025_test_00342_me_ax_t1.jpg,meningioma,1,meningioma,1,True,0.9990159273147583,Large,4.376220703125,4.3060302734375,0.9616871704745167,0.926201760324983,0.969525159461375,0.9539748953974896,0.9986276887725793,0.996673583984375,0.23023457825183868,16.381240844726562,16.11256980895996,1.0,0.14834738529974656,0.14834738529974656,0.25836674023692624,1.0,0.28353929807217004,0.28353929807217004,0.4418085188323192,0.8797071129707112,0.5923925804179385,0.5480017376194614,0.7080117861652869,1.0,0.27899159663865547,0.27899159663865547,0.43626806833114323,C:\Users\vaidy\OneDrive\Desktop\Programming\COMPUTER VISION\TumorDetetction\brisc2025\classification_task\test\meningioma\brisc2025_test_00342_me_ax_t1.jpg,C:\Users\vaidy\OneDrive\Desktop\Programming\COMPUTER VISION\TumorDetetction\brisc2025\segmentation_task\test\masks\brisc2025_test_00342_me_ax_t1.png
brisc2025_test_00343_me_ax_t1.jpg,meningioma,1,meningioma,1,True,0.9999988079071045,Medium,0.7843017578125,0.762939453125,0.9013806706114399,0.8204667863554758,0.914,0.8891050583657587,0.9993386853680293,0.99847412109375,0.23456086218357086,3.142038345336914,3.0676989555358887,1.0,0.02742503468146409,0.02742503468146409,0.05338595762359784,1.0,0.05602179836512262,0.05602179836512262,0.10609970069150583,1.0,0.13497899159663865,0.13497899159663865,0.23785284590467376,1.0,0.05449591280653951,0.05449591280653951,0.10335917312661498,C:\Users\vaidy\OneDrive\Desktop\Programming\COMPUTER VISION\TumorDetetction\brisc2025\classification_task\test\meningioma\brisc2025_test_00343_me_ax_t1.jpg,C:\Users\vaidy\OneDrive\Desktop\Programming\COMPUTER VISION\TumorDetetction\brisc2025\segmentation_task\test\masks\brisc2025_test_00343_me_ax_t1.png
brisc2025_test_00344_me_ax_t1.jpg,meningioma,1,meningioma,1,True,1.0,Medium,2.08892822265625,1.95770263671875,0.9351432880844646,0.8781869688385269,0.9664848012470771,0.9057706355003652,0.9993298736110462,0.99737548828125,0.2320677936077118,7.869629383087158,7.4411749839782715,1.0,0.06694049190748619,0.06694049190748619,0.12548120989917508,1.0,0.13558482717638903,0.13558482717638903,0.23879295307866735,0.9532505478451424,0.32665832290362956,0.3215077605321508,0.4865771812080537,1.0,0.12706744577597306,0.12706744577597306,0.22548330404217926,C:\Users\vaidy\OneDrive\Desktop\Programming\COMPUTER VISION\TumorDetetction\brisc2025\classification_task\test\meningioma\brisc2025_test_00344_me_ax_t1.jpg,C:\Users\vaidy\OneDrive\Desktop\Programming\COMPUTER VISION\TumorDetetction\brisc2025\segmentation_task\test\masks\brisc2025_test_00344_me_ax_t1.png
brisc2025_test_00345_me_ax_t1.jpg,meningioma,1,meningioma,1,True,0.9999434947967529,Medium,1.33056640625,0.7781982421875,0.6903039073806078,0.5270718232044199,0.9352941176470588,0.5470183486238532,0.9994896696771001,0.99346923828125,0.2636096477508545,4.665058612823486,2.666968584060669,1.0,0.035201033424834494,0.035201033424834494,0.06800811105911714,1.0,0.07345013477088949,0.07345013477088949,0.13684871311989957,1.0,0.19529675251959686,0.19529675251959686,0.3267753419524077,1.0,0.04295822102425876,0.04295822102425876,0.08237764496850267,C:\Users\vaidy\OneDrive\Desktop\Programming\COMPUTER VISION\TumorDetetction\brisc2025\classification_task\test\meningioma\brisc2025_test_00345_me_ax_t1.jpg,C:\Users\vaidy\OneDrive\Desktop\Programming\COMPUTER VISION\TumorDetetction\brisc2025\segmentation_task\test\masks\brisc2025_test_00345_me_ax_t1.png
brisc2025_test_00346_me_ax_t1.jpg,meningioma,1,meningioma,1,True,0.999163031578064,Medium,2.056884765625,1.97601318359375,0.94211123723042,0.8905579399141631,0.9613899613899614,0.9235905044510386,0.9992210382002866,0.9976654052734375,0.23475496470928192,8.00179672241211,7.671456813812256,1.0,0.06888446011548878,0.06888446011548878,0.12889037624898408,1.0,0.14934633281630844,0.14934633281630844,0.2598804704067862,1.0,0.3684066684886581,0.3684066684886581,0.5384461753545037,0.9938223938223938,0.14258807888322625,0.14246181093646226,0.2493944385233989,C:\Users\vaidy\OneDrive\Desktop\Programming\COMPUTER VISION\TumorDetetction\brisc2025\classification_task\test\meningioma\brisc2025_test_00346_me_ax_t1.jpg,C:\Users\vaidy\OneDrive\Desktop\Programming\COMPUTER VISION\TumorDetetction\brisc2025\segmentation_task\test\masks\brisc2025_test_00346_me_ax_t1.png
brisc2025_test_00347_me_ax_t1.jpg,meningioma,1,meningioma,1,True,0.9999492168426514,Large,3.81927490234375,3.54461669921875,0.9436386241193535,0.8932914868575912,0.9801980198019802,0.9097083499800239,0.9992702235337045,0.995849609375,0.2141372263431549,15.30285358428955,14.332191467285156,1.0,0.1454217987450616,0.1454217987450616,0.2539183362921633,1.0,0.2864172102071175,0.2864172102071175,0.44529443159580145,0.9456652017578905,0.7093197482768954,0.6815433342931183,0.8106164383561644,1.0,0.2658198878590228,0.2658198878590228,0.4199963840173567,C:\Users\vaidy\OneDrive\Desktop\Programming\COMPUTER VISION\TumorDetetction\brisc2025\classification_task\test\meningioma\brisc2025_test_00347_me_ax_t1.jpg,C:\Users\vaidy\OneDrive\Desktop\Programming\COMPUTER VISION\TumorDetetction\brisc2025\segmentation_task\test\masks\brisc2025_test_00347_me_ax_t1.png
brisc2025_test_00348_me_ax_t1.jpg,meningioma,1,meningioma,1,True,0.9999659061431885,Large,4.2572021484375,3.77044677734375,0.842805550275613,0.7283180026281209,0.8972076082557668,0.7946236559139785,0.9959519331909604,0.9873809814453125,0.274095743894577,12.929910659790039,11.660059928894043,1.0,0.10284197721994913,0.10284197721994913,0.18650355961094955,1.0,0.2817328082399273,0.2817328082399273,0.43961238477901204,0.8358422939068101,0.6977857570317175,0.6136842105263158,0.7606001304631441,1.0,0.249520347369484,0.249520347369484,0.3993858089542589,C:\Users\vaidy\OneDrive\Desktop\Programming\COMPUTER VISION\TumorDetetction\brisc2025\classification_task\test\meningioma\brisc2025_test_00348_me_ax_t1.jpg,C:\Users\vaidy\OneDrive\Desktop\Programming\COMPUTER VISION\TumorDetetction\brisc2025\segmentation_task\test\masks\brisc2025_test_00348_me_ax_t1.png
brisc2025_test_00349_me_ax_t1.jpg,meningioma,1,meningioma,1,True,0.9996911287307739,Large,2.60772705078125,2.15606689453125,0.8750800768737989,0.7779043280182233,0.9667374380750177,0.799297834991223,0.9992636345120404,0.994049072265625,0.4095346927642822,4.916248321533203,4.104434013366699,1.0,0.04273568392098025,0.04273568392098025,0.08196839252739874,1.0,0.07035817208727871,0.07035817208727871,0.13146659486903342,0.633703920421299,0.10065991263128543,0.09512516469038208,0.1737247353224254,1.0,0.05817208727871552,0.05817208727871552,0.10994825506750185,C:\Users\vaidy\OneDrive\Desktop\Programming\COMPUTER VISION\TumorDetetction\brisc2025\classification_task\test\meningioma\brisc2025_test_00349_me_ax_t1.jpg,C:\Users\vaidy\OneDrive\Desktop\Programming\COMPUTER VISION\TumorDetetction\brisc2025\segmentation_task\test\masks\brisc2025_test_00349_me_ax_t1.png
brisc2025_test_00350_me_ax_t1.jpg,meningioma,1,meningioma,1,True,0.9995266199111938,Medium,1.97601318359375,2.056884765625,0.8891411275066212,0.8004087193460491,0.8716617210682492,0.9073359073359073,0.9973070157687458,0.9955291748046875,0.2563652992248535,6.058562755584717,6.2269206047058105,1.0,0.056557627636808314,0.056557627636808314,0.10706018518518519,1.0,0.1171839652520134,0.1171839652520134,0.20978454560181437,0.5837837837837838,0.18358426420592522,0.16233626798368048,0.2793275447995566,1.0,0.12197991132024251,0.12197991132024251,0.21743689007178,C:\Users\vaidy\OneDrive\Desktop\Programming\COMPUTER VISION\TumorDetetction\brisc2025\classification_task\test\meningioma\brisc2025_test_00350_me_ax_t1.jpg,C:\Users\vaidy\OneDrive\Desktop\Programming\COMPUTER VISION\TumorDetetction\brisc2025\segmentation_task\test\masks\brisc2025_test_00350_me_ax_t1.png
brisc2025_test_00351_me_ax_t1.jpg,meningioma,1,meningioma,1,True,0.9952503442764282,Large,3.80401611328125,3.26080322265625,0.9049676025917927,0.8264299802761341,0.9803462798315395,0.8403529883674288,0.9993337880494266,0.9932861328125,0.21993307769298553,15.257401466369629,13.195802688598633,1.0,0.13827722003438905,0.13827722003438905,0.24295877594776338,1.0,0.26200735680504467,0.26200735680504467,0.4152231845436376,0.99558764540714,0.6280364372469636,0.62629321221297,0.7702094647013189,1.0,0.22459274829217027,0.22459274829217027,0.3668039821489873,C:\Users\vaidy\OneDrive\Desktop\Programming\COMPUTER VISION\TumorDetetction\brisc2025\classification_task\test\meningioma\brisc2025_test_00351_me_ax_t1.jpg,C:\Users\vaidy\OneDrive\Desktop\Programming\COMPUTER VISION\TumorDetetction\brisc2025\segmentation_task\test\masks\brisc2025_test_00351_me_ax_t1.png
brisc2025_test_00352_me_ax_t1.jpg,meningioma,1,meningioma,1,True,0.999504566192627,Medium,1.68304443359375,1.30615234375,0.846350178662583,0.7336283185840708,0.9684579439252337,0.7515865820489573,0.9995809600670464,0.9954071044921875,0.2250930815935135,6.640197277069092,5.205256938934326,1.0,0.0543135710064999,0.0543135710064999,0.10303115221148008,1.0,0.11251657655819647,0.11251657655819647,0.2022739776269943,0.9954669084315503,0.26375210184962766,0.2634357005758157,0.4170148120015192,1.0,0.08732020809956136,0.08732020809956136,0.16061544234918848,C:\Users\vaidy\OneDrive\Desktop\Programming\COMPUTER VISION\TumorDetetction\brisc2025\classification_task\test\meningioma\brisc2025_test_00352_me_ax_t1.jpg,C:\Users\vaidy\OneDrive\Desktop\Programming\COMPUTER VISION\TumorDetetction\brisc2025\segmentation_task\test\masks\brisc2025_test_00352_me_ax_t1.png
brisc2025_test_00353_me_ax_t1.jpg,meningioma,1,meningioma,1,True,0.999997615814209,Medium,1.69677734375,1.5594482421875,0.9353327085285849,0.8785211267605634,0.9765166340508806,0.8974820143884892,0.9996274680243388,0.997894287109375,0.21816393733024597,6.887577533721924,6.343905448913574,1.0,0.05874273639725304,0.05874273639725304,0.1109669693643349,1.0,0.12222466476148604,0.12222466476148604,0.2178256611165524,0.9991007194244604,0.32821270310192024,0.3281157708210278,0.4941071825661552,1.0,0.11233238074302045,0.11233238074302045,0.20197628458498024,C:\Users\vaidy\OneDrive\Desktop\Programming\COMPUTER VISION\TumorDetetction\brisc2025\classification_task\test\meningioma\brisc2025_test_00353_me_ax_t1.jpg,C:\Users\vaidy\OneDrive\Desktop\Programming\COMPUTER VISION\TumorDetetction\brisc2025\segmentation_task\test\masks\brisc2025_test_00353_me_ax_t1.png
brisc2025_test_00354_me_ax_t1.jpg,meningioma,1,meningioma,1,True,0.9999803304672241,Medium,2.0721435546875,1.629638671875,0.8516075845012366,0.741564967695621,0.9672284644194756,0.7606774668630338,0.9994546417775562,0.9945068359375,0.19469331204891205,9.787748336791992,7.874455451965332,1.0,0.07714155873665077,0.07714155873665077,0.14323383609323911,1.0,0.12598571296038594,0.12598571296038594,0.22377852846667215,0.9941089837997055,0.3135160241523456,0.3129346314325452,0.4766949152542373,1.0,0.09908154745338157,0.09908154745338157,0.18029880982527222,C:\Users\vaidy\OneDrive\Desktop\Programming\COMPUTER VISION\TumorDetetction\brisc2025\classification_task\test\meningioma\brisc2025_test_00354_me_ax_t1.jpg,C:\Users\vaidy\OneDrive\Desktop\Programming\COMPUTER VISION\TumorDetetction\brisc2025\segmentation_task\test\masks\brisc2025_test_00354_me_ax_t1.png
brisc2025_test_00355_me_ax_t1.jpg,meningioma,1,meningioma,1,True,0.9810159802436829,Medium,2.06146240234375,1.8310546875,0.9031752254018032,0.823445318084346,0.96,0.8527017024426351,0.9992521617200281,0.9962310791015625,0.26171573996543884,6.409320831298828,5.68913459777832,1.0,0.05394074902179989,0.05394074902179989,0.10236011667992576,1.0,0.13130527748080476,0.13130527748080476,0.23213058419243987,0.7446336047372317,0.2586783234764721,0.23760037789324515,0.383969465648855,1.0,0.1166294100495675,0.1166294100495675,0.20889546522760902,C:\Users\vaidy\OneDrive\Desktop\Programming\COMPUTER VISION\TumorDetetction\brisc2025\classification_task\test\meningioma\brisc2025_test_00355_me_ax_t1.jpg,C:\Users\vaidy\OneDrive\Desktop\Programming\COMPUTER VISION\TumorDetetction\brisc2025\segmentation_task\test\masks\brisc2025_test_00355_me_ax_t1.png
brisc2025_test_00356_me_ax_t1.jpg,meningioma,1,meningioma,1,True,0.9999992847442627,Large,5.37261962890625,5.3985595703125,0.9692591018557869,0.940351841671248,0.9669304691916337,0.9715989775631922,0.9981133596710473,0.9966888427734375,0.22902439534664154,20.082109451293945,20.160173416137695,1.0,0.17926785805203402,0.17926785805203402,0.3040324669717641,1.0,0.3447904426165296,0.3447904426165296,0.5127794363940872,0.8747514910536779,0.7523204689789936,0.679162072767365,0.8089297439264609,1.0,0.3464551508029769,0.3464551508029769,0.5146181818181819,C:\Users\vaidy\OneDrive\Desktop\Programming\COMPUTER VISION\TumorDetetction\brisc2025\classification_task\test\meningioma\brisc2025_test_00356_me_ax_t1.jpg,C:\Users\vaidy\OneDrive\Desktop\Programming\COMPUTER VISION\TumorDetetction\brisc2025\segmentation_task\test\masks\brisc2025_test_00356_me_ax_t1.png
brisc2025_test_00357_me_ax_t1.jpg,meningioma,1,meningioma,1,True,0.9999340772628784,Medium,1.03759765625,1.09710693359375,0.8992137240886348,0.8168831168831169,0.874826147426982,0.925,0.998612310349081,0.9978485107421875,0.22608686983585358,3.947070598602295,4.167978763580322,1.0,0.03438163616139144,0.03438163616139144,0.0664776615504937,1.0,0.06813627254509018,0.06813627254509018,0.1275797373358349,0.9955882352941177,0.16536394723986322,0.16524286062972907,0.28361960620025134,1.0,0.0720440881763527,0.0720440881763527,0.13440508458734463,C:\Users\vaidy\OneDrive\Desktop\Programming\COMPUTER VISION\TumorDetetction\brisc2025\classification_task\test\meningioma\brisc2025_test_00357_me_ax_t1.jpg,C:\Users\vaidy\OneDrive\Desktop\Programming\COMPUTER VISION\TumorDetetction\brisc2025\segmentation_task\test\masks\brisc2025_test_00357_me_ax_t1.png
brisc2025_test_00358_me_ax_t1.jpg,meningioma,1,meningioma,1,True,0.9999997615814209,Medium,1.42822265625,1.51214599609375,0.9143746756616502,0.8422562141491395,0.8890010090817356,0.9412393162393162,0.9982972136222911,0.9974822998046875,0.2332490086555481,5.629189968109131,5.95871639251709,1.0,0.045543012845465164,0.045543012845465164,0.08711839166046165,1.0,0.09185475956820412,0.09185475956820412,0.16825453891785008,1.0,0.22718446601941747,0.22718446601941747,0.370253164556962,1.0,0.09725220804710501,0.09725220804710501,0.17726500313031035,C:\Users\vaidy\OneDrive\Desktop\Programming\COMPUTER VISION\TumorDetetction\brisc2025\classification_task\test\meningioma\brisc2025_test_00358_me_ax_t1.jpg,C:\Users\vaidy\OneDrive\Desktop\Programming\COMPUTER VISION\TumorDetetction\brisc2025\segmentation_task\test\masks\brisc2025_test_00358_me_ax_t1.png
brisc2025_test_00359_me_ax_t1.jpg,meningioma,1,meningioma,1,True,0.9999902248382568,Large,3.7353515625,3.6865234375,0.946546052631579,0.8985167837626854,0.9528145695364238,0.940359477124183,0.998193000253614,0.99603271484375,0.20232316851615906,15.5304536819458,15.418338775634766,1.0,0.14197065475845272,0.14197065475845272,0.2486415113503631,1.0,0.26257642389788693,0.26257642389788693,0.41593747345170334,0.7871732026143791,0.5210924824229313,0.45674330410049774,0.6270745200130166,1.0,0.2591440523436662,0.2591440523436662,0.4116193883635744,C:\Users\vaidy\OneDrive\Desktop\Programming\COMPUTER VISION\TumorDetetction\brisc2025\classification_task\test\meningioma\brisc2025_test_00359_me_ax_t1.jpg,C:\Users\vaidy\OneDrive\Desktop\Programming\COMPUTER VISION\TumorDetetction\brisc2025\segmentation_task\test\masks\brisc2025_test_00359_me_ax_t1.png
brisc2025_test_00360_me_ax_t1.jpg,meningioma,1,meningioma,1,True,0.9999946355819702,Large,2.36663818359375,2.5054931640625,0.931412464766677,0.8716295427901524,0.9056029232643118,0.9587362991618311,0.9975775572399781,0.9966583251953125,0.21436725556850433,10.00993537902832,10.506926536560059,1.0,0.08493045668601468,0.08493045668601468,0.15656387220511786,1.0,0.16057562894709598,0.16057562894709598,0.2767172167707404,0.97678916827853,0.40058170280274985,0.3968046097433211,0.568160510031877,1.0,0.16999689408841495,0.16999689408841495,0.290593752765242,C:\Users\vaidy\OneDrive\Desktop\Programming\COMPUTER VISION\TumorDetetction\brisc2025\classification_task\test\meningioma\brisc2025_test_00360_me_ax_t1.jpg,C:\Users\vaidy\OneDrive\Desktop\Programming\COMPUTER VISION\TumorDetetction\brisc2025\segmentation_task\test\masks\brisc2025_test_00360_me_ax_t1.png
brisc2025_test_00361_me_ax_t1.jpg,meningioma,1,meningioma,1,True,0.9999878406524658,Medium,1.4556884765625,1.3916015625,0.894962486602358,0.8098933074684772,0.9155701754385965,0.8752620545073375,0.9988077173206157,0.99700927734375,0.23029181361198425,5.609941005706787,5.412607192993164,1.0,0.044949114210327934,0.044949114210327934,0.0860312020921634,1.0,0.09144938650306748,0.09144938650306748,0.1675742139469524,0.9696016771488469,0.21662763466042154,0.21516631774831357,0.35413476263399696,1.0,0.08742331288343558,0.08742331288343558,0.1607898448519041,C:\Users\vaidy\OneDrive\Desktop\Programming\COMPUTER VISION\TumorDetetction\brisc2025\classification_task\test\meningioma\brisc2025_test_00361_me_ax_t1.jpg,C:\Users\vaidy\OneDrive\Desktop\Programming\COMPUTER VISION\TumorDetetction\brisc2025\segmentation_task\test\masks\brisc2025_test_00361_me_ax_t1.png
brisc2025_test_00362_me_ax_t1.jpg,meningioma,1,meningioma,1,True,0.9999918937683105,Medium,0.85906982421875,1.13067626953125,0.8021472392638037,0.6696542893725992,0.7058029689608637,0.9289520426287744,0.9966447601311313,0.996063232421875,0.30756813287734985,1.591478705406189,2.0577938556671143,1.0,0.017218178481864334,0.017218178481864334,0.033853462012567274,1.0,0.04371457411289696,0.04371457411289696,0.08376729653325397,0.0,0.0,0.0,0.0,0.970310391363023,0.05582731578538706,0.05573211378962871,0.10558002936857562,C:\Users\vaidy\OneDrive\Desktop\Programming\COMPUTER VISION\TumorDetetction\brisc2025\classification_task\test\meningioma\brisc2025_test_00362_me_ax_t1.jpg,C:\Users\vaidy\OneDrive\Desktop\Programming\COMPUTER VISION\TumorDetetction\brisc2025\segmentation_task\test\masks\brisc2025_test_00362_me_ax_t1.png
brisc2025_test_00363_me_ax_t1.jpg,meningioma,1,glioma,0,False,0.9608278870582581,Medium,0.8880615234375,0.08392333984375,0.1726844583987441,0.09450171821305842,1.0,0.09450171821305842,1.0,0.9919586181640625,0.3824838697910309,0.8282583951950073,0.07601378858089447,0.9621993127147767,0.012515644555694618,0.012509493812268239,0.024709879539337246,0.00859106529209622,0.00025177501384762577,0.00024466627520062633,0.0004892128565138692,0.0,0.0,0.0,0.0,0.0,0.0,0.0,0.0,C:\Users\vaidy\OneDrive\Desktop\Programming\COMPUTER VISION\TumorDetetction\brisc2025\classification_task\test\meningioma\brisc2025_test_00363_me_ax_t1.jpg,C:\Users\vaidy\OneDrive\Desktop\Programming\COMPUTER VISION\TumorDetetction\brisc2025\segmentation_task\test\masks\brisc2025_test_00363_me_ax_t1.png
brisc2025_test_00364_me_ax_t1.jpg,meningioma,1,meningioma,1,True,0.9994606375694275,Medium,1.15966796875,1.165771484375,0.8871391076115486,0.7971698113207547,0.8848167539267016,0.8894736842105263,0.9986414721501791,0.99737548828125,0.28637269139289856,3.7652976512908936,3.813626527786255,1.0,0.027123483226266953,0.027123483226266953,0.05281445448227936,1.0,0.05377104853544644,0.05377104853544644,0.1020545185980932,0.9907894736842106,0.13034446944781028,0.13018672199170125,0.23038090867370353,1.0,0.05405405405405406,0.05405405405405406,0.10256410256410256,C:\Users\vaidy\OneDrive\Desktop\Programming\COMPUTER VISION\TumorDetetction\brisc2025\classification_task\test\meningioma\brisc2025_test_00364_me_ax_t1.jpg,C:\Users\vaidy\OneDrive\Desktop\Programming\COMPUTER VISION\TumorDetetction\brisc2025\segmentation_task\test\masks\brisc2025_test_00364_me_ax_t1.png
brisc2025_test_00365_me_ax_t1.jpg,meningioma,1,pituitary,2,False,0.9022731184959412,Medium,0.7720947265625,0.83465576171875,0.8907882241215574,0.803082191780822,0.8574040219378428,0.9268774703557312,0.9988005535906505,0.9982452392578125,0.23876500129699707,2.629277229309082,2.820845365524292,1.0,0.02277227722772277,0.02277227722772277,0.044530493707647625,1.0,0.047311827956989246,0.047311827956989246,0.09034907597535935,0.7766798418972332,0.09622918707149854,0.09363831308077197,0.17124183006535948,1.0,0.051145395044413275,0.051145395044413275,0.09731364525885074,C:\Users\vaidy\OneDrive\Desktop\Programming\COMPUTER VISION\TumorDetetction\brisc2025\classification_task\test\meningioma\brisc2025_test_00365_me_ax_t1.jpg,C:\Users\vaidy\OneDrive\Desktop\Programming\COMPUTER VISION\TumorDetetction\brisc2025\segmentation_task\test\masks\brisc2025_test_00365_me_ax_t1.png
brisc2025_test_00366_me_ax_t1.jpg,meningioma,1,meningioma,1,True,0.9999877214431763,Large,3.89556884765625,3.9642333984375,0.9403999223451757,0.8875045804323928,0.9322555812163202,0.9486878182530356,0.9972055951605989,0.9953155517578125,0.20715531706809998,14.700770378112793,14.871329307556152,1.0,0.1451805516064828,0.1451805516064828,0.2535505015393783,0.9890325107716412,0.2787591079708545,0.27790006603565925,0.43493239169752823,0.6506071288679984,0.4596015495296071,0.3686196182867288,0.5386735852116101,0.9857582755966128,0.2827334952528152,0.28158328752061573,0.43943033630748113,C:\Users\vaidy\OneDrive\Desktop\Programming\COMPUTER VISION\TumorDetetction\brisc2025\classification_task\test\meningioma\brisc2025_test_00366_me_ax_t1.jpg,C:\Users\vaidy\OneDrive\Desktop\Programming\COMPUTER VISION\TumorDetetction\brisc2025\segmentation_task\test\masks\brisc2025_test_00366_me_ax_t1.png
brisc2025_test_00367_me_ax_t1.jpg,meningioma,1,meningioma,1,True,0.9950069189071655,Medium,1.0955810546875,1.068115234375,0.918194640338505,0.848761408083442,0.93,0.9066852367688022,0.9992440371501743,0.99822998046875,0.22772014141082764,4.2825398445129395,4.194854736328125,1.0,0.03319617180637108,0.03319617180637108,0.06425918467803285,1.0,0.07000097494394072,0.07000097494394072,0.13084282460136673,1.0,0.19526788142507479,0.19526788142507479,0.3267349260523322,1.0,0.06824607585063859,0.06824607585063859,0.12777220041982296,C:\Users\vaidy\OneDrive\Desktop\Programming\COMPUTER VISION\TumorDetetction\brisc2025\classification_task\test\meningioma\brisc2025_test_00367_me_ax_t1.jpg,C:\Users\vaidy\OneDrive\Desktop\Programming\COMPUTER VISION\TumorDetetction\brisc2025\segmentation_task\test\masks\brisc2025_test_00367_me_ax_t1.png
brisc2025_test_00368_me_ax_t1.jpg,meningioma,1,meningioma,1,True,0.9994180202484131,Large,2.17742919921875,2.26287841796875,0.9278350515463918,0.8653846153846154,0.9103169251517195,0.9460406447091801,0.9979254082890078,0.996795654296875,0.2040792554616928,9.582609176635742,9.976347923278809,1.0,0.08354311808442129,0.08354311808442129,0.15420358763777825,1.0,0.15527747551686616,0.15527747551686616,0.2688141659602524,0.9838822704975473,0.3630721489526765,0.3609254498714653,0.5304117869285984,1.0,0.16137105549510336,0.16137105549510336,0.27789749836034855,C:\Users\vaidy\OneDrive\Desktop\Programming\COMPUTER VISION\TumorDetetction\brisc2025\classification_task\test\meningioma\brisc2025_test_00368_me_ax_t1.jpg,C:\Users\vaidy\OneDrive\Desktop\Programming\COMPUTER VISION\TumorDetetction\brisc2025\segmentation_task\test\masks\brisc2025_test_00368_me_ax_t1.png
brisc2025_test_00369_me_ax_t1.jpg,meningioma,1,meningioma,1,True,0.9961925745010376,Medium,0.750732421875,0.96893310546875,0.8287488908606921,0.7075757575757575,0.7354330708661417,0.9491869918699187,0.9974171330176496,0.9970550537109375,0.25155940651893616,1.8859150409698486,2.421143054962158,1.0,0.01770675879939538,0.01770675879939538,0.03479736897941863,0.8719512195121951,0.04816436510609633,0.04782608695652174,0.0912863070539419,0.11788617886178862,0.015347975654935168,0.0137669119392357,0.027159915710606414,0.8755905511811024,0.06242281351745818,0.06187402626307589,0.11653741354013833,C:\Users\vaidy\OneDrive\Desktop\Programming\COMPUTER VISION\TumorDetetction\brisc2025\classification_task\test\meningioma\brisc2025_test_00369_me_ax_t1.jpg,C:\Users\vaidy\OneDrive\Desktop\Programming\COMPUTER VISION\TumorDetetction\brisc2025\segmentation_task\test\masks\brisc2025_test_00369_me_ax_t1.png
brisc2025_test_00370_me_ax_t1.jpg,meningioma,1,meningioma,1,True,0.984703779220581,Large,2.20489501953125,2.18353271484375,0.9499304589707928,0.904635761589404,0.9545772187281621,0.9453287197231834,0.9989858170413942,0.997802734375,0.2347572296857834,5.956460475921631,5.928168773651123,1.0,0.06319426222338843,0.06319426222338843,0.1188762288675908,0.8193771626297578,0.1458128078817734,0.14127192459133756,0.24756926293779405,0.22975778546712802,0.09656777196044211,0.07295099978026807,0.1359819782920336,0.827393431167016,0.1458128078817734,0.14150830644197443,0.24793215370118313,C:\Users\vaidy\OneDrive\Desktop\Programming\COMPUTER VISION\TumorDetetction\brisc2025\classification_task\test\meningioma\brisc2025_test_00370_me_ax_t1.jpg,C:\Users\vaidy\OneDrive\Desktop\Programming\COMPUTER VISION\TumorDetetction\brisc2025\segmentation_task\test\masks\brisc2025_test_00370_me_ax_t1.png
brisc2025_test_00371_me_ax_t1.jpg,meningioma,1,meningioma,1,True,0.9988148212432861,Medium,1.02996826171875,1.1199951171875,0.8985095812633073,0.8157216494845361,0.8623978201634878,0.9377777777777778,0.9984428238849231,0.9978179931640625,0.3022778630256653,2.547757387161255,2.761651039123535,1.0,0.021033279321949396,0.021033279321949396,0.04119998779259621,1.0,0.05823986194995686,0.05823986194995686,0.11006930289441501,0.49925925925925924,0.0770461819844536,0.0715195246179966,0.13349178055060407,1.0,0.0633304572907679,0.0633304572907679,0.11911716975008114,C:\Users\vaidy\OneDrive\Desktop\Programming\COMPUTER VISION\TumorDetetction\brisc2025\classification_task\test\meningioma\brisc2025_test_00371_me_ax_t1.jpg,C:\Users\vaidy\OneDrive\Desktop\Programming\COMPUTER VISION\TumorDetetction\brisc2025\segmentation_task\test\masks\brisc2025_test_00371_me_ax_t1.png
brisc2025_test_00372_me_ax_t1.jpg,meningioma,1,meningioma,1,True,0.9820401072502136,Small,0.49285888671875,0.0,0.0,0.0,0.0,0.0,1.0,0.9950714111328125,0.3950187563896179,1.0029919147491455,0.0,1.0,0.007223849887057455,0.007223849887057455,0.014344080291322498,1.0,0.014811078503301541,0.014811078503301541,0.02918982422845782,0.7678018575851393,0.04713036868110984,0.04646805321341577,0.08880931065353626,0.0,0.0,0.0,0.0,C:\Users\vaidy\OneDrive\Desktop\Programming\COMPUTER VISION\TumorDetetction\brisc2025\classification_task\test\meningioma\brisc2025_test_00372_me_ax_t1.jpg,C:\Users\vaidy\OneDrive\Desktop\Programming\COMPUTER VISION\TumorDetetction\brisc2025\segmentation_task\test\masks\brisc2025_test_00372_me_ax_t1.png
brisc2025_test_00373_me_ax_t1.jpg,meningioma,1,meningioma,1,True,0.999927282333374,Medium,1.904296875,1.91802978515625,0.93812375249501,0.8834586466165414,0.9347653142402546,0.9415064102564102,0.9987244897959183,0.9976348876953125,0.21766486763954163,7.807570457458496,7.853548049926758,1.0,0.06310041460208313,0.06310041460208313,0.11871016836297917,1.0,0.129595015576324,0.129595015576324,0.22945394373965802,1.0,0.3381197507450555,0.3381197507450555,0.5053654585948573,1.0,0.13052959501557632,0.13052959501557632,0.23091760815651693,C:\Users\vaidy\OneDrive\Desktop\Programming\COMPUTER VISION\TumorDetetction\brisc2025\classification_task\test\meningioma\brisc2025_test_00373_me_ax_t1.jpg,C:\Users\vaidy\OneDrive\Desktop\Programming\COMPUTER VISION\TumorDetetction\brisc2025\segmentation_task\test\masks\brisc2025_test_00373_me_ax_t1.png
brisc2025_test_00374_me_ax_t1.jpg,meningioma,1,meningioma,1,True,0.9999996423721313,Medium,1.60980224609375,1.67236328125,0.9205020920502092,0.8527131782945736,0.9032846715328468,0.9383886255924171,0.9983561048991175,0.9973907470703125,0.2600042521953583,5.26847505569458,5.4873785972595215,1.0,0.049262233843855065,0.049262233843855065,0.09389880290151752,1.0,0.09188294722173837,0.09188294722173837,0.16830182659328388,0.8274881516587678,0.1756185878092939,0.16941587424801086,0.2897444407567209,1.0,0.09545375370144574,0.09545375370144574,0.17427253935442838,C:\Users\vaidy\OneDrive\Desktop\Programming\COMPUTER VISION\TumorDetetction\brisc2025\classification_task\test\meningioma\brisc2025_test_00374_me_ax_t1.jpg,C:\Users\vaidy\OneDrive\Desktop\Programming\COMPUTER VISION\TumorDetetction\brisc2025\segmentation_task\test\masks\brisc2025_test_00374_me_ax_t1.png
brisc2025_test_00375_me_ax_t1.jpg,meningioma,1,meningioma,1,True,0.9942072629928589,Medium,1.06964111328125,1.031494140625,0.9193899782135077,0.8508064516129032,0.9363905325443787,0.9029957203994294,0.9993367779748592,0.9983062744140625,0.3986448645591736,2.2986533641815186,2.2190093994140625,1.0,0.015019390225612238,0.015019390225612238,0.02959429222780428,1.0,0.03764162594641035,0.03764162594641035,0.0725522666114676,0.9686162624821684,0.11230565663248429,0.11189848384970336,0.20127464058099898,1.0,0.036299199914084736,0.036299199914084736,0.07005544328721695,C:\Users\vaidy\OneDrive\Desktop\Programming\COMPUTER VISION\TumorDetetction\brisc2025\classification_task\test\meningioma\brisc2025_test_00375_me_ax_t1.jpg,C:\Users\vaidy\OneDrive\Desktop\Programming\COMPUTER VISION\TumorDetetction\brisc2025\segmentation_task\test\masks\brisc2025_test_00375_me_ax_t1.png
brisc2025_test_00376_me_ax_t1.jpg,meningioma,1,meningioma,1,True,0.9998989105224609,Small,0.4791259765625,0.0,0.0,0.0,0.0,0.0,1.0,0.995208740234375,0.31480738520622253,0.7743584513664246,0.0,1.0,0.009567336989640463,0.009567336989640463,0.018953340979054746,0.5382165605095541,0.011921557562076749,0.011800851895817331,0.023326432022084197,0.0,0.0,0.0,0.0,0.0,0.0,0.0,0.0,C:\Users\vaidy\OneDrive\Desktop\Programming\COMPUTER VISION\TumorDetetction\brisc2025\classification_task\test\meningioma\brisc2025_test_00376_me_ax_t1.jpg,C:\Users\vaidy\OneDrive\Desktop\Programming\COMPUTER VISION\TumorDetetction\brisc2025\segmentation_task\test\masks\brisc2025_test_00376_me_ax_t1.png
brisc2025_test_00377_me_ax_t1.jpg,meningioma,1,meningioma,1,True,0.9999939203262329,Large,4.217529296875,4.19921875,0.953952139231327,0.9119584055459272,0.956031976744186,0.9518813314037626,0.998072388963232,0.996124267578125,0.23041552305221558,15.389375686645508,15.39450454711914,1.0,0.1398927016904545,0.1398927016904545,0.24544889441435042,1.0,0.27723169508525575,0.27723169508525575,0.43411339720433484,0.7793053545586107,0.5315893385982231,0.462033462033462,0.6320422535211268,1.0,0.27602808425275827,0.27602808425275827,0.43263637792799875,C:\Users\vaidy\OneDrive\Desktop\Programming\COMPUTER VISION\TumorDetetction\brisc2025\classification_task\test\meningioma\brisc2025_test_00377_me_ax_t1.jpg,C:\Users\vaidy\OneDrive\Desktop\Programming\COMPUTER VISION\TumorDetetction\brisc2025\segmentation_task\test\masks\brisc2025_test_00377_me_ax_t1.png
brisc2025_test_00378_me_ax_t1.jpg,meningioma,1,meningioma,1,True,0.9929314851760864,Medium,1.42059326171875,0.9185791015625,0.7436399217221135,0.5919003115264797,0.946843853820598,0.6122448979591837,0.9995046823001316,0.9940032958984375,0.38356542587280273,3.3312392234802246,2.1749725341796875,1.0,0.02167485391008777,0.02167485391008777,0.042430042840215114,1.0,0.05073569482288828,0.05073569482288828,0.09657175457704475,1.0,0.12136618433059575,0.12136618433059575,0.21646128807254128,1.0,0.03280653950953678,0.03280653950953678,0.06352891515407345,C:\Users\vaidy\OneDrive\Desktop\Programming\COMPUTER VISION\TumorDetetction\brisc2025\classification_task\test\meningioma\brisc2025_test_00378_me_ax_t1.jpg,C:\Users\vaidy\OneDrive\Desktop\Programming\COMPUTER VISION\TumorDetetction\brisc2025\segmentation_task\test\masks\brisc2025_test_00378_me_ax_t1.png
brisc2025_test_00379_me_ax_t1.jpg,meningioma,1,meningioma,1,True,0.9998966455459595,Large,5.5389404296875,3.6041259765625,0.7730307076101469,0.6300326441784548,0.9805249788314987,0.6380165289256199,0.9992569379381643,0.979248046875,0.2215552181005478,16.033802032470703,11.341636657714844,1.0,0.2103738046942915,0.2103738046942915,0.3476179075891788,0.7132231404958678,0.29632597001259015,0.26477807322560853,0.4186949138837228,0.3245179063360882,0.32212195788898,0.1928302504501555,0.3233154933443118,0.7798475867908552,0.21082751516538858,0.1989845522307443,0.33192179475628436,C:\Users\vaidy\OneDrive\Desktop\Programming\COMPUTER VISION\TumorDetetction\brisc2025\classification_task\test\meningioma\brisc2025_test_00379_me_ax_t1.jpg,C:\Users\vaidy\OneDrive\Desktop\Programming\COMPUTER VISION\TumorDetetction\brisc2025\segmentation_task\test\masks\brisc2025_test_00379_me_ax_t1.png
brisc2025_test_00380_me_ax_t1.jpg,meningioma,1,meningioma,1,True,0.9999995231628418,Medium,2.03094482421875,1.8646240234375,0.9322365844104975,0.8730741012472487,0.9738134206219312,0.8940646130728775,0.9995015964488747,0.9973602294921875,0.22803348302841187,8.152571678161621,7.541230201721191,1.0,0.06943864774624374,0.06943864774624374,0.12985999317039856,1.0,0.13115884903429248,0.13115884903429248,0.23190173360048785,1.0,0.2978961504028648,0.2978961504028648,0.4590446628729091,1.0,0.1204178163184864,0.1204178163184864,0.21495162708883025,C:\Users\vaidy\OneDrive\Desktop\Programming\COMPUTER VISION\TumorDetetction\brisc2025\classification_task\test\meningioma\brisc2025_test_00380_me_ax_t1.jpg,C:\Users\vaidy\OneDrive\Desktop\Programming\COMPUTER VISION\TumorDetetction\brisc2025\segmentation_task\test\masks\brisc2025_test_00380_me_ax_t1.png
brisc2025_test_00381_me_ax_t1.jpg,meningioma,1,meningioma,1,True,0.9911392331123352,Large,2.21099853515625,2.1881103515625,0.9143253555324315,0.8421725239616613,0.9191073919107392,0.9095928226363009,0.9981899605224148,0.9962310791015625,0.336639940738678,6.167452335357666,6.141885757446289,1.0,0.03868848957359891,0.03868848957359891,0.07449488458176957,1.0,0.11541218637992831,0.11541218637992831,0.2069408740359897,1.0,0.2553753965456468,0.2553753965456468,0.40685104590762317,1.0,0.11421744324970132,0.11421744324970132,0.20501822860819216,C:\Users\vaidy\OneDrive\Desktop\Programming\COMPUTER VISION\TumorDetetction\brisc2025\classification_task\test\meningioma\brisc2025_test_00381_me_ax_t1.jpg,C:\Users\vaidy\OneDrive\Desktop\Programming\COMPUTER VISION\TumorDetetction\brisc2025\segmentation_task\test\masks\brisc2025_test_00381_me_ax_t1.png
brisc2025_test_00382_me_ax_t1.jpg,meningioma,1,meningioma,1,True,0.9994562268257141,Medium,1.28173828125,1.21002197265625,0.9197795468462951,0.8514739229024944,0.9470365699873896,0.8940476190476191,0.9993508099418821,0.9980010986328125,0.26422062516212463,4.0999040603637695,3.86580228805542,1.0,0.03230520729174679,0.03230520729174679,0.06258848073914015,1.0,0.07440871644964124,0.07440871644964124,0.13851100667820926,0.9583333333333334,0.19788593903638152,0.1961979039727029,0.3280358598207009,1.0,0.07024537160067322,0.07024537160067322,0.13126965734149976,C:\Users\vaidy\OneDrive\Desktop\Programming\COMPUTER VISION\TumorDetetction\brisc2025\classification_task\test\meningioma\brisc2025_test_00382_me_ax_t1.jpg,C:\Users\vaidy\OneDrive\Desktop\Programming\COMPUTER VISION\TumorDetetction\brisc2025\segmentation_task\test\masks\brisc2025_test_00382_me_ax_t1.png
brisc2025_test_00383_me_ax_t1.jpg,meningioma,1,meningioma,1,True,0.9985460042953491,Medium,0.872802734375,0.80718994140625,0.8937329700272479,0.8078817733990148,0.9300567107750473,0.8601398601398601,0.9994304537897912,0.9982147216796875,0.30647411942481995,2.1475136280059814,1.995009183883667,1.0,0.018188756041719663,0.018188756041719663,0.03572767020612117,1.0,0.04055587067498582,0.04055587067498582,0.07795039520305261,0.5227272727272727,0.0551355338373594,0.05249297752808989,0.09974979149291076,1.0,0.037507090187180944,0.037507090187180944,0.07230233034921069,C:\Users\vaidy\OneDrive\Desktop\Programming\COMPUTER VISION\TumorDetetction\brisc2025\classification_task\test\meningioma\brisc2025_test_00383_me_ax_t1.jpg,C:\Users\vaidy\OneDrive\Desktop\Programming\COMPUTER VISION\TumorDetetction\brisc2025\segmentation_task\test\masks\brisc2025_test_00383_me_ax_t1.png
brisc2025_test_00384_me_ax_t1.jpg,meningioma,1,meningioma,1,True,0.9999282360076904,Medium,1.1810302734375,1.16729736328125,0.9369720597790773,0.8814180929095354,0.9424836601307189,0.9315245478036176,0.9993205892344276,0.9985198974609375,0.23611968755722046,4.720184326171875,4.672317028045654,1.0,0.039477710904825054,0.039477710904825054,0.0759568204121688,1.0,0.07726864330637916,0.07726864330637916,0.14345287739783152,1.0,0.18220338983050846,0.18220338983050846,0.30824372759856633,1.0,0.07637017070979335,0.07637017070979335,0.1419031719532554,C:\Users\vaidy\OneDrive\Desktop\Programming\COMPUTER VISION\TumorDetetction\brisc2025\classification_task\test\meningioma\brisc2025_test_00384_me_ax_t1.jpg,C:\Users\vaidy\OneDrive\Desktop\Programming\COMPUTER VISION\TumorDetetction\brisc2025\segmentation_task\test\masks\brisc2025_test_00384_me_ax_t1.png
brisc2025_test_00385_me_ax_t1.jpg,meningioma,1,meningioma,1,True,0.9939141869544983,Large,2.68402099609375,2.7496337890625,0.9300758213984835,0.8692913385826772,0.9189789123196448,0.9414440022740194,0.9977107734763316,0.9962005615234375,0.20471729338169098,11.421671867370605,11.642045974731445,1.0,0.09786902576086352,0.09786902576086352,0.17828907358605312,1.0,0.18091124138640338,0.18091124138640338,0.3063926145270859,0.8527572484366117,0.35161744022503516,0.3314917127071823,0.4979253112033195,1.0,0.1853337447289931,0.1853337447289931,0.3127114967462039,C:\Users\vaidy\OneDrive\Desktop\Programming\COMPUTER VISION\TumorDetetction\brisc2025\classification_task\test\meningioma\brisc2025_test_00385_me_ax_t1.jpg,C:\Users\vaidy\OneDrive\Desktop\Programming\COMPUTER VISION\TumorDetetction\brisc2025\segmentation_task\test\masks\brisc2025_test_00385_me_ax_t1.png
brisc2025_test_00386_me_ax_t1.jpg,meningioma,1,meningioma,1,True,0.9999619722366333,Medium,1.20086669921875,1.1322021484375,0.9274035317200785,0.8646341463414634,0.9555256064690026,0.9008894536213469,0.9994903396191447,0.9983062744140625,0.23105813562870026,4.594032287597656,4.332764625549316,1.0,0.0390784050846616,0.0390784050846616,0.07521743285864475,1.0,0.0777130443369211,0.0777130443369211,0.14421843503756643,1.0,0.18680275338238786,0.18680275338238786,0.3148,1.0,0.07326947763404759,0.07326947763404759,0.1365350998251909,C:\Users\vaidy\OneDrive\Desktop\Programming\COMPUTER VISION\TumorDetetction\brisc2025\classification_task\test\meningioma\brisc2025_test_00386_me_ax_t1.jpg,C:\Users\vaidy\OneDrive\Desktop\Programming\COMPUTER VISION\TumorDetetction\brisc2025\segmentation_task\test\masks\brisc2025_test_00386_me_ax_t1.png
brisc2025_test_00387_me_ax_t1.jpg,meningioma,1,meningioma,1,True,0.9999996423721313,Large,3.21197509765625,3.1829833984375,0.9491768074445239,0.9032697547683923,0.9534995206136145,0.9448931116389548,0.9984707792719648,0.9967498779296875,0.20886701345443726,12.68901538848877,12.564000129699707,1.0,0.12315703252983852,0.12315703252983852,0.21930509975517007,1.0,0.23785310734463277,0.23785310734463277,0.38429940666362394,0.7757719714964371,0.44135135135135134,0.3914189837008629,0.5626184323858743,1.0,0.23570621468926553,0.23570621468926553,0.3814923189465984,C:\Users\vaidy\OneDrive\Desktop\Programming\COMPUTER VISION\TumorDetetction\brisc2025\classification_task\test\meningioma\brisc2025_test_00387_me_ax_t1.jpg,C:\Users\vaidy\OneDrive\Desktop\Programming\COMPUTER VISION\TumorDetetction\brisc2025\segmentation_task\test\masks\brisc2025_test_00387_me_ax_t1.png
brisc2025_test_00388_me_ax_t1.jpg,meningioma,1,meningioma,1,True,0.9999940395355225,Medium,1.9500732421875,1.94091796875,0.9388235294117647,0.88470066518847,0.9410377358490566,0.9366197183098591,0.9988328301534439,0.99761962890625,0.24261164665222168,7.436180114746094,7.405592441558838,1.0,0.05938937682977834,0.05938937682977834,0.11212001579155152,1.0,0.13529536311666313,0.13529536311666313,0.23834390152928012,1.0,0.3266036289292103,0.3266036289292103,0.49239067617029475,1.0,0.13466017361846283,0.13466017361846283,0.2373577159917895,C:\Users\vaidy\OneDrive\Desktop\Programming\COMPUTER VISION\TumorDetetction\brisc2025\classification_task\test\meningioma\brisc2025_test_00388_me_ax_t1.jpg,C:\Users\vaidy\OneDrive\Desktop\Programming\COMPUTER VISION\TumorDetetction\brisc2025\segmentation_task\test\masks\brisc2025_test_00388_me_ax_t1.png
brisc2025_test_00389_me_ax_t1.jpg,meningioma,1,meningioma,1,True,1.0,Medium,1.5625,1.4862060546875,0.938938938938939,0.8849056603773585,0.9630390143737166,0.916015625,0.9994419642857143,0.998138427734375,0.2057512253522873,6.864664077758789,6.540334224700928,1.0,0.05830770982803781,0.05830770982803781,0.11019046594210696,1.0,0.11179039301310044,0.11179039301310044,0.20109976433621368,1.0,0.28139598790876613,0.28139598790876613,0.4392022303238259,1.0,0.10633187772925765,0.10633187772925765,0.19222419577659364,C:\Users\vaidy\OneDrive\Desktop\Programming\COMPUTER VISION\TumorDetetction\brisc2025\classification_task\test\meningioma\brisc2025_test_00389_me_ax_t1.jpg,C:\Users\vaidy\OneDrive\Desktop\Programming\COMPUTER VISION\TumorDetetction\brisc2025\segmentation_task\test\masks\brisc2025_test_00389_me_ax_t1.png
brisc2025_test_00390_me_ax_t1.jpg,meningioma,1,meningioma,1,True,0.9998345375061035,Medium,0.76751708984375,1.52740478515625,0.598404255319149,0.4269449715370019,0.44955044955044954,0.8946322067594433,0.9915273784078852,0.99078369140625,0.27014073729515076,2.6801517009735107,5.062622547149658,1.0,0.020015120767179977,0.020015120767179977,0.03924475306233908,1.0,0.0415702479338843,0.0415702479338843,0.07982226454018884,1.0,0.11054945054945055,0.11054945054945055,0.19908964971304174,1.0,0.08272727272727273,0.08272727272727273,0.1528127623845508,C:\Users\vaidy\OneDrive\Desktop\Programming\COMPUTER VISION\TumorDetetction\brisc2025\classification_task\test\meningioma\brisc2025_test_00390_me_ax_t1.jpg,C:\Users\vaidy\OneDrive\Desktop\Programming\COMPUTER VISION\TumorDetetction\brisc2025\segmentation_task\test\masks\brisc2025_test_00390_me_ax_t1.png
brisc2025_test_00391_me_ax_t1.jpg,meningioma,1,meningioma,1,True,0.9987119436264038,Medium,1.53045654296875,1.53045654296875,0.93419740777667,0.8765201122544434,0.93419740777667,0.93419740777667,0.9989772674445633,0.99798583984375,0.25313854217529297,5.3096818923950195,5.308667182922363,1.0,0.043173209366391185,0.043173209366391185,0.08277284918506292,1.0,0.09942505947660586,0.09942505947660586,0.18086736993959066,0.996011964107677,0.24212312166747454,0.24188861985472154,0.3895496198089296,1.0,0.09942505947660586,0.09942505947660586,0.18086736993959066,C:\Users\vaidy\OneDrive\Desktop\Programming\COMPUTER VISION\TumorDetetction\brisc2025\classification_task\test\meningioma\brisc2025_test_00391_me_ax_t1.jpg,C:\Users\vaidy\OneDrive\Desktop\Programming\COMPUTER VISION\TumorDetetction\brisc2025\segmentation_task\test\masks\brisc2025_test_00391_me_ax_t1.png
brisc2025_test_00392_me_co_t1.jpg,meningioma,1,meningioma,1,True,1.0,Large,4.74090576171875,4.44488525390625,0.8495016611295682,0.7383771296563673,0.8777892207346378,0.8229803669134214,0.9942975219849749,0.986175537109375,0.2583596706390381,14.926904678344727,14.429588317871094,1.0,0.12362232920861019,0.12362232920861019,0.22004249291784703,0.9897006758931445,0.2580563947633434,0.25736524941412786,0.4093722958130866,0.7438043128419698,0.5317533364012885,0.4494360171139634,0.6201529585401852,1.0,0.24446122860020142,0.24446122860020142,0.39287881853125634,C:\Users\vaidy\OneDrive\Desktop\Programming\COMPUTER VISION\TumorDetetction\brisc2025\classification_task\test\meningioma\brisc2025_test_00392_me_co_t1.jpg,C:\Users\vaidy\OneDrive\Desktop\Programming\COMPUTER VISION\TumorDetetction\brisc2025\segmentation_task\test\masks\brisc2025_test_00392_me_co_t1.png
brisc2025_test_00393_me_co_t1.jpg,meningioma,1,meningioma,1,True,0.9999994039535522,Large,3.40118408203125,1.068115234375,0.47729600546261525,0.3134529147982063,0.9985714285714286,0.3135935397039031,0.999984203958488,0.9766387939453125,0.33023232221603394,8.826659202575684,3.0244736671447754,1.0,0.0646049504376558,0.0646049504376558,0.1213688709809153,0.9744279946164199,0.12790012954893418,0.12747226949938376,0.22612045182447557,0.8434275459847466,0.2916989914662529,0.27671474830733,0.43347936361540235,1.0,0.041220115416323165,0.041220115416323165,0.0791765637371338,C:\Users\vaidy\OneDrive\Desktop\Programming\COMPUTER VISION\TumorDetetction\brisc2025\classification_task\test\meningioma\brisc2025_test_00393_me_co_t1.jpg,C:\Users\vaidy\OneDrive\Desktop\Programming\COMPUTER VISION\TumorDetetction\brisc2025\segmentation_task\test\masks\brisc2025_test_00393_me_co_t1.png
brisc2025_test_00394_me_co_t1.jpg,meningioma,1,meningioma,1,True,0.999862551689148,Large,5.07965087890625,4.60205078125,0.9282899921197794,0.8661764705882353,0.9764588859416445,0.8846500450585761,0.9988586493481441,0.9930572509765625,0.32510823011398315,10.507811546325684,9.649030685424805,1.0,0.10518832153690597,0.10518832153690597,0.1903536609772136,0.8161610093121058,0.17954139959029936,0.17256271832327724,0.29433430830895896,0.3694803244217483,0.2149973780807551,0.15728900255754474,0.2718232044198895,0.8375331564986738,0.16691997621092974,0.16168469564104204,0.2783624442118023,C:\Users\vaidy\OneDrive\Desktop\Programming\COMPUTER VISION\TumorDetetction\brisc2025\classification_task\test\meningioma\brisc2025_test_00394_me_co_t1.jpg,C:\Users\vaidy\OneDrive\Desktop\Programming\COMPUTER VISION\TumorDetetction\brisc2025\segmentation_task\test\masks\brisc2025_test_00394_me_co_t1.png
brisc2025_test_00395_me_co_t1.jpg,meningioma,1,meningioma,1,True,0.9999998807907104,Large,3.2012939453125,4.2327880859375,0.7992610837438424,0.6656410256410257,0.7018745493871665,0.9280266920877026,0.9869636495475897,0.985076904296875,0.24074295163154602,11.687309265136719,12.43799114227295,1.0,0.09774050780340089,0.09774050780340089,0.1780757968000679,1.0,0.18989862418537293,0.18989862418537293,0.3191845428267154,0.9232602478551001,0.46495439270283245,0.4476542639241969,0.6184546615581098,0.7148521989906272,0.1794895003620565,0.16749725483571248,0.2869338735349443,C:\Users\vaidy\OneDrive\Desktop\Programming\COMPUTER VISION\TumorDetetction\brisc2025\classification_task\test\meningioma\brisc2025_test_00395_me_co_t1.jpg,C:\Users\vaidy\OneDrive\Desktop\Programming\COMPUTER VISION\TumorDetetction\brisc2025\segmentation_task\test\masks\brisc2025_test_00395_me_co_t1.png
brisc2025_test_00396_me_co_t1.jpg,meningioma,1,meningioma,1,True,0.9999779462814331,Large,5.2337646484375,4.60357666015625,0.9297347603536529,0.8686956521739131,0.9933708982432881,0.8737609329446064,0.9996779699223908,0.9930877685546875,0.3286418318748474,13.674972534179688,12.26290512084961,1.0,0.1000612619971411,0.1000612619971411,0.18191943567848523,0.9932944606413994,0.21105122963513598,0.21075095880242484,0.34813263168650693,0.8174927113702624,0.4510939510939511,0.40982168956445486,0.5813808832676757,1.0,0.1868921513968903,0.1868921513968903,0.3149269311064718,C:\Users\vaidy\OneDrive\Desktop\Programming\COMPUTER VISION\TumorDetetction\brisc2025\classification_task\test\meningioma\brisc2025_test_00396_me_co_t1.jpg,C:\Users\vaidy\OneDrive\Desktop\Programming\COMPUTER VISION\TumorDetetction\brisc2025\segmentation_task\test\masks\brisc2025_test_00396_me_co_t1.png
brisc2025_test_00397_me_co_t1.jpg,meningioma,1,meningioma,1,True,1.0,Large,6.34918212890625,5.61981201171875,0.9263131055583885,0.8627404417003087,0.9864241107792561,0.8731074260994953,0.9991853360488798,0.991180419921875,0.23202499747276306,21.071632385253906,19.368896484375,1.0,0.19803912236447574,0.19803912236447574,0.330605434609884,0.924056717135304,0.36946286153550495,0.35857502564580807,0.5278693025809994,0.6390290795481856,0.7347333517546284,0.5192345245069322,0.6835475578406169,0.979907683953299,0.34678581723839724,0.3443373723881309,0.512278211497516,C:\Users\vaidy\OneDrive\Desktop\Programming\COMPUTER VISION\TumorDetetction\brisc2025\classification_task\test\meningioma\brisc2025_test_00397_me_co_t1.jpg,C:\Users\vaidy\OneDrive\Desktop\Programming\COMPUTER VISION\TumorDetetction\brisc2025\segmentation_task\test\masks\brisc2025_test_00397_me_co_t1.png
brisc2025_test_00398_me_co_t1.jpg,meningioma,1,meningioma,1,True,0.999998927116394,Large,7.86590576171875,7.39288330078125,0.9508,0.9062142584826535,0.981217750257998,0.9222114451988361,0.9984929033967639,0.99249267578125,0.2150983065366745,28.43070411682129,27.21361541748047,1.0,0.2730257931253641,0.2730257931253641,0.42893992344816106,0.9546071774975752,0.5027584797711483,0.49101975653562163,0.6586361507060162,0.5990300678952474,0.746434614454919,0.4977433913604126,0.6646577701248386,0.9785345717234262,0.4843686146301594,0.4792761827739588,0.6479874256816784,C:\Users\vaidy\OneDrive\Desktop\Programming\COMPUTER VISION\TumorDetetction\brisc2025\classification_task\test\meningioma\brisc2025_test_00398_me_co_t1.jpg,C:\Users\vaidy\OneDrive\Desktop\Programming\COMPUTER VISION\TumorDetetction\brisc2025\segmentation_task\test\masks\brisc2025_test_00398_me_co_t1.png
brisc2025_test_00399_me_co_t1.jpg,meningioma,1,meningioma,1,True,0.999993085861206,Large,10.16845703125,8.72039794921875,0.8234913967202521,0.6999450700357045,0.8918635170603675,0.7648559423769508,0.9895026498165511,0.9666595458984375,0.47553980350494385,17.438190460205078,15.093270301818848,1.0,0.1250234512776256,0.1250234512776256,0.22225928025881334,0.9956482593037215,0.235150269350723,0.23490883342184457,0.380447247706422,0.7126350540216086,0.3909929194796641,0.3377426925538724,0.5049441786283891,0.9532808398950131,0.19308193932520556,0.19127198679914334,0.3211222775632902,C:\Users\vaidy\OneDrive\Desktop\Programming\COMPUTER VISION\TumorDetetction\brisc2025\classification_task\test\meningioma\brisc2025_test_00399_me_co_t1.jpg,C:\Users\vaidy\OneDrive\Desktop\Programming\COMPUTER VISION\TumorDetetction\brisc2025\segmentation_task\test\masks\brisc2025_test_00399_me_co_t1.png
brisc2025_test_00400_me_co_t1.jpg,meningioma,1,meningioma,1,True,1.0,Large,8.0902099609375,7.4188232421875,0.9451003541912633,0.8959149412423055,0.9878650761003702,0.9058845718596756,0.9990204867682704,0.991485595703125,0.21790720522403717,29.865678787231445,27.667957305908203,1.0,0.24818611618218414,0.24818611618218414,0.3976748546784174,1.0,0.5063508738420399,0.5063508738420399,0.6722880872376846,0.7304790645039607,0.9310096153846154,0.69296833064949,0.8186429930247305,0.9948580830933772,0.4619425078789036,0.4608422256097561,0.6309267592773756,C:\Users\vaidy\OneDrive\Desktop\Programming\COMPUTER VISION\TumorDetetction\brisc2025\classification_task\test\meningioma\brisc2025_test_00400_me_co_t1.jpg,C:\Users\vaidy\OneDrive\Desktop\Programming\COMPUTER VISION\TumorDetetction\brisc2025\segmentation_task\test\masks\brisc2025_test_00400_me_co_t1.png
brisc2025_test_00401_me_co_t1.jpg,meningioma,1,meningioma,1,True,0.9999922513961792,Large,5.1544189453125,4.57305908203125,0.9323921568627451,0.8733470467234793,0.9916583249916583,0.8798105387803434,0.999597799156987,0.9934234619140625,0.35389789938926697,12.446423530578613,11.249184608459473,1.0,0.0911101521199698,0.0911101521199698,0.16700449893706432,0.9988158673771462,0.17825443786982248,0.17821677582928375,0.3025195014794226,0.8173475429248076,0.4004931824775167,0.3675941951804021,0.5375778816199377,1.0,0.15833685545224008,0.15833685545224008,0.2733865450399088,C:\Users\vaidy\OneDrive\Desktop\Programming\COMPUTER VISION\TumorDetetction\brisc2025\classification_task\test\meningioma\brisc2025_test_00401_me_co_t1.jpg,C:\Users\vaidy\OneDrive\Desktop\Programming\COMPUTER VISION\TumorDetetction\brisc2025\segmentation_task\test\masks\brisc2025_test_00401_me_co_t1.png
brisc2025_test_00402_me_co_t1.jpg,meningioma,1,meningioma,1,True,1.0,Large,5.05828857421875,3.961181640625,0.8661816951446456,0.7639510593852581,0.9861325115562404,0.7722473604826546,0.9994214172064094,0.9879302978515625,0.22667795419692993,18.431232452392578,15.050348281860352,1.0,0.17188634242455667,0.17188634242455667,0.29334985177647005,0.9963800904977376,0.33229376257545273,0.33189308681672025,0.4983779705771407,0.779185520361991,0.6185344827586207,0.5262836185819071,0.6896275530636764,1.0,0.26116700201207244,0.26116700201207244,0.414167198468411,C:\Users\vaidy\OneDrive\Desktop\Programming\COMPUTER VISION\TumorDetetction\brisc2025\classification_task\test\meningioma\brisc2025_test_00402_me_co_t1.jpg,C:\Users\vaidy\OneDrive\Desktop\Programming\COMPUTER VISION\TumorDetetction\brisc2025\segmentation_task\test\masks\brisc2025_test_00402_me_co_t1.png
brisc2025_test_00403_me_co_t1.jpg,meningioma,1,meningioma,1,True,0.9999792575836182,Medium,1.99737548828125,2.14080810546875,0.8532448377581121,0.7440514469453376,0.8246614397719173,0.8838808250572956,0.9961698351160727,0.993927001953125,0.27764540910720825,6.528208255767822,6.454831123352051,1.0,0.05400833436481413,0.05400833436481413,0.1024817975416895,1.0,0.1048122347665946,0.1048122347665946,0.18973764313668648,0.9908326967150497,0.26038948002409157,0.2597636691367915,0.4124006359300477,0.8888096935138988,0.09984786612218753,0.09861605377619613,0.1795277857759862,C:\Users\vaidy\OneDrive\Desktop\Programming\COMPUTER VISION\TumorDetetction\brisc2025\classification_task\test\meningioma\brisc2025_test_00403_me_co_t1.jpg,C:\Users\vaidy\OneDrive\Desktop\Programming\COMPUTER VISION\TumorDetetction\brisc2025\segmentation_task\test\masks\brisc2025_test_00403_me_co_t1.png
brisc2025_test_00404_me_co_t1.jpg,meningioma,1,meningioma,1,True,0.9999992847442627,Large,3.05633544921875,2.6947021484375,0.9031573361634386,0.8234155781325593,0.9637599093997735,0.8497254118821768,0.9989926494892418,0.9944305419921875,0.1962302029132843,12.975997924804688,11.707921028137207,1.0,0.10782730404823428,0.10782730404823428,0.19466446377374994,0.9860209685471792,0.18416635583737412,0.18368675595238096,0.31036379350986093,0.8122815776335497,0.37714418173388964,0.346908315565032,0.5151179357289852,1.0,0.16467735919433046,0.16467735919433046,0.28278622898318656,C:\Users\vaidy\OneDrive\Desktop\Programming\COMPUTER VISION\TumorDetetction\brisc2025\classification_task\test\meningioma\brisc2025_test_00404_me_co_t1.jpg,C:\Users\vaidy\OneDrive\Desktop\Programming\COMPUTER VISION\TumorDetetction\brisc2025\segmentation_task\test\masks\brisc2025_test_00404_me_co_t1.png
brisc2025_test_00405_me_co_t1.jpg,meningioma,1,meningioma,1,True,0.9999995231628418,Medium,1.5899658203125,1.7974853515625,0.881981981981982,0.7888799355358582,0.8310696095076401,0.9395393474088292,0.9969144416534872,0.996002197265625,0.19808529317378998,7.345145225524902,8.242387771606445,1.0,0.060546194073213246,0.060546194073213246,0.11417926802542187,1.0,0.1001634143996924,0.1001634143996924,0.18208824814329402,0.9971209213051824,0.20697211155378487,0.2068484969141947,0.34279115803365223,1.0,0.11323656637508411,0.11323656637508411,0.20343666350056128,C:\Users\vaidy\OneDrive\Desktop\Programming\COMPUTER VISION\TumorDetetction\brisc2025\classification_task\test\meningioma\brisc2025_test_00405_me_co_t1.jpg,C:\Users\vaidy\OneDrive\Desktop\Programming\COMPUTER VISION\TumorDetetction\brisc2025\segmentation_task\test\masks\brisc2025_test_00405_me_co_t1.png
brisc2025_test_00406_me_co_t1.jpg,meningioma,1,meningioma,1,True,0.9999995231628418,Medium,1.42974853515625,1.43890380859375,0.8925531914893617,0.8059558117195005,0.8897136797454931,0.8954108858057631,0.9983900679577083,0.996917724609375,0.2583238482475281,5.032174110412598,4.935037612915039,1.0,0.04952431289640592,0.04952431289640592,0.09437477967467392,1.0,0.08721958484594619,0.08721958484594619,0.16044520547945204,1.0,0.20224476581048997,0.20224476581048997,0.3364452423698384,0.9713679745493107,0.08526482360606907,0.08505106778087279,0.15676878315933596,C:\Users\vaidy\OneDrive\Desktop\Programming\COMPUTER VISION\TumorDetetction\brisc2025\classification_task\test\meningioma\brisc2025_test_00406_me_co_t1.jpg,C:\Users\vaidy\OneDrive\Desktop\Programming\COMPUTER VISION\TumorDetetction\brisc2025\segmentation_task\test\masks\brisc2025_test_00406_me_co_t1.png
brisc2025_test_00407_me_co_t1.jpg,meningioma,1,meningioma,1,True,0.999998927116394,Large,3.14788818359375,3.1280517578125,0.9418915633357646,0.8901654411764706,0.9448780487804878,0.9389238972370334,0.9982197154695698,0.9963531494140625,0.21293184161186218,13.145552635192871,13.053816795349121,1.0,0.11944187123668365,0.11944187123668365,0.21339539694853893,1.0,0.20599101347978033,0.20599101347978033,0.34161284980957113,0.9995152690256908,0.47842227378190255,0.4783112966829042,0.6471049741095246,1.0,0.20469296055916125,0.20469296055916125,0.33982594280978035,C:\Users\vaidy\OneDrive\Desktop\Programming\COMPUTER VISION\TumorDetetction\brisc2025\classification_task\test\meningioma\brisc2025_test_00407_me_co_t1.jpg,C:\Users\vaidy\OneDrive\Desktop\Programming\COMPUTER VISION\TumorDetetction\brisc2025\segmentation_task\test\masks\brisc2025_test_00407_me_co_t1.png
brisc2025_test_00408_me_co_t1.jpg,meningioma,1,meningioma,1,True,1.0,Large,5.12847900390625,3.95965576171875,0.8579583613163196,0.7512496324610408,0.9845857418111753,0.7601904195180006,0.9993566546039405,0.987091064453125,0.22638514637947083,18.58149528503418,14.986578941345215,1.0,0.17592253336822822,0.17592253336822822,0.29920769162289684,0.9946444510562332,0.34077471967380224,0.3401505901505901,0.507630400121479,0.7613805415055043,0.6250610649731314,0.522671568627451,0.6865191146881288,1.0,0.26452599388379205,0.26452599388379205,0.4183796856106409,C:\Users\vaidy\OneDrive\Desktop\Programming\COMPUTER VISION\TumorDetetction\brisc2025\classification_task\test\meningioma\brisc2025_test_00408_me_co_t1.jpg,C:\Users\vaidy\OneDrive\Desktop\Programming\COMPUTER VISION\TumorDetetction\brisc2025\segmentation_task\test\masks\brisc2025_test_00408_me_co_t1.png
brisc2025_test_00409_me_co_t1.jpg,meningioma,1,meningioma,1,True,1.0,Large,4.8309326171875,4.583740234375,0.946515397082658,0.8984615384615384,0.9720372836218375,0.9222994314592545,0.9986531986531987,0.994964599609375,0.19388587772846222,20.085262298583984,19.264833450317383,1.0,0.16163782100372695,0.16163782100372695,0.2782929723552938,0.9984207201516109,0.3347807667866977,0.33460357785540384,0.5014276649746193,0.7173089071383449,0.6632593457943925,0.525816161148414,0.689226100151745,1.0,0.3181529337004872,0.3181529337004872,0.4827253736140125,C:\Users\vaidy\OneDrive\Desktop\Programming\COMPUTER VISION\TumorDetetction\brisc2025\classification_task\test\meningioma\brisc2025_test_00409_me_co_t1.jpg,C:\Users\vaidy\OneDrive\Desktop\Programming\COMPUTER VISION\TumorDetetction\brisc2025\segmentation_task\test\masks\brisc2025_test_00409_me_co_t1.png
brisc2025_test_00410_me_co_t1.jpg,meningioma,1,meningioma,1,True,0.9999994039535522,Large,10.7208251953125,7.8338623046875,0.8282894736842106,0.7069062324536777,0.9809115699259836,0.7167662966125818,0.9983250726371561,0.9681396484375,0.2482777088880539,33.3177490234375,25.316471099853516,1.0,0.320529197080292,0.320529197080292,0.4854556760865059,0.9289780814118986,0.5634009495036686,0.5401357166501158,0.7014131427650314,0.6168516937090806,0.8097907324364724,0.5387866732968672,0.7002746808854419,0.9474094273470978,0.4198532585239534,0.4102910164487558,0.5818529816376578,C:\Users\vaidy\OneDrive\Desktop\Programming\COMPUTER VISION\TumorDetetction\brisc2025\classification_task\test\meningioma\brisc2025_test_00410_me_co_t1.jpg,C:\Users\vaidy\OneDrive\Desktop\Programming\COMPUTER VISION\TumorDetetction\brisc2025\segmentation_task\test\masks\brisc2025_test_00410_me_co_t1.png
brisc2025_test_00411_me_co_t1.jpg,meningioma,1,meningioma,1,True,0.9953969120979309,Large,2.886962890625,2.88543701171875,0.8665080623843511,0.7644589552238806,0.866737176097303,0.8662790697674418,0.9960404751429829,0.9922943115234375,0.2248411774635315,10.112573623657227,9.56017017364502,1.0,0.0886930433152072,0.0886930433152072,0.16293489493627283,1.0,0.1854538325818467,0.1854538325818467,0.31288242103522407,0.6527484143763214,0.3435326842837274,0.2904515522107244,0.45015491160925825,0.9275515600211528,0.17192707312291708,0.1696489022149144,0.29008517324071775,C:\Users\vaidy\OneDrive\Desktop\Programming\COMPUTER VISION\TumorDetetction\brisc2025\classification_task\test\meningioma\brisc2025_test_00411_me_co_t1.jpg,C:\Users\vaidy\OneDrive\Desktop\Programming\COMPUTER VISION\TumorDetetction\brisc2025\segmentation_task\test\masks\brisc2025_test_00411_me_co_t1.png
brisc2025_test_00412_me_co_t1.jpg,meningioma,1,no_tumor,3,False,0.5517788529396057,Medium,1.61285400390625,1.104736328125,0.7815833801235261,0.6414746543778802,0.9613259668508287,0.6584673604541155,0.9995657500891764,0.9940643310546875,0.3561839163303375,0.003747211769223213,0.0027370837051421404,0.0,0.0,0.0,0.0,0.0,0.0,0.0,0.0,0.0,0.0,0.0,0.0,0.0,0.0,0.0,0.0,C:\Users\vaidy\OneDrive\Desktop\Programming\COMPUTER VISION\TumorDetetction\brisc2025\classification_task\test\meningioma\brisc2025_test_00412_me_co_t1.jpg,C:\Users\vaidy\OneDrive\Desktop\Programming\COMPUTER VISION\TumorDetetction\brisc2025\segmentation_task\test\masks\brisc2025_test_00412_me_co_t1.png
brisc2025_test_00413_me_co_t1.jpg,meningioma,1,meningioma,1,True,0.9994317889213562,Large,5.76629638671875,5.13916015625,0.9296208199244438,0.8684967320261437,0.9863420427553444,0.8790685366499074,0.9992551451657302,0.9923248291015625,0.20302604138851166,24.24481201171875,21.847244262695312,1.0,0.19647499220131018,0.19647499220131018,0.32842306522400383,1.0,0.32501935150941774,0.32501935150941774,0.49058808256523434,0.8298491664461498,0.6732503220266208,0.5915864931145067,0.7433922010193197,1.0,0.2896705943063559,0.2896705943063559,0.4492164054684895,C:\Users\vaidy\OneDrive\Desktop\Programming\COMPUTER VISION\TumorDetetction\brisc2025\classification_task\test\meningioma\brisc2025_test_00413_me_co_t1.jpg,C:\Users\vaidy\OneDrive\Desktop\Programming\COMPUTER VISION\TumorDetetction\brisc2025\segmentation_task\test\masks\brisc2025_test_00413_me_co_t1.png
brisc2025_test_00414_me_co_t1.jpg,meningioma,1,meningioma,1,True,1.0,Large,8.5723876953125,6.19964599609375,0.8288399958681955,0.7077085905803493,0.9874476987447699,0.7141331434674262,0.9991488367435495,0.9747161865234375,0.3825249671936035,16.69873809814453,12.970964431762695,1.0,0.13734598083317034,0.13734598083317034,0.2415201410085551,0.9458882164471342,0.2658595157094257,0.26187660161640053,0.41505897055377644,0.4939480242079032,0.3689178409997341,0.26772793053545585,0.4223744292237443,0.989908934285011,0.20122073243946367,0.20080882720055918,0.3344559477776392,C:\Users\vaidy\OneDrive\Desktop\Programming\COMPUTER VISION\TumorDetetction\brisc2025\classification_task\test\meningioma\brisc2025_test_00414_me_co_t1.jpg,C:\Users\vaidy\OneDrive\Desktop\Programming\COMPUTER VISION\TumorDetetction\brisc2025\segmentation_task\test\masks\brisc2025_test_00414_me_co_t1.png
brisc2025_test_00415_me_co_t1.jpg,meningioma,1,meningioma,1,True,0.9999923706054688,Large,5.82275390625,5.12237548828125,0.9162135786978949,0.8453820427064574,0.978850163836759,0.8611111111111112,0.9988496435515231,0.9908294677734375,0.2728750705718994,17.535097122192383,15.615866661071777,1.0,0.15043166318445225,0.15043166318445225,0.261522119041908,1.0,0.281810796839229,0.281810796839229,0.43970732269401397,0.7266771488469602,0.5317353787152445,0.44311281559603705,0.6141069648986823,1.0,0.24791374344583117,0.24791374344583117,0.3973251272339922,C:\Users\vaidy\OneDrive\Desktop\Programming\COMPUTER VISION\TumorDetetction\brisc2025\classification_task\test\meningioma\brisc2025_test_00415_me_co_t1.jpg,C:\Users\vaidy\OneDrive\Desktop\Programming\COMPUTER VISION\TumorDetetction\brisc2025\segmentation_task\test\masks\brisc2025_test_00415_me_co_t1.png
brisc2025_test_00416_me_co_t1.jpg,meningioma,1,meningioma,1,True,0.9999923706054688,Large,5.79376220703125,5.12237548828125,0.9217221135029354,0.8548094373865699,0.9821268990169795,0.8683170924414011,0.9990281669609161,0.991455078125,0.2728750705718994,17.533740997314453,15.615866661071777,1.0,0.14968265857216068,0.14968265857216068,0.26038952132766424,0.9994732683697656,0.2802599512591389,0.280218563095326,0.43776675510439494,0.7374242823281538,0.5369127516778524,0.4507405022537025,0.6213936972924989,1.0,0.24791374344583117,0.24791374344583117,0.3973251272339922,C:\Users\vaidy\OneDrive\Desktop\Programming\COMPUTER VISION\TumorDetetction\brisc2025\classification_task\test\meningioma\brisc2025_test_00416_me_co_t1.jpg,C:\Users\vaidy\OneDrive\Desktop\Programming\COMPUTER VISION\TumorDetetction\brisc2025\segmentation_task\test\masks\brisc2025_test_00416_me_co_t1.png
brisc2025_test_00417_me_co_t1.jpg,meningioma,1,meningioma,1,True,1.0,Large,7.67059326171875,7.38372802734375,0.9584431380498682,0.9202024133904243,0.977061376317421,0.940521185597772,0.9981655621477796,0.993743896484375,0.22452887892723083,27.77263832092285,26.823402404785156,1.0,0.23725693788937136,0.23725693788937136,0.3835208849895098,1.0,0.48151340996168585,0.48151340996168585,0.650029094200556,0.7656654068032623,0.9288127413127413,0.7232243517474634,0.8393850179914949,0.9956602603843769,0.4614942528735632,0.4605678233438486,0.6306695464362851,C:\Users\vaidy\OneDrive\Desktop\Programming\COMPUTER VISION\TumorDetetction\brisc2025\classification_task\test\meningioma\brisc2025_test_00417_me_co_t1.jpg,C:\Users\vaidy\OneDrive\Desktop\Programming\COMPUTER VISION\TumorDetetction\brisc2025\segmentation_task\test\masks\brisc2025_test_00417_me_co_t1.png
brisc2025_test_00418_me_co_t1.jpg,meningioma,1,glioma,0,False,0.8544818162918091,Large,2.90985107421875,0.445556640625,0.0,0.0,0.0,0.0,0.9954108975467161,0.9664459228515625,0.24032807350158691,1.1064640283584595,1.3337383270263672,0.08180388044048244,0.00587792012057272,0.005514121098582588,0.01096776461489788,0.0,0.0,0.0,0.0,0.0,0.0,0.0,0.0,1.0,0.03180481429038231,0.03180481429038231,0.06164889686477357,C:\Users\vaidy\OneDrive\Desktop\Programming\COMPUTER VISION\TumorDetetction\brisc2025\classification_task\test\meningioma\brisc2025_test_00418_me_co_t1.jpg,C:\Users\vaidy\OneDrive\Desktop\Programming\COMPUTER VISION\TumorDetetction\brisc2025\segmentation_task\test\masks\brisc2025_test_00418_me_co_t1.png
brisc2025_test_00419_me_co_t1.jpg,meningioma,1,meningioma,1,True,0.9999974966049194,Large,7.65533447265625,6.90155029296875,0.920125786163522,0.8520675596971462,0.9703736458103029,0.8748255929838549,0.9977858193294667,0.988372802734375,0.28801968693733215,22.3138484954834,20.63628387451172,1.0,0.20019952114924183,0.20019952114924183,0.3336103999734016,0.9962128762208491,0.41663887962654217,0.415980024968789,0.5875506965261859,0.8158261909507674,0.8699256110520722,0.7271273760881151,0.8420078173215387,1.0,0.3770423474491497,0.3770423474491497,0.5476118409104668,C:\Users\vaidy\OneDrive\Desktop\Programming\COMPUTER VISION\TumorDetetction\brisc2025\classification_task\test\meningioma\brisc2025_test_00419_me_co_t1.jpg,C:\Users\vaidy\OneDrive\Desktop\Programming\COMPUTER VISION\TumorDetetction\brisc2025\segmentation_task\test\masks\brisc2025_test_00419_me_co_t1.png
brisc2025_test_00420_me_co_t1.jpg,meningioma,1,meningioma,1,True,1.0,Large,5.3497314453125,4.766845703125,0.9209653092006033,0.8535085266983505,0.9772727272727273,0.8707929264118653,0.998855392551991,0.99200439453125,0.23798304796218872,18.95235824584961,17.118017196655273,1.0,0.16873616324959093,0.16873616324959093,0.28874979410311313,1.0,0.36025482942868886,0.36025482942868886,0.5296872639371506,0.8893325727324587,0.8117677688102056,0.7372901395128872,0.8487818157070913,1.0,0.3210028771064529,0.3210028771064529,0.48599875544492843,C:\Users\vaidy\OneDrive\Desktop\Programming\COMPUTER VISION\TumorDetetction\brisc2025\classification_task\test\meningioma\brisc2025_test_00420_me_co_t1.jpg,C:\Users\vaidy\OneDrive\Desktop\Programming\COMPUTER VISION\TumorDetetction\brisc2025\segmentation_task\test\masks\brisc2025_test_00420_me_co_t1.png
brisc2025_test_00421_me_co_t1.jpg,meningioma,1,meningioma,1,True,0.9999877214431763,Large,4.63714599609375,3.4423828125,0.8366383380547686,0.7191558441558441,0.9818262411347518,0.7288581770319184,0.9993439685104885,0.9868011474609375,0.2888355255126953,12.867860794067383,10.117137908935547,1.0,0.10564922649052669,0.10564922649052669,0.19110803672494026,0.9726883843369529,0.27309682187730966,0.27101861190061427,0.4264589194258097,0.6999012833168805,0.4300444803881925,0.36309320587231136,0.5327489041953664,1.0,0.20842572062084258,0.20842572062084258,0.344954128440367,C:\Users\vaidy\OneDrive\Desktop\Programming\COMPUTER VISION\TumorDetetction\brisc2025\classification_task\test\meningioma\brisc2025_test_00421_me_co_t1.jpg,C:\Users\vaidy\OneDrive\Desktop\Programming\COMPUTER VISION\TumorDetetction\brisc2025\segmentation_task\test\masks\brisc2025_test_00421_me_co_t1.png
brisc2025_test_00422_me_co_t1.jpg,meningioma,1,meningioma,1,True,0.9995321035385132,Large,3.42254638671875,3.45306396484375,0.9507323568575233,0.9060913705583756,0.9465311533362792,0.9549710209540794,0.9980882562052675,0.996612548828125,0.2812730669975281,10.001801490783691,10.103011131286621,1.0,0.07407774365071501,0.07407774365071501,0.13793739622409446,1.0,0.22862093568443584,0.22862093568443584,0.37215861954537915,0.7592510031208203,0.4882454128440367,0.4227904667328699,0.5943116384575118,1.0,0.23065946386708797,0.23065946386708797,0.3748550604604936,C:\Users\vaidy\OneDrive\Desktop\Programming\COMPUTER VISION\TumorDetetction\brisc2025\classification_task\test\meningioma\brisc2025_test_00422_me_co_t1.jpg,C:\Users\vaidy\OneDrive\Desktop\Programming\COMPUTER VISION\TumorDetetction\brisc2025\segmentation_task\test\masks\brisc2025_test_00422_me_co_t1.png
brisc2025_test_00423_me_co_t1.jpg,meningioma,1,meningioma,1,True,0.9999921321868896,Medium,0.7415771484375,0.9063720703125,0.8333333333333334,0.7142857142857143,0.7575757575757576,0.9259259259259259,0.9977863182167563,0.99725341796875,0.2847210764884949,2.245844602584839,2.7107131481170654,1.0,0.01857869184601858,0.01857869184601858,0.03647963970726215,1.0,0.03946727302257593,0.03946727302257593,0.0759375,0.9629629629629629,0.0894666411775951,0.089159839969518,0.16372223193982857,1.0,0.04823777813870391,0.04823777813870391,0.09203594669972111,C:\Users\vaidy\OneDrive\Desktop\Programming\COMPUTER VISION\TumorDetetction\brisc2025\classification_task\test\meningioma\brisc2025_test_00423_me_co_t1.jpg,C:\Users\vaidy\OneDrive\Desktop\Programming\COMPUTER VISION\TumorDetetction\brisc2025\segmentation_task\test\masks\brisc2025_test_00423_me_co_t1.png
brisc2025_test_00424_me_co_t1.jpg,meningioma,1,meningioma,1,True,1.0,Medium,1.91497802734375,1.751708984375,0.9022055763628797,0.8218347232752085,0.9442508710801394,0.8637450199203187,0.9990043714316827,0.9964141845703125,0.2636338174343109,6.69337797164917,6.199914932250977,1.0,0.05469839609483961,0.05469839609483961,0.10372329435100625,1.0,0.10557752166232018,0.10557752166232018,0.19099071678587734,0.9944223107569721,0.2392638036809816,0.2389431361286617,0.3857209086694483,1.0,0.09657609152856061,0.09657609152856061,0.17614115841963943,C:\Users\vaidy\OneDrive\Desktop\Programming\COMPUTER VISION\TumorDetetction\brisc2025\classification_task\test\meningioma\brisc2025_test_00424_me_co_t1.jpg,C:\Users\vaidy\OneDrive\Desktop\Programming\COMPUTER VISION\TumorDetetction\brisc2025\segmentation_task\test\masks\brisc2025_test_00424_me_co_t1.png
brisc2025_test_00425_me_co_t1.jpg,meningioma,1,meningioma,1,True,1.0,Large,2.67181396484375,2.69622802734375,0.9545196134167141,0.9129961935834693,0.9501980758347481,0.9588806396344945,0.9986203652896449,0.99755859375,0.22129492461681366,10.843229293823242,10.944433212280273,1.0,0.08900071159906475,0.08900071159906475,0.1634539089848308,1.0,0.1605685465382852,0.1605685465382852,0.27670670037926676,0.9645916619074815,0.35936170212765955,0.35468290634187316,0.5236397457758487,1.0,0.16203576341127923,0.16203576341127923,0.27888257575757575,C:\Users\vaidy\OneDrive\Desktop\Programming\COMPUTER VISION\TumorDetetction\brisc2025\classification_task\test\meningioma\brisc2025_test_00425_me_co_t1.jpg,C:\Users\vaidy\OneDrive\Desktop\Programming\COMPUTER VISION\TumorDetetction\brisc2025\segmentation_task\test\masks\brisc2025_test_00425_me_co_t1.png
brisc2025_test_00426_me_co_t1.jpg,meningioma,1,meningioma,1,True,0.9986407160758972,Medium,1.08795166015625,1.129150390625,0.8933241569167241,0.8072139303482587,0.8770270270270271,0.9102384291725105,0.9985961772827546,0.9976348876953125,0.21246770024299622,4.481500625610352,4.645826816558838,1.0,0.03830655993123086,0.03830655993123086,0.07378660871365,1.0,0.08442865600947307,0.08442865600947307,0.15571085389823106,0.9985974754558204,0.2637037037037037,0.2636060718252499,0.41722824494579547,1.0,0.08762581409117821,0.08762581409117821,0.16113228089275994,C:\Users\vaidy\OneDrive\Desktop\Programming\COMPUTER VISION\TumorDetetction\brisc2025\classification_task\test\meningioma\brisc2025_test_00426_me_co_t1.jpg,C:\Users\vaidy\OneDrive\Desktop\Programming\COMPUTER VISION\TumorDetetction\brisc2025\segmentation_task\test\masks\brisc2025_test_00426_me_co_t1.png
brisc2025_test_00427_me_co_t1.jpg,meningioma,1,meningioma,1,True,0.9999973773956299,Medium,2.11029052734375,2.21405029296875,0.926605504587156,0.8632478632478633,0.9048931771192281,0.9493853940708604,0.9978488924913878,0.996826171875,0.2693308889865875,6.937567234039307,7.257298469543457,1.0,0.057878217200251096,0.057878217200251096,0.10942321386185616,1.0,0.12083879423328965,0.12083879423328965,0.215622076707203,0.9978308026030369,0.32273152478952294,0.32250525823790605,0.4877186782116982,1.0,0.12678025338575796,0.12678025338575796,0.22503101736972705,C:\Users\vaidy\OneDrive\Desktop\Programming\COMPUTER VISION\TumorDetetction\brisc2025\classification_task\test\meningioma\brisc2025_test_00427_me_co_t1.jpg,C:\Users\vaidy\OneDrive\Desktop\Programming\COMPUTER VISION\TumorDetetction\brisc2025\segmentation_task\test\masks\brisc2025_test_00427_me_co_t1.png
brisc2025_test_00428_me_co_t1.jpg,meningioma,1,meningioma,1,True,0.9999725818634033,Medium,1.37176513671875,1.08642578125,0.824332712600869,0.7011615628299894,0.9325842696629213,0.7385984427141268,0.9992573912774417,0.9956817626953125,0.280484676361084,4.276179313659668,3.5111520290374756,1.0,0.03433525570026353,0.03433525570026353,0.06639096078576176,1.0,0.07346571872190896,0.07346571872190896,0.13687576126674786,0.8809788654060067,0.1492087415222306,0.14626038781163436,0.25519574673755435,1.0,0.058184195472746586,0.058184195472746586,0.10996988184415785,C:\Users\vaidy\OneDrive\Desktop\Programming\COMPUTER VISION\TumorDetetction\brisc2025\classification_task\test\meningioma\brisc2025_test_00428_me_co_t1.jpg,C:\Users\vaidy\OneDrive\Desktop\Programming\COMPUTER VISION\TumorDetetction\brisc2025\segmentation_task\test\masks\brisc2025_test_00428_me_co_t1.png
brisc2025_test_00429_me_co_t1.jpg,meningioma,1,meningioma,1,True,0.9999878406524658,Medium,1.4556884765625,1.3916015625,0.894962486602358,0.8098933074684772,0.9155701754385965,0.8752620545073375,0.9988077173206157,0.99700927734375,0.23029181361198425,5.609941005706787,5.412607192993164,1.0,0.044949114210327934,0.044949114210327934,0.0860312020921634,1.0,0.09144938650306748,0.09144938650306748,0.1675742139469524,0.9696016771488469,0.21662763466042154,0.21516631774831357,0.35413476263399696,1.0,0.08742331288343558,0.08742331288343558,0.1607898448519041,C:\Users\vaidy\OneDrive\Desktop\Programming\COMPUTER VISION\TumorDetetction\brisc2025\classification_task\test\meningioma\brisc2025_test_00429_me_co_t1.jpg,C:\Users\vaidy\OneDrive\Desktop\Programming\COMPUTER VISION\TumorDetetction\brisc2025\segmentation_task\test\masks\brisc2025_test_00429_me_co_t1.png
brisc2025_test_00430_me_co_t1.jpg,meningioma,1,meningioma,1,True,0.9999964237213135,Medium,1.70745849609375,1.75323486328125,0.9426807760141094,0.8915763135946623,0.9303742384682332,0.9553172475424486,0.9987580918080631,0.998016357421875,0.2767830193042755,5.666676998138428,5.8134765625,1.0,0.04457634545671832,0.04457634545671832,0.08534818091678743,1.0,0.0974568890437206,0.0974568890437206,0.17760495198793746,0.9973190348525469,0.24182015167930662,0.24166305760069295,0.38925706313219394,1.0,0.10006967427277477,0.10006967427277477,0.18193333861135302,C:\Users\vaidy\OneDrive\Desktop\Programming\COMPUTER VISION\TumorDetetction\brisc2025\classification_task\test\meningioma\brisc2025_test_00430_me_co_t1.jpg,C:\Users\vaidy\OneDrive\Desktop\Programming\COMPUTER VISION\TumorDetetction\brisc2025\segmentation_task\test\masks\brisc2025_test_00430_me_co_t1.png
brisc2025_test_00431_me_co_t1.jpg,meningioma,1,meningioma,1,True,0.9994447827339172,Medium,0.8026123046875,0.86517333984375,0.889295516925892,0.800658978583196,0.8571428571428571,0.9239543726235742,0.9987540378403322,0.9981536865234375,0.2739114761352539,2.254187822341919,2.432412624359131,1.0,0.020470908737108388,0.020470908737108388,0.04012051409175851,1.0,0.0468931086743336,0.0468931086743336,0.08958528485054926,0.5627376425855514,0.07267370488583354,0.06878921682547061,0.12872363557295063,1.0,0.05054827493982348,0.05054827493982348,0.09623217922606925,C:\Users\vaidy\OneDrive\Desktop\Programming\COMPUTER VISION\TumorDetetction\brisc2025\classification_task\test\meningioma\brisc2025_test_00431_me_co_t1.jpg,C:\Users\vaidy\OneDrive\Desktop\Programming\COMPUTER VISION\TumorDetetction\brisc2025\segmentation_task\test\masks\brisc2025_test_00431_me_co_t1.png
brisc2025_test_00432_me_co_t1.jpg,meningioma,1,meningioma,1,True,0.9999767541885376,Medium,1.05438232421875,1.0223388671875,0.9008082292432035,0.81951871657754,0.9149253731343283,0.8871201157742402,0.9991209808003702,0.9979400634765625,0.26581448316574097,3.0141520500183105,2.914400815963745,1.0,0.02728852381328489,0.02728852381328489,0.05312728251258986,1.0,0.06057152875175315,0.06057152875175315,0.11422431605917845,0.5455861070911722,0.08658704639412035,0.08076263924592973,0.14945490584737364,1.0,0.05873071528751753,0.05873071528751753,0.11094552078158636,C:\Users\vaidy\OneDrive\Desktop\Programming\COMPUTER VISION\TumorDetetction\brisc2025\classification_task\test\meningioma\brisc2025_test_00432_me_co_t1.jpg,C:\Users\vaidy\OneDrive\Desktop\Programming\COMPUTER VISION\TumorDetetction\brisc2025\segmentation_task\test\masks\brisc2025_test_00432_me_co_t1.png
brisc2025_test_00433_me_co_t1.jpg,meningioma,1,meningioma,1,True,0.9999804496765137,Small,0.6256103515625,0.61492919921875,0.8905289052890529,0.802660753880266,0.8982630272952854,0.8829268292682927,0.9993704511255106,0.9986419677734375,0.2314808964729309,2.4151015281677246,2.3735880851745605,1.0,0.01877461305980401,0.01877461305980401,0.036857245595109674,1.0,0.03795593408628032,0.03795593408628032,0.07313592579379237,1.0,0.09640253938396426,0.09640253938396426,0.1758524555007506,1.0,0.03730790594334382,0.03730790594334382,0.07193217313699242,C:\Users\vaidy\OneDrive\Desktop\Programming\COMPUTER VISION\TumorDetetction\brisc2025\classification_task\test\meningioma\brisc2025_test_00433_me_co_t1.jpg,C:\Users\vaidy\OneDrive\Desktop\Programming\COMPUTER VISION\TumorDetetction\brisc2025\segmentation_task\test\masks\brisc2025_test_00433_me_co_t1.png
brisc2025_test_00434_me_co_t1.jpg,meningioma,1,meningioma,1,True,0.9993632435798645,Medium,1.416015625,1.3763427734375,0.9344262295081968,0.8769230769230769,0.9478935698447893,0.9213362068965517,0.9992725359088658,0.9981689453125,0.20704367756843567,6.13289213180542,5.970651149749756,1.0,0.0486194792266988,0.0486194792266988,0.09273045216087934,1.0,0.09763282482903735,0.09763282482903735,0.17789705741397488,1.0,0.2782608695652174,0.2782608695652174,0.43537414965986393,1.0,0.09489742240925829,0.09489742240925829,0.17334486403382338,C:\Users\vaidy\OneDrive\Desktop\Programming\COMPUTER VISION\TumorDetetction\brisc2025\classification_task\test\meningioma\brisc2025_test_00434_me_co_t1.jpg,C:\Users\vaidy\OneDrive\Desktop\Programming\COMPUTER VISION\TumorDetetction\brisc2025\segmentation_task\test\masks\brisc2025_test_00434_me_co_t1.png
brisc2025_test_00435_me_co_t1.jpg,meningioma,1,meningioma,1,True,0.9999462366104126,Medium,0.9063720703125,0.87127685546875,0.8618025751072962,0.7571644042232277,0.8791593695271454,0.8451178451178452,0.9989375134735611,0.9975433349609375,0.3662744462490082,1.8701457977294922,1.804364800453186,1.0,0.0148459173727225,0.0148459173727225,0.02925748060583672,1.0,0.030583873957367932,0.030583873957367932,0.05935251798561151,0.569023569023569,0.049801090319728895,0.0479909129632259,0.09158650589351036,1.0,0.029399649881577592,0.029399649881577592,0.05711999199719902,C:\Users\vaidy\OneDrive\Desktop\Programming\COMPUTER VISION\TumorDetetction\brisc2025\classification_task\test\meningioma\brisc2025_test_00435_me_co_t1.jpg,C:\Users\vaidy\OneDrive\Desktop\Programming\COMPUTER VISION\TumorDetetction\brisc2025\segmentation_task\test\masks\brisc2025_test_00435_me_co_t1.png
brisc2025_test_00436_me_co_t1.jpg,meningioma,1,meningioma,1,True,0.9999744892120361,Medium,1.6571044921875,1.53350830078125,0.9134385461501674,0.840669014084507,0.9502487562189055,0.8793738489871087,0.9992242048099301,0.9972381591796875,0.266924113035202,4.983689785003662,4.654219150543213,1.0,0.04783508787384927,0.04783508787384927,0.0913027029299256,1.0,0.09973367618697769,0.09973367618697769,0.18137787056367433,0.6878453038674033,0.17255717255717257,0.16002570694087404,0.27590027700831027,1.0,0.09229497658187161,0.09229497658187161,0.1689927694635951,C:\Users\vaidy\OneDrive\Desktop\Programming\COMPUTER VISION\TumorDetetction\brisc2025\classification_task\test\meningioma\brisc2025_test_00436_me_co_t1.jpg,C:\Users\vaidy\OneDrive\Desktop\Programming\COMPUTER VISION\TumorDetetction\brisc2025\segmentation_task\test\masks\brisc2025_test_00436_me_co_t1.png
brisc2025_test_00437_me_co_t1.jpg,meningioma,1,meningioma,1,True,0.9998639822006226,Medium,0.94146728515625,1.1505126953125,0.8723559445660102,0.7736093143596378,0.7931034482758621,0.9692058346839546,0.9975970054991605,0.9973297119140625,0.37624937295913696,2.1406373977661133,2.5925233364105225,1.0,0.015237954113259736,0.015237954113259736,0.030018487885569718,1.0,0.031081557604150923,0.031081557604150923,0.06028923197185851,0.9918962722852512,0.09589470385459103,0.09581963363081258,0.17488212601800257,1.0,0.03798297314996726,0.03798297314996726,0.07318611987381704,C:\Users\vaidy\OneDrive\Desktop\Programming\COMPUTER VISION\TumorDetetction\brisc2025\classification_task\test\meningioma\brisc2025_test_00437_me_co_t1.jpg,C:\Users\vaidy\OneDrive\Desktop\Programming\COMPUTER VISION\TumorDetetction\brisc2025\segmentation_task\test\masks\brisc2025_test_00437_me_co_t1.png
brisc2025_test_00438_me_co_t1.jpg,meningioma,1,meningioma,1,True,0.9998301267623901,Large,2.25982666015625,2.36358642578125,0.9392739273927393,0.8855009334163036,0.9186571981923822,0.9608372721134368,0.9980329404418078,0.9971923828125,0.3005918860435486,4.846378326416016,5.030813217163086,1.0,0.05161717551930852,0.05161717551930852,0.0981672356079939,0.9837947332883187,0.1051074880969557,0.10492582457151088,0.18992374372678095,0.08237677245104659,0.026760254441763543,0.020615072659682324,0.04039735099337748,0.9832149774047773,0.10986870581445679,0.10966301843317973,0.19765102848614627,C:\Users\vaidy\OneDrive\Desktop\Programming\COMPUTER VISION\TumorDetetction\brisc2025\classification_task\test\meningioma\brisc2025_test_00438_me_co_t1.jpg,C:\Users\vaidy\OneDrive\Desktop\Programming\COMPUTER VISION\TumorDetetction\brisc2025\segmentation_task\test\masks\brisc2025_test_00438_me_co_t1.png
brisc2025_test_00439_me_co_t1.jpg,meningioma,1,meningioma,1,True,0.9999568462371826,Large,2.30255126953125,2.24151611328125,0.9382135661517798,0.883617963314358,0.9509870660313138,0.9257786613651425,0.9988754744092336,0.9971923828125,0.24247629940509796,7.63916540145874,7.438340187072754,1.0,0.07188110322488449,0.07188110322488449,0.1341214114300951,1.0,0.1395671476137625,0.1395671476137625,0.24494765035305577,0.7163684559310802,0.22007328990228012,0.20243445692883896,0.33670767793178635,1.0,0.1358675545689974,0.1358675545689974,0.23923133295334256,C:\Users\vaidy\OneDrive\Desktop\Programming\COMPUTER VISION\TumorDetetction\brisc2025\classification_task\test\meningioma\brisc2025_test_00439_me_co_t1.jpg,C:\Users\vaidy\OneDrive\Desktop\Programming\COMPUTER VISION\TumorDetetction\brisc2025\segmentation_task\test\masks\brisc2025_test_00439_me_co_t1.png
brisc2025_test_00440_me_co_t1.jpg,meningioma,1,meningioma,1,True,0.9977818131446838,Small,0.41656494140625,0.2593994140625,0.7674943566591422,0.6227106227106227,1.0,0.6227106227106227,1.0,0.9984283447265625,0.48226189613342285,0.37280187010765076,0.23231950402259827,1.0,0.004997345732120302,0.004997345732120302,0.009944992896433646,0.0,0.0,0.0,0.0,0.0,0.0,0.0,0.0,0.0,0.0,0.0,0.0,C:\Users\vaidy\OneDrive\Desktop\Programming\COMPUTER VISION\TumorDetetction\brisc2025\classification_task\test\meningioma\brisc2025_test_00440_me_co_t1.jpg,C:\Users\vaidy\OneDrive\Desktop\Programming\COMPUTER VISION\TumorDetetction\brisc2025\segmentation_task\test\masks\brisc2025_test_00440_me_co_t1.png
brisc2025_test_00441_me_co_t1.jpg,meningioma,1,meningioma,1,True,1.0,Medium,1.507568359375,1.56097412109375,0.9288910989557434,0.8672237697307336,0.9130009775171065,0.9453441295546559,0.9986211811365185,0.9978179931640625,0.265311062335968,5.259312629699707,5.454843044281006,1.0,0.040573282411399944,0.040573282411399944,0.07798255653340701,1.0,0.07575525226192302,0.07575525226192302,0.14084105488239487,1.0,0.17837154721068785,0.17837154721068785,0.3027424544201011,1.0,0.07843888974083729,0.07843888974083729,0.14546747244934233,C:\Users\vaidy\OneDrive\Desktop\Programming\COMPUTER VISION\TumorDetetction\brisc2025\classification_task\test\meningioma\brisc2025_test_00441_me_co_t1.jpg,C:\Users\vaidy\OneDrive\Desktop\Programming\COMPUTER VISION\TumorDetetction\brisc2025\segmentation_task\test\masks\brisc2025_test_00441_me_co_t1.png
brisc2025_test_00442_me_co_t1.jpg,meningioma,1,meningioma,1,True,0.9999964237213135,Large,2.3193359375,2.15301513671875,0.9218696690549301,0.8550632911392405,0.9574769666902906,0.8888157894736842,0.9990627343164209,0.9965057373046875,0.31508535146713257,5.249782562255859,5.009694576263428,1.0,0.048229470745018405,0.048229470745018405,0.09202082576583122,0.9217105263157894,0.0933439936038377,0.09260973030142781,0.16952023715893277,0.4598684210526316,0.10639269406392694,0.0945744824786903,0.17280593325092708,0.9751948972360028,0.09167832633753081,0.09146503589470885,0.16760048721071863,C:\Users\vaidy\OneDrive\Desktop\Programming\COMPUTER VISION\TumorDetetction\brisc2025\classification_task\test\meningioma\brisc2025_test_00442_me_co_t1.jpg,C:\Users\vaidy\OneDrive\Desktop\Programming\COMPUTER VISION\TumorDetetction\brisc2025\segmentation_task\test\masks\brisc2025_test_00442_me_co_t1.png
brisc2025_test_00443_me_co_t1.jpg,meningioma,1,meningioma,1,True,0.9999582767486572,Medium,1.17950439453125,1.153564453125,0.9287115761935906,0.8669108669108669,0.9391534391534392,0.9184993531694696,0.9992897178944767,0.9983367919921875,0.24752378463745117,4.589999198913574,4.488061428070068,1.0,0.037290752086448935,0.037290752086448935,0.07190028834527021,1.0,0.0725889754906564,0.0725889754906564,0.1353528278760287,1.0,0.16205450733752622,0.16205450733752622,0.2789103373624391,1.0,0.07099258146304817,0.07099258146304817,0.13257343270495398,C:\Users\vaidy\OneDrive\Desktop\Programming\COMPUTER VISION\TumorDetetction\brisc2025\classification_task\test\meningioma\brisc2025_test_00443_me_co_t1.jpg,C:\Users\vaidy\OneDrive\Desktop\Programming\COMPUTER VISION\TumorDetetction\brisc2025\segmentation_task\test\masks\brisc2025_test_00443_me_co_t1.png
brisc2025_test_00444_me_co_t1.jpg,meningioma,1,meningioma,1,True,0.9984923601150513,Small,0.5096435546875,0.53863525390625,0.8326055312954876,0.713216957605985,0.8101983002832861,0.8562874251497006,0.9989724241587682,0.9982452392578125,0.4175654947757721,1.0912832021713257,1.1611804962158203,1.0,0.00728732572600528,0.00728732572600528,0.014469209608594883,1.0,0.015302849812150646,0.015302849812150646,0.030144404332129966,1.0,0.04470619729621202,0.04470619729621202,0.08558616271620756,1.0,0.016173371208650235,0.016173371208650235,0.031831913070922944,C:\Users\vaidy\OneDrive\Desktop\Programming\COMPUTER VISION\TumorDetetction\brisc2025\classification_task\test\meningioma\brisc2025_test_00444_me_co_t1.jpg,C:\Users\vaidy\OneDrive\Desktop\Programming\COMPUTER VISION\TumorDetetction\brisc2025\segmentation_task\test\masks\brisc2025_test_00444_me_co_t1.png
brisc2025_test_00445_me_co_t1.jpg,meningioma,1,meningioma,1,True,0.9999961853027344,Large,4.6478271484375,4.59136962890625,0.9575557390586292,0.9185678073510773,0.9634430043203722,0.9517399868680236,0.9982397183549367,0.9960784912109375,0.24678945541381836,15.822463989257812,15.641033172607422,1.0,0.14222346733902974,0.14222346733902974,0.24902914605731105,1.0,0.28146368508593606,0.28146368508593606,0.4392846841649841,0.7728168089297439,0.5487179487179488,0.47250100361300684,0.6417666303162486,1.0,0.2780447237109592,0.2780447237109592,0.43510953654833345,C:\Users\vaidy\OneDrive\Desktop\Programming\COMPUTER VISION\TumorDetetction\brisc2025\classification_task\test\meningioma\brisc2025_test_00445_me_co_t1.jpg,C:\Users\vaidy\OneDrive\Desktop\Programming\COMPUTER VISION\TumorDetetction\brisc2025\segmentation_task\test\masks\brisc2025_test_00445_me_co_t1.png
brisc2025_test_00446_me_co_t1.jpg,meningioma,1,meningioma,1,True,0.9995362758636475,Large,2.6153564453125,2.48870849609375,0.9339312406576981,0.876051598429613,0.9576946658491723,0.911318553092182,0.9989188681019084,0.9966278076171875,0.2657018303871155,5.536747932434082,5.3616414070129395,1.0,0.0679834999206727,0.0679834999206727,0.1273118918517418,0.6487747957992999,0.10342261904761904,0.09793905231636428,0.1784052623134927,0.10385064177362893,0.039389245408276166,0.02939719240297275,0.05711535376223328,0.6860821581851625,0.10407366071428571,0.09934303977272728,0.18073164822740853,C:\Users\vaidy\OneDrive\Desktop\Programming\COMPUTER VISION\TumorDetetction\brisc2025\classification_task\test\meningioma\brisc2025_test_00446_me_co_t1.jpg,C:\Users\vaidy\OneDrive\Desktop\Programming\COMPUTER VISION\TumorDetetction\brisc2025\segmentation_task\test\masks\brisc2025_test_00446_me_co_t1.png
brisc2025_test_00447_me_co_t1.jpg,meningioma,1,meningioma,1,True,0.9999998807907104,Large,2.70843505859375,2.6702880859375,0.9412765957446808,0.8890675241157556,0.948,0.9346478873239437,0.9985727952823826,0.9968414306640625,0.22921055555343628,10.333292007446289,10.188364028930664,1.0,0.08552156106962178,0.08552156106962178,0.15756768752774078,1.0,0.1735601838271243,0.1735601838271243,0.295784035994001,0.9971830985915493,0.4714970697922216,0.47086991221069435,0.6402604449267498,1.0,0.17111567419575632,0.17111567419575632,0.29222676797194624,C:\Users\vaidy\OneDrive\Desktop\Programming\COMPUTER VISION\TumorDetetction\brisc2025\classification_task\test\meningioma\brisc2025_test_00447_me_co_t1.jpg,C:\Users\vaidy\OneDrive\Desktop\Programming\COMPUTER VISION\TumorDetetction\brisc2025\segmentation_task\test\masks\brisc2025_test_00447_me_co_t1.png
brisc2025_test_00448_me_co_t1.jpg,meningioma,1,meningioma,1,True,0.9998277425765991,Medium,1.51824951171875,1.43890380859375,0.936016511867905,0.8797284190106692,0.9618239660657476,0.9115577889447236,0.9994422150261074,0.99810791015625,0.23634254932403564,5.369461536407471,5.109129905700684,1.0,0.04870527191737236,0.04870527191737236,0.09288648244958925,1.0,0.10104600385904336,0.10104600385904336,0.18354547131525548,0.914572864321608,0.23003033367037412,0.22519178421182875,0.36760250454453647,1.0,0.09576520767746521,0.09576520767746521,0.1747914735866543,C:\Users\vaidy\OneDrive\Desktop\Programming\COMPUTER VISION\TumorDetetction\brisc2025\classification_task\test\meningioma\brisc2025_test_00448_me_co_t1.jpg,C:\Users\vaidy\OneDrive\Desktop\Programming\COMPUTER VISION\TumorDetetction\brisc2025\segmentation_task\test\masks\brisc2025_test_00448_me_co_t1.png
brisc2025_test_00449_me_co_t1.jpg,meningioma,1,meningioma,1,True,0.9886166453361511,Medium,1.12762451171875,1.30157470703125,0.8391959798994975,0.7229437229437229,0.7831184056271981,0.9039242219215156,0.9971449295492075,0.99609375,0.2675457298755646,3.687922239303589,4.263519287109375,1.0,0.027560229730737674,0.027560229730737674,0.05364207164374115,1.0,0.07218911790563641,0.07218911790563641,0.13465743440233235,0.9296346414073072,0.1770162329296573,0.17467581998474446,0.2974025974025974,1.0,0.08332519292761552,0.08332519292761552,0.1538322813345356,C:\Users\vaidy\OneDrive\Desktop\Programming\COMPUTER VISION\TumorDetetction\brisc2025\classification_task\test\meningioma\brisc2025_test_00449_me_co_t1.jpg,C:\Users\vaidy\OneDrive\Desktop\Programming\COMPUTER VISION\TumorDetetction\brisc2025\segmentation_task\test\masks\brisc2025_test_00449_me_co_t1.png
brisc2025_test_00450_me_co_t1.jpg,meningioma,1,meningioma,1,True,0.9999194145202637,Large,2.92205810546875,2.86407470703125,0.9388185654008439,0.8846918489065606,0.94832179009057,0.9295039164490861,0.9984753461907232,0.9964599609375,0.21712538599967957,11.392291069030762,11.190980911254883,1.0,0.10449064222185846,0.10449064222185846,0.18921055231696474,1.0,0.20431025285394216,0.20431025285394216,0.3392983699503898,0.822976501305483,0.4007119247393847,0.36891385767790263,0.5389876880984952,1.0,0.20025605462498666,0.20025605462498666,0.33368888888888887,C:\Users\vaidy\OneDrive\Desktop\Programming\COMPUTER VISION\TumorDetetction\brisc2025\classification_task\test\meningioma\brisc2025_test_00450_me_co_t1.jpg,C:\Users\vaidy\OneDrive\Desktop\Programming\COMPUTER VISION\TumorDetetction\brisc2025\segmentation_task\test\masks\brisc2025_test_00450_me_co_t1.png
brisc2025_test_00451_me_co_t1.jpg,meningioma,1,meningioma,1,True,0.9989476799964905,Large,2.59246826171875,2.69622802734375,0.9301788805539527,0.8694714131607335,0.9122807017543859,0.9487934078869924,0.9975719410373295,0.996307373046875,0.26242223381996155,9.151703834533691,9.569242477416992,1.0,0.0805747889594992,0.0805747889594992,0.1491332016677639,1.0,0.1555718340811281,0.1555718340811281,0.26925515055467514,0.9664508534432019,0.34165626300457763,0.33765165535677566,0.5048424289008455,1.0,0.16179837011262704,0.16179837011262704,0.278530895334174,C:\Users\vaidy\OneDrive\Desktop\Programming\COMPUTER VISION\TumorDetetction\brisc2025\classification_task\test\meningioma\brisc2025_test_00451_me_co_t1.jpg,C:\Users\vaidy\OneDrive\Desktop\Programming\COMPUTER VISION\TumorDetetction\brisc2025\segmentation_task\test\masks\brisc2025_test_00451_me_co_t1.png
brisc2025_test_00452_me_co_t1.jpg,meningioma,1,meningioma,1,True,0.9999995231628418,Small,0.653076171875,0.6561279296875,0.8951048951048951,0.810126582278481,0.8930232558139535,0.897196261682243,0.9992934815998034,0.998626708984375,0.29456955194473267,1.5755553245544434,1.5926899909973145,1.0,0.015046581121462472,0.015046581121462472,0.029647075122086378,1.0,0.03430861723446894,0.03430861723446894,0.06634116097031698,0.26635514018691586,0.02389937106918239,0.022423288749016522,0.04386302424009234,1.0,0.034468937875751504,0.034468937875751504,0.06664083688492832,C:\Users\vaidy\OneDrive\Desktop\Programming\COMPUTER VISION\TumorDetetction\brisc2025\classification_task\test\meningioma\brisc2025_test_00452_me_co_t1.jpg,C:\Users\vaidy\OneDrive\Desktop\Programming\COMPUTER VISION\TumorDetetction\brisc2025\segmentation_task\test\masks\brisc2025_test_00452_me_co_t1.png
brisc2025_test_00453_me_co_t1.jpg,meningioma,1,meningioma,1,True,0.9977723956108093,Medium,1.6204833984375,1.64794921875,0.930905695611578,0.8707423580786027,0.9231481481481482,0.9387947269303202,0.9987126593665664,0.99774169921875,0.25346654653549194,5.819393157958984,5.914941787719727,1.0,0.0491894395553497,0.0491894395553497,0.09376655482959562,1.0,0.10310679611650485,0.10310679611650485,0.18693891920436542,1.0,0.26048565121412803,0.26048565121412803,0.4133099824868651,1.0,0.10485436893203884,0.10485436893203884,0.18980667838312829,C:\Users\vaidy\OneDrive\Desktop\Programming\COMPUTER VISION\TumorDetetction\brisc2025\classification_task\test\meningioma\brisc2025_test_00453_me_co_t1.jpg,C:\Users\vaidy\OneDrive\Desktop\Programming\COMPUTER VISION\TumorDetetction\brisc2025\segmentation_task\test\masks\brisc2025_test_00453_me_co_t1.png
brisc2025_test_00454_me_co_t1.jpg,meningioma,1,meningioma,1,True,0.9989203214645386,Medium,1.7913818359375,1.4068603515625,0.8559160305343512,0.7481234361968306,0.972885032537961,0.7640545144804088,0.999611572045617,0.995391845703125,0.27480781078338623,5.301332473754883,4.299609184265137,1.0,0.0434284023230866,0.0434284023230866,0.08324174850214486,1.0,0.10457865668982719,0.10457865668982719,0.18935483870967743,0.7657580919931857,0.22508763144717076,0.21058795970953384,0.3479102167182663,1.0,0.08213076786032425,0.08213076786032425,0.1517945340796839,C:\Users\vaidy\OneDrive\Desktop\Programming\COMPUTER VISION\TumorDetetction\brisc2025\classification_task\test\meningioma\brisc2025_test_00454_me_co_t1.jpg,C:\Users\vaidy\OneDrive\Desktop\Programming\COMPUTER VISION\TumorDetetction\brisc2025\segmentation_task\test\masks\brisc2025_test_00454_me_co_t1.png
brisc2025_test_00455_me_co_t1.jpg,meningioma,1,meningioma,1,True,0.6081909537315369,Medium,1.3916015625,1.5716552734375,0.7466529351184346,0.5957271980279375,0.7038834951456311,0.7949561403508771,0.9952803911859371,0.99249267578125,0.22633010149002075,4.172449111938477,4.8076910972595215,1.0,0.03667511159367837,0.03667511159367837,0.07075526591411614,0.9671052631578947,0.10685728131814877,0.10647030420086914,0.1924503600261837,0.24890350877192982,0.07310789049919485,0.05989445910290237,0.11301966641772467,0.9650485436893204,0.12042645989823116,0.11990349819059107,0.21413183972425678,C:\Users\vaidy\OneDrive\Desktop\Programming\COMPUTER VISION\TumorDetetction\brisc2025\classification_task\test\meningioma\brisc2025_test_00455_me_co_t1.jpg,C:\Users\vaidy\OneDrive\Desktop\Programming\COMPUTER VISION\TumorDetetction\brisc2025\segmentation_task\test\masks\brisc2025_test_00455_me_co_t1.png
brisc2025_test_00456_me_co_t1.jpg,meningioma,1,meningioma,1,True,0.9999998807907104,Small,0.61798095703125,0.64544677734375,0.8913043478260869,0.803921568627451,0.8723404255319149,0.9111111111111111,0.9991709017211466,0.998626708984375,0.23634468019008636,2.0517678260803223,2.157674551010132,1.0,0.01932067550806221,0.01932067550806221,0.03790892497776946,1.0,0.039100212396215486,0.039100212396215486,0.07525782774319428,0.7111111111111111,0.07130477841049765,0.06929740134744947,0.12961296129612962,1.0,0.04083799961382506,0.04083799961382506,0.07847138484370653,C:\Users\vaidy\OneDrive\Desktop\Programming\COMPUTER VISION\TumorDetetction\brisc2025\classification_task\test\meningioma\brisc2025_test_00456_me_co_t1.jpg,C:\Users\vaidy\OneDrive\Desktop\Programming\COMPUTER VISION\TumorDetetction\brisc2025\segmentation_task\test\masks\brisc2025_test_00456_me_co_t1.png
brisc2025_test_00457_me_co_t1.jpg,meningioma,1,meningioma,1,True,0.9999755620956421,Medium,0.82855224609375,0.92010498046875,0.8726003490401396,0.7739938080495357,0.8291873963515755,0.9208103130755064,0.9984152139461173,0.997772216796875,0.2624669671058655,2.4728119373321533,2.7154078483581543,1.0,0.022878570826662174,0.022878570826662174,0.04473369856242534,1.0,0.049395069589738924,0.049395069589738924,0.09414008321775312,0.6942909760589319,0.0935483870967742,0.08984747378455672,0.16488082221736278,1.0,0.054853088328936594,0.054853088328936594,0.10400137978613315,C:\Users\vaidy\OneDrive\Desktop\Programming\COMPUTER VISION\TumorDetetction\brisc2025\classification_task\test\meningioma\brisc2025_test_00457_me_co_t1.jpg,C:\Users\vaidy\OneDrive\Desktop\Programming\COMPUTER VISION\TumorDetetction\brisc2025\segmentation_task\test\masks\brisc2025_test_00457_me_co_t1.png
brisc2025_test_00458_me_co_t1.jpg,meningioma,1,meningioma,1,True,0.9989193677902222,Medium,1.78985595703125,1.85699462890625,0.9322175732217574,0.8730407523510971,0.9153656532456861,0.9497016197783461,0.9983997016919659,0.997528076171875,0.31712210178375244,4.638028144836426,4.81528377532959,1.0,0.03796853758011264,0.03796853758011264,0.07315932266816354,1.0,0.07625796385385515,0.07625796385385515,0.14170945333736032,0.8132992327365729,0.1882399368587214,0.18044259504444865,0.3057202371414837,1.0,0.0791184501365232,0.0791184501365232,0.14663533947828183,C:\Users\vaidy\OneDrive\Desktop\Programming\COMPUTER VISION\TumorDetetction\brisc2025\classification_task\test\meningioma\brisc2025_test_00458_me_co_t1.jpg,C:\Users\vaidy\OneDrive\Desktop\Programming\COMPUTER VISION\TumorDetetction\brisc2025\segmentation_task\test\masks\brisc2025_test_00458_me_co_t1.png
brisc2025_test_00459_me_co_t1.jpg,meningioma,1,meningioma,1,True,0.9999946355819702,Medium,1.73187255859375,1.92413330078125,0.9165275459098498,0.8459167950693375,0.8707375099127677,0.9674008810572687,0.9974689834008789,0.9969482421875,0.29590585827827454,4.705440044403076,5.101500511169434,1.0,0.038568710072040234,0.038568710072040234,0.07427281353270294,1.0,0.0972829347732922,0.0972829347732922,0.1773160443680675,0.7057268722466961,0.16690977286934777,0.15604909409701928,0.2699696663296259,0.9809674861221253,0.10602554212736778,0.1058078864083483,0.19136757425742573,C:\Users\vaidy\OneDrive\Desktop\Programming\COMPUTER VISION\TumorDetetction\brisc2025\classification_task\test\meningioma\brisc2025_test_00459_me_co_t1.jpg,C:\Users\vaidy\OneDrive\Desktop\Programming\COMPUTER VISION\TumorDetetction\brisc2025\segmentation_task\test\masks\brisc2025_test_00459_me_co_t1.png
brisc2025_test_00460_me_co_t1.jpg,meningioma,1,meningioma,1,True,0.9987850785255432,Small,0.66680908203125,1.29547119140625,0.536547433903577,0.36663124335812963,0.40636042402826855,0.7894736842105263,0.992257945590562,0.99090576171875,0.2810424268245697,1.3013914823532104,2.724186420440674,1.0,0.015247200027912494,0.015247200027912494,0.030036428620523747,0.8649885583524027,0.033825503355704695,0.03364785472672245,0.06510506372717878,0.0,0.0,0.0,0.0,0.9799764428739693,0.07445190156599553,0.07433881343817011,0.1383898868928809,C:\Users\vaidy\OneDrive\Desktop\Programming\COMPUTER VISION\TumorDetetction\brisc2025\classification_task\test\meningioma\brisc2025_test_00460_me_co_t1.jpg,C:\Users\vaidy\OneDrive\Desktop\Programming\COMPUTER VISION\TumorDetetction\brisc2025\segmentation_task\test\masks\brisc2025_test_00460_me_co_t1.png
brisc2025_test_00461_me_co_t1.jpg,meningioma,1,meningioma,1,True,0.9999983310699463,Large,4.04205322265625,4.0863037109375,0.954383330204618,0.9127468581687612,0.9492158327109783,0.9596073990184976,0.9978373908756977,0.9962921142578125,0.22140727937221527,14.331975936889648,14.486408233642578,1.0,0.14102427597955708,0.14102427597955708,0.24718891429104653,1.0,0.2762540410887475,0.2762540410887475,0.4329138748161464,0.627029067572669,0.4359580052493438,0.34618591079616506,0.5143211023378232,1.0,0.27927833976431327,0.27927833976431327,0.43661857014755034,C:\Users\vaidy\OneDrive\Desktop\Programming\COMPUTER VISION\TumorDetetction\brisc2025\classification_task\test\meningioma\brisc2025_test_00461_me_co_t1.jpg,C:\Users\vaidy\OneDrive\Desktop\Programming\COMPUTER VISION\TumorDetetction\brisc2025\segmentation_task\test\masks\brisc2025_test_00461_me_co_t1.png
brisc2025_test_00462_me_co_t1.jpg,meningioma,1,meningioma,1,True,0.9993334412574768,Large,3.77044677734375,3.81622314453125,0.9416733708769107,0.8897757506651464,0.9360255897640943,0.9473897207608256,0.9974629350669943,0.995574951171875,0.24379944801330566,11.949581146240234,11.953817367553711,1.0,0.11697595152433252,0.11697595152433252,0.20945115490570035,0.9898826386078511,0.2361915797605253,0.2356227723726038,0.38138302019178294,0.5892351274787535,0.33325703822384983,0.2704309063893016,0.4257309941520468,0.9628148740503798,0.23252220934723833,0.23045267489711935,0.3745819397993311,C:\Users\vaidy\OneDrive\Desktop\Programming\COMPUTER VISION\TumorDetetction\brisc2025\classification_task\test\meningioma\brisc2025_test_00462_me_co_t1.jpg,C:\Users\vaidy\OneDrive\Desktop\Programming\COMPUTER VISION\TumorDetetction\brisc2025\segmentation_task\test\masks\brisc2025_test_00462_me_co_t1.png
brisc2025_test_00463_me_co_t1.jpg,meningioma,1,meningioma,1,True,0.9984532594680786,Medium,1.2542724609375,1.0894775390625,0.8958333333333334,0.8113207547169812,0.9635854341736695,0.8369829683698297,0.9995982322217758,0.99755859375,0.28328731656074524,3.9680964946746826,3.4500746726989746,1.0,0.023925951798812434,0.023925951798812434,0.04673375405082722,1.0,0.10451366815003178,0.10451366815003178,0.18924830206055024,0.9805352798053528,0.2856130403968816,0.28400281888653983,0.442371020856202,1.0,0.09078194532739987,0.09078194532739987,0.1664529665462175,C:\Users\vaidy\OneDrive\Desktop\Programming\COMPUTER VISION\TumorDetetction\brisc2025\classification_task\test\meningioma\brisc2025_test_00463_me_co_t1.jpg,C:\Users\vaidy\OneDrive\Desktop\Programming\COMPUTER VISION\TumorDetetction\brisc2025\segmentation_task\test\masks\brisc2025_test_00463_me_co_t1.png
brisc2025_test_00464_me_co_t1.jpg,meningioma,1,meningioma,1,True,1.0,Large,3.857421875,3.77044677734375,0.958991798359672,0.9212144504227517,0.9700526102792392,0.9481803797468354,0.9988255459624175,0.9968719482421875,0.22482942044734955,14.769536018371582,14.48997688293457,1.0,0.12820772897859822,0.12820772897859822,0.22727681380922413,1.0,0.24789174347911355,0.24789174347911355,0.3972968725443973,0.8710443037974683,0.5449146250927989,0.504236317838333,0.6704216775764956,1.0,0.24230241223769367,0.24230241223769367,0.39008603678269793,C:\Users\vaidy\OneDrive\Desktop\Programming\COMPUTER VISION\TumorDetetction\brisc2025\classification_task\test\meningioma\brisc2025_test_00464_me_co_t1.jpg,C:\Users\vaidy\OneDrive\Desktop\Programming\COMPUTER VISION\TumorDetetction\brisc2025\segmentation_task\test\masks\brisc2025_test_00464_me_co_t1.png
brisc2025_test_00465_me_co_t1.jpg,meningioma,1,meningioma,1,True,0.9999740123748779,Large,2.9205322265625,2.886962890625,0.9485023646873357,0.9020489755122438,0.9540169133192389,0.9430512016718914,0.9986325484895162,0.99700927734375,0.239808589220047,10.861303329467773,10.723588943481445,1.0,0.09194850115295926,0.09194850115295926,0.16841179058512978,1.0,0.18801571709233791,0.18801571709233791,0.31652058872168015,0.9294670846394985,0.3918502202643172,0.3805347593582888,0.5512860241710567,1.0,0.18585461689587426,0.18585461689587426,0.31345261762756793,C:\Users\vaidy\OneDrive\Desktop\Programming\COMPUTER VISION\TumorDetetction\brisc2025\classification_task\test\meningioma\brisc2025_test_00465_me_co_t1.jpg,C:\Users\vaidy\OneDrive\Desktop\Programming\COMPUTER VISION\TumorDetetction\brisc2025\segmentation_task\test\masks\brisc2025_test_00465_me_co_t1.png
brisc2025_test_00466_me_co_t1.jpg,meningioma,1,meningioma,1,True,0.999687910079956,Small,0.59967041015625,0.68206787109375,0.8714285714285714,0.7721518987341772,0.8187919463087249,0.9312977099236641,0.998756581674163,0.99835205078125,0.2845631241798401,1.9118620157241821,2.169088363647461,1.0,0.014386645678515211,0.014386645678515211,0.028365211115120893,1.0,0.03181155900922778,0.03181155900922778,0.06166156742763003,1.0,0.08008966782147951,0.08008966782147951,0.14830188679245282,1.0,0.036182612918892666,0.036182612918892666,0.06983829388329037,C:\Users\vaidy\OneDrive\Desktop\Programming\COMPUTER VISION\TumorDetetction\brisc2025\classification_task\test\meningioma\brisc2025_test_00466_me_co_t1.jpg,C:\Users\vaidy\OneDrive\Desktop\Programming\COMPUTER VISION\TumorDetetction\brisc2025\segmentation_task\test\masks\brisc2025_test_00466_me_co_t1.png
brisc2025_test_00467_me_co_t1.jpg,meningioma,1,meningioma,1,True,0.9995115995407104,Large,4.8858642578125,3.826904296875,0.8581436077057794,0.7515337423312883,0.9768740031897927,0.7651467832604623,0.9990695286681426,0.987640380859375,0.2643435597419739,15.069462776184082,12.291582107543945,1.0,0.14042012015962813,0.14042012015962813,0.24626033455104787,0.9968769519050593,0.2910549831312118,0.2907898332877836,0.4505610840567436,0.7070580886945659,0.48761576566874865,0.4056620677297975,0.577182919056724,1.0,0.22868605817452356,0.22868605817452356,0.3722448979591837,C:\Users\vaidy\OneDrive\Desktop\Programming\COMPUTER VISION\TumorDetetction\brisc2025\classification_task\test\meningioma\brisc2025_test_00467_me_co_t1.jpg,C:\Users\vaidy\OneDrive\Desktop\Programming\COMPUTER VISION\TumorDetetction\brisc2025\segmentation_task\test\masks\brisc2025_test_00467_me_co_t1.png
brisc2025_test_00468_me_co_t1.jpg,meningioma,1,meningioma,1,True,0.9999945163726807,Large,3.84979248046875,3.82232666015625,0.9550517104216388,0.9139703083365055,0.9584830339321357,0.9516448672215616,0.9983495469188898,0.996551513671875,0.22176872193813324,14.036397933959961,13.938758850097656,1.0,0.1329364033932241,0.1329364033932241,0.23467584410752487,1.0,0.2599155248789533,0.2599155248789533,0.41259198691741616,0.7031311930241776,0.4460648730198642,0.37537029200169275,0.5458461538461539,1.0,0.2580611929535387,0.2580611929535387,0.410252210940059,C:\Users\vaidy\OneDrive\Desktop\Programming\COMPUTER VISION\TumorDetetction\brisc2025\classification_task\test\meningioma\brisc2025_test_00468_me_co_t1.jpg,C:\Users\vaidy\OneDrive\Desktop\Programming\COMPUTER VISION\TumorDetetction\brisc2025\segmentation_task\test\masks\brisc2025_test_00468_me_co_t1.png
brisc2025_test_00469_me_co_t1.jpg,meningioma,1,meningioma,1,True,0.9999995231628418,Medium,1.93939208984375,1.90277099609375,0.9388403494837172,0.8847305389221557,0.9478748997594226,0.9299763965381589,0.9989885629814051,0.997650146484375,0.1981811374425888,8.608298301696777,8.480104446411133,1.0,0.07315107913669065,0.07315107913669065,0.13632950766920518,1.0,0.14545662623025865,0.14545662623025865,0.2539714257168548,0.99213217938631,0.38645418326693226,0.3852734494347693,0.5562417291574768,1.0,0.14271000228885328,0.14271000228885328,0.24977466199298948,C:\Users\vaidy\OneDrive\Desktop\Programming\COMPUTER VISION\TumorDetetction\brisc2025\classification_task\test\meningioma\brisc2025_test_00469_me_co_t1.jpg,C:\Users\vaidy\OneDrive\Desktop\Programming\COMPUTER VISION\TumorDetetction\brisc2025\segmentation_task\test\masks\brisc2025_test_00469_me_co_t1.png
brisc2025_test_00470_me_co_t1.jpg,meningioma,1,meningioma,1,True,0.9999194145202637,Medium,0.74462890625,0.7537841796875,0.8940936863543788,0.8084714548802947,0.888663967611336,0.8995901639344263,0.9991544705448284,0.9984130859375,0.2781328856945038,2.4338772296905518,2.473968267440796,1.0,0.021149345583773946,0.021149345583773946,0.041422629657923773,1.0,0.04567577686259828,0.04567577686259828,0.08736126029359112,1.0,0.09640458316870802,0.09640458316870802,0.17585585585585586,1.0,0.04623736428304006,0.04623736428304006,0.08838790481302558,C:\Users\vaidy\OneDrive\Desktop\Programming\COMPUTER VISION\TumorDetetction\brisc2025\classification_task\test\meningioma\brisc2025_test_00470_me_co_t1.jpg,C:\Users\vaidy\OneDrive\Desktop\Programming\COMPUTER VISION\TumorDetetction\brisc2025\segmentation_task\test\masks\brisc2025_test_00470_me_co_t1.png
brisc2025_test_00471_me_co_t1.jpg,meningioma,1,meningioma,1,True,0.9999995231628418,Medium,1.35498046875,0.52337646484375,0.4744110479285134,0.3109691160809372,0.8513119533527697,0.32882882882882886,0.9992111124860784,0.9901275634765625,0.2808644771575928,4.294060707092285,1.7223352193832397,1.0,0.03414202775962167,0.03414202775962167,0.06602966873629029,1.0,0.07402467489163055,0.07402467489163055,0.13784538963054951,0.9966216216216216,0.19089732528041414,0.19077387367967236,0.32041998551774076,1.0,0.028592864288096032,0.028592864288096032,0.055596077477915555,C:\Users\vaidy\OneDrive\Desktop\Programming\COMPUTER VISION\TumorDetetction\brisc2025\classification_task\test\meningioma\brisc2025_test_00471_me_co_t1.jpg,C:\Users\vaidy\OneDrive\Desktop\Programming\COMPUTER VISION\TumorDetetction\brisc2025\segmentation_task\test\masks\brisc2025_test_00471_me_co_t1.png
brisc2025_test_00472_me_co_t1.jpg,meningioma,1,meningioma,1,True,1.0,Large,2.5146484375,2.4322509765625,0.9506477483035164,0.9059376837154615,0.966750313676286,0.9350728155339806,0.9991704232406712,0.99755859375,0.2121066004037857,10.450925827026367,10.145593643188477,1.0,0.08635053707099817,0.08635053707099817,0.15897361693917908,1.0,0.18046430135786246,0.18046430135786246,0.3057513914656772,0.9945388349514563,0.4813509544787078,0.4800820152314001,0.6487235305758955,1.0,0.17455102934734998,0.17455102934734998,0.2972217042699981,C:\Users\vaidy\OneDrive\Desktop\Programming\COMPUTER VISION\TumorDetetction\brisc2025\classification_task\test\meningioma\brisc2025_test_00472_me_co_t1.jpg,C:\Users\vaidy\OneDrive\Desktop\Programming\COMPUTER VISION\TumorDetetction\brisc2025\segmentation_task\test\masks\brisc2025_test_00472_me_co_t1.png
brisc2025_test_00473_me_co_t1.jpg,meningioma,1,meningioma,1,True,0.9999997615814209,Large,3.66668701171875,3.7017822265625,0.9542348312279975,0.9124752475247525,0.9497114591920858,0.9588014981273408,0.9980675716344859,0.9966278076171875,0.2351849526166916,13.686429977416992,13.779671669006348,1.0,0.11891330166270783,0.11891330166270783,0.21255141302905664,1.0,0.23072491598655784,0.23072491598655784,0.37494148853175224,0.8822305451518935,0.46892280468922803,0.4412989175686928,0.6123627960716349,1.0,0.2329332693230917,0.2329332693230917,0.3778521921968694,C:\Users\vaidy\OneDrive\Desktop\Programming\COMPUTER VISION\TumorDetetction\brisc2025\classification_task\test\meningioma\brisc2025_test_00473_me_co_t1.jpg,C:\Users\vaidy\OneDrive\Desktop\Programming\COMPUTER VISION\TumorDetetction\brisc2025\segmentation_task\test\masks\brisc2025_test_00473_me_co_t1.png
brisc2025_test_00474_me_co_t1.jpg,meningioma,1,meningioma,1,True,0.9999994039535522,Large,2.716064453125,2.7801513671875,0.9489172681843421,0.9027997886951928,0.937980241492865,0.9601123595505618,0.9982276177928352,0.9971923828125,0.23308150470256805,10.547842979431152,10.832706451416016,1.0,0.09150259600061687,0.09150259600061687,0.1676635425987849,1.0,0.167104769057454,0.167104769057454,0.28635778635778636,0.9410112359550562,0.3254322906547503,0.31892612338156895,0.48361484047928394,1.0,0.17104769057454,0.17104769057454,0.2921276254609588,C:\Users\vaidy\OneDrive\Desktop\Programming\COMPUTER VISION\TumorDetetction\brisc2025\classification_task\test\meningioma\brisc2025_test_00474_me_co_t1.jpg,C:\Users\vaidy\OneDrive\Desktop\Programming\COMPUTER VISION\TumorDetetction\brisc2025\segmentation_task\test\masks\brisc2025_test_00474_me_co_t1.png
brisc2025_test_00475_me_co_t1.jpg,meningioma,1,meningioma,1,True,0.9999288320541382,Medium,0.89111328125,1.0528564453125,0.8398744113029827,0.7239512855209743,0.7753623188405797,0.916095890410959,0.9976136223672866,0.99688720703125,0.27353429794311523,2.483114242553711,2.6924540996551514,1.0,0.02188003446854745,0.02188003446854745,0.0428230980751604,1.0,0.053994082840236685,0.053994082840236685,0.10245614035087719,0.583904109589041,0.08589420654911839,0.08093994778067885,0.1497584541062802,0.8521739130434782,0.05436390532544379,0.0538560175856384,0.10220754389014428,C:\Users\vaidy\OneDrive\Desktop\Programming\COMPUTER VISION\TumorDetetction\brisc2025\classification_task\test\meningioma\brisc2025_test_00475_me_co_t1.jpg,C:\Users\vaidy\OneDrive\Desktop\Programming\COMPUTER VISION\TumorDetetction\brisc2025\segmentation_task\test\masks\brisc2025_test_00475_me_co_t1.png
brisc2025_test_00476_me_co_t1.jpg,meningioma,1,meningioma,1,True,0.9999963045120239,Medium,1.202392578125,1.24359130859375,0.9295071740486588,0.8682983682983683,0.9141104294478528,0.9454314720812182,0.9989188855254216,0.9982757568359375,0.26221615076065063,4.161423206329346,4.295411109924316,1.0,0.034728955486998676,0.034728955486998676,0.06712667177783457,1.0,0.06580925338232838,0.06580925338232838,0.12349161573421094,1.0,0.1745680106335844,0.1745680106335844,0.2972463221425877,1.0,0.06806413896776349,0.06806413896776349,0.12745328016263976,C:\Users\vaidy\OneDrive\Desktop\Programming\COMPUTER VISION\TumorDetetction\brisc2025\classification_task\test\meningioma\brisc2025_test_00476_me_co_t1.jpg,C:\Users\vaidy\OneDrive\Desktop\Programming\COMPUTER VISION\TumorDetetction\brisc2025\segmentation_task\test\masks\brisc2025_test_00476_me_co_t1.png
brisc2025_test_00477_me_co_t1.jpg,meningioma,1,meningioma,1,True,1.0,Large,3.33709716796875,3.46527099609375,0.9470614625392553,0.8994461014060503,0.9295464553060326,0.965249199817101,0.9974743089867243,0.99639892578125,0.20799842476844788,13.64121150970459,14.091083526611328,1.0,0.12170283806343907,0.12170283806343907,0.21699657687155827,1.0,0.21692124578456656,0.21692124578456656,0.35650827288287557,0.7956104252400549,0.42952357442606764,0.38683859493108047,0.5578711125360692,1.0,0.22525292600674468,0.22525292600674468,0.36768396340969806,C:\Users\vaidy\OneDrive\Desktop\Programming\COMPUTER VISION\TumorDetetction\brisc2025\classification_task\test\meningioma\brisc2025_test_00477_me_co_t1.jpg,C:\Users\vaidy\OneDrive\Desktop\Programming\COMPUTER VISION\TumorDetetction\brisc2025\segmentation_task\test\masks\brisc2025_test_00477_me_co_t1.png
brisc2025_test_00478_me_sa_t1.jpg,meningioma,1,meningioma,1,True,0.9999966621398926,Large,3.839111328125,3.656005859375,0.9507328990228013,0.906092355452076,0.9745409015025042,0.928060413354531,0.9990320533164075,0.996307373046875,0.21650490164756775,14.251791000366211,13.69033432006836,1.0,0.1368879216539717,0.1368879216539717,0.24081163859111793,1.0,0.2563945786201977,0.2563945786201977,0.408143401735745,0.6903815580286169,0.5078947368421053,0.4136699214098595,0.5852425876010782,1.0,0.2441659023744013,0.2441659023744013,0.39249733802932263,C:\Users\vaidy\OneDrive\Desktop\Programming\COMPUTER VISION\TumorDetetction\brisc2025\classification_task\test\meningioma\brisc2025_test_00478_me_sa_t1.jpg,C:\Users\vaidy\OneDrive\Desktop\Programming\COMPUTER VISION\TumorDetetction\brisc2025\segmentation_task\test\masks\brisc2025_test_00478_me_sa_t1.png
brisc2025_test_00479_me_sa_t1.jpg,meningioma,1,meningioma,1,True,0.9999997615814209,Large,4.13055419921875,3.93218994140625,0.9345193035579107,0.8770870337477797,0.9580908032596042,0.912079793128925,0.9982810485603781,0.994720458984375,0.19531847536563873,18.20570945739746,17.43391990661621,1.0,0.15126285203397408,0.15126285203397408,0.2627772654467796,1.0,0.27086251751050633,0.27086251751050633,0.42626564837414377,0.9471739933505726,0.7374173137762439,0.7082872928176795,0.8292367399741267,0.9992239037640668,0.2576545927556534,0.2576030412164866,0.4096730570360353,C:\Users\vaidy\OneDrive\Desktop\Programming\COMPUTER VISION\TumorDetetction\brisc2025\classification_task\test\meningioma\brisc2025_test_00479_me_sa_t1.jpg,C:\Users\vaidy\OneDrive\Desktop\Programming\COMPUTER VISION\TumorDetetction\brisc2025\segmentation_task\test\masks\brisc2025_test_00479_me_sa_t1.png
brisc2025_test_00480_me_sa_t1.jpg,meningioma,1,meningioma,1,True,0.9999942779541016,Large,6.06689453125,5.39703369140625,0.914148808731532,0.8418730080902181,0.9708792762227877,0.863682092555332,0.9983268356075373,0.9901580810546875,0.26599952578544617,19.688705444335938,17.76201629638672,1.0,0.14475025484199797,0.14475025484199797,0.25289403383793413,1.0,0.35307699138620013,0.35307699138620013,0.5218875106648291,0.9009054325955734,0.7940589669696297,0.7302752293577982,0.8441145281018028,0.9974554707379135,0.3132936684131072,0.3130434782608696,0.4768211920529801,C:\Users\vaidy\OneDrive\Desktop\Programming\COMPUTER VISION\TumorDetetction\brisc2025\classification_task\test\meningioma\brisc2025_test_00480_me_sa_t1.jpg,C:\Users\vaidy\OneDrive\Desktop\Programming\COMPUTER VISION\TumorDetetction\brisc2025\segmentation_task\test\masks\brisc2025_test_00480_me_sa_t1.png
brisc2025_test_00481_me_sa_t1.jpg,meningioma,1,meningioma,1,True,1.0,Large,3.58123779296875,3.363037109375,0.926829268292683,0.8636363636363636,0.9568965517241379,0.8985939497230507,0.9984965737707512,0.9949188232421875,0.19805963337421417,14.82381820678711,14.169134140014648,1.0,0.12419960840345028,0.12419960840345028,0.22095650536622105,0.985939497230507,0.22113914373088686,0.22044393636277032,0.3612520490203731,0.786109927567107,0.5088251516822946,0.44694767441860467,0.6177800100452034,1.0,0.2106269113149847,0.2106269113149847,0.34796337227660246,C:\Users\vaidy\OneDrive\Desktop\Programming\COMPUTER VISION\TumorDetetction\brisc2025\classification_task\test\meningioma\brisc2025_test_00481_me_sa_t1.jpg,C:\Users\vaidy\OneDrive\Desktop\Programming\COMPUTER VISION\TumorDetetction\brisc2025\segmentation_task\test\masks\brisc2025_test_00481_me_sa_t1.png
brisc2025_test_00482_me_sa_t1.jpg,meningioma,1,meningioma,1,True,0.9996750354766846,Medium,2.11639404296875,1.5350341796875,0.8332636857501045,0.7141833810888252,0.9910536779324056,0.718817591925018,0.9998597016321377,0.9939117431640625,0.30483028292655945,5.601803779602051,4.148218631744385,1.0,0.03956639566395664,0.03956639566395664,0.07612095933263817,1.0,0.13166888171634708,0.13166888171634708,0.23269859911081286,0.7822638788752704,0.2829942618675013,0.26233075435203096,0.41562918981038116,1.0,0.09550028479210176,0.09550028479210176,0.17435008665511265,C:\Users\vaidy\OneDrive\Desktop\Programming\COMPUTER VISION\TumorDetetction\brisc2025\classification_task\test\meningioma\brisc2025_test_00482_me_sa_t1.jpg,C:\Users\vaidy\OneDrive\Desktop\Programming\COMPUTER VISION\TumorDetetction\brisc2025\segmentation_task\test\masks\brisc2025_test_00482_me_sa_t1.png
brisc2025_test_00483_me_sa_t1.jpg,meningioma,1,meningioma,1,True,0.9999935626983643,Medium,1.07879638671875,1.35040283203125,0.8278894472361809,0.7063236870310825,0.7446327683615819,0.9321074964639321,0.9965139058137562,0.995819091796875,0.32499146461486816,2.7522337436676025,3.4145779609680176,1.0,0.020184429154652125,0.020184429154652125,0.0395701572731852,1.0,0.05417624521072797,0.05417624521072797,0.1027840372174166,0.8642149929278642,0.11157779401022644,0.1096554199569275,0.19763868672165616,1.0,0.067816091954023,0.067816091954023,0.12701829924650163,C:\Users\vaidy\OneDrive\Desktop\Programming\COMPUTER VISION\TumorDetetction\brisc2025\classification_task\test\meningioma\brisc2025_test_00483_me_sa_t1.jpg,C:\Users\vaidy\OneDrive\Desktop\Programming\COMPUTER VISION\TumorDetetction\brisc2025\segmentation_task\test\masks\brisc2025_test_00483_me_sa_t1.png
brisc2025_test_00484_me_sa_t1.jpg,meningioma,1,meningioma,1,True,1.0,Large,2.60162353515625,2.276611328125,0.9020957147325618,0.8216524216524217,0.9664879356568364,0.8457478005865102,0.9992166815497172,0.9952239990234375,0.18922917544841766,12.140453338623047,10.793533325195312,1.0,0.10619083208769307,0.10619083208769307,0.19199369404875852,1.0,0.16221101702977833,0.16221101702977833,0.27914210870988865,0.950733137829912,0.43905742145178767,0.4292902542372881,0.600704094867519,1.0,0.14194653220435735,0.14194653220435735,0.24860451553778223,C:\Users\vaidy\OneDrive\Desktop\Programming\COMPUTER VISION\TumorDetetction\brisc2025\classification_task\test\meningioma\brisc2025_test_00484_me_sa_t1.jpg,C:\Users\vaidy\OneDrive\Desktop\Programming\COMPUTER VISION\TumorDetetction\brisc2025\segmentation_task\test\masks\brisc2025_test_00484_me_sa_t1.png
brisc2025_test_00485_me_sa_t1.jpg,meningioma,1,meningioma,1,True,0.9999969005584717,Medium,2.08892822265625,1.89971923828125,0.9196633511859219,0.8512747875354107,0.9654618473895582,0.8780131482834186,0.9993298736110462,0.996795654296875,0.2007317692041397,9.340142250061035,8.550827026367188,1.0,0.07472707423580786,0.07472707423580786,0.13906242064096705,1.0,0.14698303628945672,0.14698303628945672,0.2562950482074324,0.997808619430241,0.35169927909371784,0.35142783637766917,0.5200837616600038,1.0,0.13366974447068927,0.13366974447068927,0.2358177857751681,C:\Users\vaidy\OneDrive\Desktop\Programming\COMPUTER VISION\TumorDetetction\brisc2025\classification_task\test\meningioma\brisc2025_test_00485_me_sa_t1.jpg,C:\Users\vaidy\OneDrive\Desktop\Programming\COMPUTER VISION\TumorDetetction\brisc2025\segmentation_task\test\masks\brisc2025_test_00485_me_sa_t1.png
brisc2025_test_00486_me_sa_t1.jpg,meningioma,1,meningioma,1,True,1.0,Large,3.63616943359375,3.41796875,0.9331602855288773,0.8746958637469586,0.9629464285714285,0.9051615610574906,0.9986857314775228,0.9952850341796875,0.19548508524894714,15.137650489807129,14.465827941894531,1.0,0.1281045048919471,0.1281045048919471,0.22711460567071717,0.9798573227024758,0.2265670483213662,0.225516708518447,0.368035306170699,0.7683592110784725,0.5090353072004448,0.4413111593154977,0.6123745819397993,0.9991071428571429,0.2171550553075878,0.2171129220023283,0.3567670970827355,C:\Users\vaidy\OneDrive\Desktop\Programming\COMPUTER VISION\TumorDetetction\brisc2025\classification_task\test\meningioma\brisc2025_test_00486_me_sa_t1.jpg,C:\Users\vaidy\OneDrive\Desktop\Programming\COMPUTER VISION\TumorDetetction\brisc2025\segmentation_task\test\masks\brisc2025_test_00486_me_sa_t1.png
brisc2025_test_00487_me_sa_t1.jpg,meningioma,1,meningioma,1,True,1.0,Medium,2.008056640625,1.9256591796875,0.9076803723816912,0.8309659090909091,0.9270998415213946,0.8890577507598785,0.9985674244783557,0.996368408203125,0.22352774441242218,7.994695663452148,7.702289581298828,1.0,0.07527312246182005,0.07527312246182005,0.14000744720463854,1.0,0.13251434900815628,0.13251434900815628,0.23401796034498087,0.9870820668693009,0.30825818699572854,0.30701961711179393,0.4698010849909584,1.0,0.1270768301278824,0.1270768301278824,0.22549807915661574,C:\Users\vaidy\OneDrive\Desktop\Programming\COMPUTER VISION\TumorDetetction\brisc2025\classification_task\test\meningioma\brisc2025_test_00487_me_sa_t1.jpg,C:\Users\vaidy\OneDrive\Desktop\Programming\COMPUTER VISION\TumorDetetction\brisc2025\segmentation_task\test\masks\brisc2025_test_00487_me_sa_t1.png
brisc2025_test_00488_me_sa_t1.jpg,meningioma,1,meningioma,1,True,0.9999972581863403,Large,5.20172119140625,5.58319091796875,0.8664402942840973,0.764353469795307,0.8368406668488658,0.8982106189498387,0.9903906514076005,0.985595703125,0.32509127259254456,13.00366497039795,12.770626068115234,1.0,0.10097748815165877,0.10097748815165877,0.18343243025101563,1.0,0.2810155799192152,0.2810155799192152,0.43873873873873875,0.7054854796127896,0.5114844746916206,0.42148615492464075,0.5930218222167427,0.8636239409674774,0.26048965460390733,0.2501979414093428,0.40025332488917037,C:\Users\vaidy\OneDrive\Desktop\Programming\COMPUTER VISION\TumorDetetction\brisc2025\classification_task\test\meningioma\brisc2025_test_00488_me_sa_t1.jpg,C:\Users\vaidy\OneDrive\Desktop\Programming\COMPUTER VISION\TumorDetetction\brisc2025\segmentation_task\test\masks\brisc2025_test_00488_me_sa_t1.png
brisc2025_test_00489_me_sa_t1.jpg,meningioma,1,meningioma,1,True,0.9996140599250793,Medium,2.12554931640625,2.1240234375,0.9364452423698384,0.8804861580013504,0.9367816091954023,0.9361091170136396,0.9986280654163354,0.9972991943359375,0.20693932473659515,9.444876670837402,9.433237075805664,1.0,0.0765805387575591,0.0765805387575591,0.14226625134044835,1.0,0.1411061588330632,0.1411061588330632,0.24731469152241456,0.9748743718592965,0.32691381800674046,0.3241823824301743,0.4896340364160808,1.0,0.14100486223662884,0.14100486223662884,0.2471590909090909,C:\Users\vaidy\OneDrive\Desktop\Programming\COMPUTER VISION\TumorDetetction\brisc2025\classification_task\test\meningioma\brisc2025_test_00489_me_sa_t1.jpg,C:\Users\vaidy\OneDrive\Desktop\Programming\COMPUTER VISION\TumorDetetction\brisc2025\segmentation_task\test\masks\brisc2025_test_00489_me_sa_t1.png
brisc2025_test_00490_me_sa_t1.jpg,meningioma,1,meningioma,1,True,0.9192866086959839,Large,3.01055908203125,2.6397705078125,0.9046718876586551,0.8259368836291914,0.9682080924855492,0.8489609731373543,0.9991347167377248,0.9946136474609375,0.30839717388153076,3.127572774887085,2.723346471786499,0.8499746578813989,0.05572724553882963,0.05518444173878706,0.10459676916360007,0.0010136847440446021,0.00018606381989022235,0.00015723270440251572,0.00031441597233139445,0.0,0.0,0.0,0.0,0.0,0.0,0.0,0.0,C:\Users\vaidy\OneDrive\Desktop\Programming\COMPUTER VISION\TumorDetetction\brisc2025\classification_task\test\meningioma\brisc2025_test_00490_me_sa_t1.jpg,C:\Users\vaidy\OneDrive\Desktop\Programming\COMPUTER VISION\TumorDetetction\brisc2025\segmentation_task\test\masks\brisc2025_test_00490_me_sa_t1.png
brisc2025_test_00491_me_sa_t1.jpg,meningioma,1,meningioma,1,True,1.0,Large,3.55377197265625,3.33099365234375,0.9375,0.8823529411764706,0.9688502061383417,0.9081150708458566,0.9989241697913206,0.995697021484375,0.18503683805465698,16.269664764404297,15.459200859069824,1.0,0.13865571232958265,0.13865571232958265,0.24354282129039004,1.0,0.2390434157856923,0.2390434157856923,0.3858515573227303,0.8784886217260627,0.4627912237050441,0.43494897959183676,0.6062222222222222,1.0,0.22405829826542134,0.22405829826542134,0.36609089384537985,C:\Users\vaidy\OneDrive\Desktop\Programming\COMPUTER VISION\TumorDetetction\brisc2025\classification_task\test\meningioma\brisc2025_test_00491_me_sa_t1.jpg,C:\Users\vaidy\OneDrive\Desktop\Programming\COMPUTER VISION\TumorDetetction\brisc2025\segmentation_task\test\masks\brisc2025_test_00491_me_sa_t1.png
brisc2025_test_00492_me_sa_t1.jpg,meningioma,1,meningioma,1,True,0.9999990463256836,Large,4.99114990234375,4.47998046875,0.9192846785886902,0.8506261180679785,0.9717302452316077,0.8722103332314277,0.9986669878744078,0.9923553466796875,0.22299900650978088,18.693769454956055,16.97773551940918,1.0,0.17559587717414646,0.17559587717414646,0.29873510205945475,1.0,0.32927320314072883,0.32927320314072883,0.49541840212040894,0.7832467135432589,0.6192893401015228,0.5286834502682625,0.6916846652267818,1.0,0.2955506341856251,0.2955506341856251,0.45625485625485623,C:\Users\vaidy\OneDrive\Desktop\Programming\COMPUTER VISION\TumorDetetction\brisc2025\classification_task\test\meningioma\brisc2025_test_00492_me_sa_t1.jpg,C:\Users\vaidy\OneDrive\Desktop\Programming\COMPUTER VISION\TumorDetetction\brisc2025\segmentation_task\test\masks\brisc2025_test_00492_me_sa_t1.png
brisc2025_test_00493_me_sa_t1.jpg,meningioma,1,meningioma,1,True,0.9999934434890747,Large,8.45794677734375,0.84686279296875,0.019350606756313546,0.00976982944196059,0.1063063063063063,0.010644055565578207,0.9917323687763573,0.90875244140625,0.24174797534942627,26.820770263671875,2.136845588684082,1.0,0.2847967939166624,0.2847967939166624,0.44333359993601534,0.9444344217932528,0.5234476552344766,0.5078087108351925,0.6735717961914565,0.593180588129172,0.7978645959718514,0.5156838143036386,0.6804635761589404,0.8342342342342343,0.046295370462953706,0.045873377588427626,0.08772262220538082,C:\Users\vaidy\OneDrive\Desktop\Programming\COMPUTER VISION\TumorDetetction\brisc2025\classification_task\test\meningioma\brisc2025_test_00493_me_sa_t1.jpg,C:\Users\vaidy\OneDrive\Desktop\Programming\COMPUTER VISION\TumorDetetction\brisc2025\segmentation_task\test\masks\brisc2025_test_00493_me_sa_t1.png
brisc2025_test_00494_me_sa_t1.jpg,meningioma,1,meningioma,1,True,0.9994401335716248,Large,2.2064208984375,2.21710205078125,0.9430838220075888,0.8922976501305483,0.9408121128699243,0.9453665283540802,0.998658136994851,0.9974822998046875,0.2612263858318329,7.081243515014648,7.134634971618652,1.0,0.0611985779583545,0.0611985779583545,0.11533859775065805,1.0,0.1381352693924341,0.1381352693924341,0.24273963404398188,0.8077455048409405,0.28432327166504384,0.2663018695850433,0.420597767374865,1.0,0.1388039740160489,0.1388039740160489,0.24377149567989262,C:\Users\vaidy\OneDrive\Desktop\Programming\COMPUTER VISION\TumorDetetction\brisc2025\classification_task\test\meningioma\brisc2025_test_00494_me_sa_t1.jpg,C:\Users\vaidy\OneDrive\Desktop\Programming\COMPUTER VISION\TumorDetetction\brisc2025\segmentation_task\test\masks\brisc2025_test_00494_me_sa_t1.png
brisc2025_test_00495_me_sa_t1.jpg,meningioma,1,meningioma,1,True,0.9999982118606567,Large,2.3345947265625,2.37579345703125,0.919987042436022,0.8518296340731853,0.9120102761721259,0.9281045751633987,0.9978595756647815,0.9962310791015625,0.23941698670387268,8.648802757263184,8.791708946228027,1.0,0.07171650885909815,0.07171650885909815,0.13383484954513647,1.0,0.15118577075098813,0.15118577075098813,0.2626609442060086,0.9993464052287582,0.415263443780554,0.41515069237035024,0.5867229470452802,1.0,0.15385375494071146,0.15385375494071146,0.26667808512460395,C:\Users\vaidy\OneDrive\Desktop\Programming\COMPUTER VISION\TumorDetetction\brisc2025\classification_task\test\meningioma\brisc2025_test_00495_me_sa_t1.jpg,C:\Users\vaidy\OneDrive\Desktop\Programming\COMPUTER VISION\TumorDetetction\brisc2025\segmentation_task\test\masks\brisc2025_test_00495_me_sa_t1.png
brisc2025_test_00496_me_sa_t1.jpg,meningioma,1,meningioma,1,True,0.9999967813491821,Large,2.6214599609375,2.71759033203125,0.9122606458988283,0.8386757750919601,0.8961257720381808,0.9289871944121071,0.9971011313422545,0.9953155517578125,0.2365216165781021,9.886167526245117,10.253841400146484,1.0,0.08267962847105251,0.08267962847105251,0.15273147530781883,1.0,0.168414861288109,0.168414861288109,0.28827921805520595,0.9976717112922002,0.39575155853151694,0.3953863898500577,0.5667052405356258,1.0,0.17459072639937262,0.17459072639937262,0.2972792522116508,C:\Users\vaidy\OneDrive\Desktop\Programming\COMPUTER VISION\TumorDetetction\brisc2025\classification_task\test\meningioma\brisc2025_test_00496_me_sa_t1.jpg,C:\Users\vaidy\OneDrive\Desktop\Programming\COMPUTER VISION\TumorDetetction\brisc2025\segmentation_task\test\masks\brisc2025_test_00496_me_sa_t1.png
brisc2025_test_00497_me_sa_t1.jpg,meningioma,1,meningioma,1,True,0.999998927116394,Medium,1.67083740234375,1.61895751953125,0.9387755102040817,0.8846153846153846,0.9538171536286523,0.9242009132420091,0.9992396145311215,0.99798583984375,0.25061410665512085,6.338451862335205,6.156525611877441,1.0,0.049940709659764666,0.049940709659764666,0.09513053299161635,1.0,0.09580890716598127,0.09580890716598127,0.17486426061961036,1.0,0.2169175911251981,0.2169175911251981,0.35650333713169463,1.0,0.09283401872429783,0.09283401872429783,0.16989591673338672,C:\Users\vaidy\OneDrive\Desktop\Programming\COMPUTER VISION\TumorDetetction\brisc2025\classification_task\test\meningioma\brisc2025_test_00497_me_sa_t1.jpg,C:\Users\vaidy\OneDrive\Desktop\Programming\COMPUTER VISION\TumorDetetction\brisc2025\segmentation_task\test\masks\brisc2025_test_00497_me_sa_t1.png
brisc2025_test_00498_me_sa_t1.jpg,meningioma,1,meningioma,1,True,1.0,Large,3.6285400390625,3.5919189453125,0.9611158072696534,0.9251423921887714,0.9660152931180969,0.9562657695542472,0.9987333354444409,0.9971923828125,0.22571596503257751,14.411274909973145,14.31447982788086,1.0,0.120551556321606,0.120551556321606,0.2151646760767282,1.0,0.22286785379568885,0.22286785379568885,0.3645003065603924,0.924726661059714,0.468370607028754,0.45116947066064833,0.6218012158914181,1.0,0.22061855670103092,0.22061855670103092,0.3614864864864865,C:\Users\vaidy\OneDrive\Desktop\Programming\COMPUTER VISION\TumorDetetction\brisc2025\classification_task\test\meningioma\brisc2025_test_00498_me_sa_t1.jpg,C:\Users\vaidy\OneDrive\Desktop\Programming\COMPUTER VISION\TumorDetetction\brisc2025\segmentation_task\test\masks\brisc2025_test_00498_me_sa_t1.png
brisc2025_test_00499_me_sa_t1.jpg,meningioma,1,meningioma,1,True,0.9999395608901978,Medium,1.1322021484375,1.02386474609375,0.9030431705590941,0.8232258064516129,0.9508196721311475,0.8598382749326146,0.9994906935827391,0.9979095458984375,0.2141752541065216,4.613426685333252,4.2142229080200195,1.0,0.03951853429910524,0.03951853429910524,0.07603238036684086,1.0,0.07803133873172784,0.07803133873172784,0.14476636425714565,0.9865229110512129,0.19826652221018418,0.19773095623987033,0.3301759133964817,1.0,0.0705647281522768,0.0705647281522768,0.1318271119842829,C:\Users\vaidy\OneDrive\Desktop\Programming\COMPUTER VISION\TumorDetetction\brisc2025\classification_task\test\meningioma\brisc2025_test_00499_me_sa_t1.jpg,C:\Users\vaidy\OneDrive\Desktop\Programming\COMPUTER VISION\TumorDetetction\brisc2025\segmentation_task\test\masks\brisc2025_test_00499_me_sa_t1.png
brisc2025_test_00500_me_sa_t1.jpg,meningioma,1,meningioma,1,True,0.9997332692146301,Small,0.52032470703125,0.5767822265625,0.7899860917941586,0.6528735632183909,0.7513227513227513,0.8328445747800587,0.9985581716389293,0.9976959228515625,0.30005574226379395,1.692961573600769,1.8695347309112549,1.0,0.01131011608623549,0.01131011608623549,0.022367255911580466,1.0,0.0239264664608476,0.0239264664608476,0.04673473583224834,1.0,0.05883367839889579,0.05883367839889579,0.11112921622942806,1.0,0.026522593320235755,0.026522593320235755,0.05167464114832536,C:\Users\vaidy\OneDrive\Desktop\Programming\COMPUTER VISION\TumorDetetction\brisc2025\classification_task\test\meningioma\brisc2025_test_00500_me_sa_t1.jpg,C:\Users\vaidy\OneDrive\Desktop\Programming\COMPUTER VISION\TumorDetetction\brisc2025\segmentation_task\test\masks\brisc2025_test_00500_me_sa_t1.png
brisc2025_test_00501_me_sa_t1.jpg,meningioma,1,meningioma,1,True,0.9999996423721313,Medium,1.873779296875,1.8707275390625,0.9429502852485737,0.8920585967617579,0.9437194127243067,0.9421824104234527,0.9989270386266095,0.99786376953125,0.23135483264923096,7.282670497894287,7.293139457702637,1.0,0.06157549014691872,0.06157549014691872,0.11600774644560956,1.0,0.11969977580660883,0.11969977580660883,0.21380691216157396,0.995928338762215,0.2952679864799614,0.294911984567157,0.4554934823091248,1.0,0.1195048250316795,0.1195048250316795,0.21349586417065738,C:\Users\vaidy\OneDrive\Desktop\Programming\COMPUTER VISION\TumorDetetction\brisc2025\classification_task\test\meningioma\brisc2025_test_00501_me_sa_t1.jpg,C:\Users\vaidy\OneDrive\Desktop\Programming\COMPUTER VISION\TumorDetetction\brisc2025\segmentation_task\test\masks\brisc2025_test_00501_me_sa_t1.png
brisc2025_test_00502_me_sa_t1.jpg,meningioma,1,meningioma,1,True,0.9999662637710571,Small,0.6805419921875,0.72021484375,0.9172113289760349,0.8470824949698189,0.8919491525423728,0.9439461883408071,0.999216469503764,0.99884033203125,0.36103731393814087,1.5721274614334106,1.6558682918548584,1.0,0.010936465510899683,0.010936465510899683,0.021636306304121087,1.0,0.025302093379474668,0.025302093379474668,0.04935539202124716,0.9820627802690582,0.0797378481703987,0.07962188692964915,0.14749957905371275,1.0,0.02677710330742611,0.02677710330742611,0.05215757776672744,C:\Users\vaidy\OneDrive\Desktop\Programming\COMPUTER VISION\TumorDetetction\brisc2025\classification_task\test\meningioma\brisc2025_test_00502_me_sa_t1.jpg,C:\Users\vaidy\OneDrive\Desktop\Programming\COMPUTER VISION\TumorDetetction\brisc2025\segmentation_task\test\masks\brisc2025_test_00502_me_sa_t1.png
brisc2025_test_00503_me_sa_t1.jpg,meningioma,1,meningioma,1,True,0.9998669624328613,Medium,0.732421875,0.6103515625,0.8795454545454545,0.7849898580121704,0.9675,0.80625,0.9998001721593703,0.998382568359375,0.3183911442756653,2.156073570251465,1.7909610271453857,1.0,0.015058823529411765,0.015058823529411765,0.0296708391284191,1.0,0.033924658986500815,0.033924658986500815,0.06562307744890286,1.0,0.08310249307479224,0.08310249307479224,0.1534526854219949,1.0,0.028270549155417345,0.028270549155417345,0.05498659701697711,C:\Users\vaidy\OneDrive\Desktop\Programming\COMPUTER VISION\TumorDetetction\brisc2025\classification_task\test\meningioma\brisc2025_test_00503_me_sa_t1.jpg,C:\Users\vaidy\OneDrive\Desktop\Programming\COMPUTER VISION\TumorDetetction\brisc2025\segmentation_task\test\masks\brisc2025_test_00503_me_sa_t1.png
brisc2025_test_00504_me_sa_t1.jpg,meningioma,1,meningioma,1,True,0.9837498664855957,Small,0.56304931640625,0.53863525390625,0.9030470914127424,0.8232323232323232,0.9235127478753541,0.8834688346883469,0.9995856798686452,0.998931884765625,0.3785277307033539,1.246061086654663,1.1953747272491455,1.0,0.009167701863354038,0.009167701863354038,0.018168837243654447,1.0,0.02074548827795581,0.02074548827795581,0.04064771976206213,1.0,0.04659679252430862,0.04659679252430862,0.08904440154440155,1.0,0.019845954910889977,0.019845954910889977,0.03891951488423374,C:\Users\vaidy\OneDrive\Desktop\Programming\COMPUTER VISION\TumorDetetction\brisc2025\classification_task\test\meningioma\brisc2025_test_00504_me_sa_t1.jpg,C:\Users\vaidy\OneDrive\Desktop\Programming\COMPUTER VISION\TumorDetetction\brisc2025\segmentation_task\test\masks\brisc2025_test_00504_me_sa_t1.png
brisc2025_test_00505_me_sa_t1.jpg,meningioma,1,meningioma,1,True,0.9999990463256836,Medium,1.751708984375,1.8951416015625,0.9054393305439331,0.827217125382263,0.8711755233494364,0.9425087108013938,0.9975150649189289,0.996551513671875,0.2652418911457062,6.393943786621094,6.896108627319336,1.0,0.0516721429535941,0.0516721429535941,0.09826663813396105,1.0,0.09977403094037893,0.09977403094037893,0.18144460249723407,1.0,0.22868525896414343,0.22868525896414343,0.3722438391699092,1.0,0.10794368155744828,0.10794368155744828,0.19485409475996235,C:\Users\vaidy\OneDrive\Desktop\Programming\COMPUTER VISION\TumorDetetction\brisc2025\classification_task\test\meningioma\brisc2025_test_00505_me_sa_t1.jpg,C:\Users\vaidy\OneDrive\Desktop\Programming\COMPUTER VISION\TumorDetetction\brisc2025\segmentation_task\test\masks\brisc2025_test_00505_me_sa_t1.png
brisc2025_test_00506_me_sa_t1.jpg,meningioma,1,meningioma,1,True,0.9999134540557861,Medium,1.36260986328125,1.44195556640625,0.9031556039173014,0.8234126984126984,0.8783068783068783,0.9294512877939529,0.9982209984066334,0.997283935546875,0.2816995084285736,4.596919536590576,4.858811378479004,1.0,0.033864239666287446,0.033864239666287446,0.06551003191138173,1.0,0.07220245795601553,0.07220245795601553,0.13468064248548375,1.0,0.182916837361737,0.182916837361737,0.30926406926406924,1.0,0.07640685640362226,0.07640685640362226,0.14196649891083904,C:\Users\vaidy\OneDrive\Desktop\Programming\COMPUTER VISION\TumorDetetction\brisc2025\classification_task\test\meningioma\brisc2025_test_00506_me_sa_t1.jpg,C:\Users\vaidy\OneDrive\Desktop\Programming\COMPUTER VISION\TumorDetetction\brisc2025\segmentation_task\test\masks\brisc2025_test_00506_me_sa_t1.png
brisc2025_test_00507_me_sa_t1.jpg,meningioma,1,meningioma,1,True,0.9999951124191284,Medium,1.3336181640625,1.4739990234375,0.8804347826086957,0.7864077669902912,0.8385093167701864,0.9267734553775744,0.9975874547647768,0.99664306640625,0.26916372776031494,4.655270576477051,5.162914752960205,1.0,0.035075046151376514,0.035075046151376514,0.06777295285359801,1.0,0.0742755162743265,0.0742755162743265,0.13828019935131713,1.0,0.1788052373158756,0.1788052373158756,0.30336688649774385,1.0,0.08209399167162404,0.08209399167162404,0.15173172072567345,C:\Users\vaidy\OneDrive\Desktop\Programming\COMPUTER VISION\TumorDetetction\brisc2025\classification_task\test\meningioma\brisc2025_test_00507_me_sa_t1.jpg,C:\Users\vaidy\OneDrive\Desktop\Programming\COMPUTER VISION\TumorDetetction\brisc2025\segmentation_task\test\masks\brisc2025_test_00507_me_sa_t1.png
brisc2025_test_00508_me_sa_t1.jpg,meningioma,1,meningioma,1,True,0.9998260140419006,Medium,1.39617919921875,1.4129638671875,0.9321021184139054,0.8728382502543235,0.9265658747300216,0.9377049180327869,0.9989477104965878,0.9980926513671875,0.29272082448005676,4.283062934875488,4.346668720245361,1.0,0.0335595085274161,0.0335595085274161,0.06493967352732434,1.0,0.0707219044674602,0.0707219044674602,0.13210134988811087,1.0,0.1862026862026862,0.1862026862026862,0.3139475038600103,1.0,0.07157211315504715,0.07157211315504715,0.13358338141950374,C:\Users\vaidy\OneDrive\Desktop\Programming\COMPUTER VISION\TumorDetetction\brisc2025\classification_task\test\meningioma\brisc2025_test_00508_me_sa_t1.jpg,C:\Users\vaidy\OneDrive\Desktop\Programming\COMPUTER VISION\TumorDetetction\brisc2025\segmentation_task\test\masks\brisc2025_test_00508_me_sa_t1.png
brisc2025_test_00509_me_sa_t1.jpg,meningioma,1,meningioma,1,True,0.9925762414932251,Medium,1.57470703125,1.3916015625,0.9125514403292181,0.8391674550614948,0.9725877192982456,0.8594961240310077,0.9996124271363016,0.997406005859375,0.32350677251815796,3.6183741092681885,3.2401533126831055,1.0,0.03156349400538292,0.03156349400538292,0.061195445920303605,1.0,0.0689885687545959,0.0689885687545959,0.1290726033393784,0.47771317829457366,0.09225299401197605,0.08380078191398946,0.15464240903387705,1.0,0.06096664215522428,0.06096664215522428,0.11492659567765107,C:\Users\vaidy\OneDrive\Desktop\Programming\COMPUTER VISION\TumorDetetction\brisc2025\classification_task\test\meningioma\brisc2025_test_00509_me_sa_t1.jpg,C:\Users\vaidy\OneDrive\Desktop\Programming\COMPUTER VISION\TumorDetetction\brisc2025\segmentation_task\test\masks\brisc2025_test_00509_me_sa_t1.png
brisc2025_test_00510_me_sa_t1.jpg,meningioma,1,meningioma,1,True,1.0,Large,3.07464599609375,3.06854248046875,0.964729259811227,0.9318618042226487,0.9656887120835406,0.963771712158809,0.9989137450606886,0.997833251953125,0.21404652297496796,12.683695793151855,12.684282302856445,1.0,0.10550843020211541,0.10550843020211541,0.19087765831478237,1.0,0.1966045467850522,0.1966045467850522,0.32860404435746904,0.9558312655086849,0.46476833976833976,0.45499645641389086,0.6254262055528494,1.0,0.19621426480632256,0.19621426480632256,0.32805872756933113,C:\Users\vaidy\OneDrive\Desktop\Programming\COMPUTER VISION\TumorDetetction\brisc2025\classification_task\test\meningioma\brisc2025_test_00510_me_sa_t1.jpg,C:\Users\vaidy\OneDrive\Desktop\Programming\COMPUTER VISION\TumorDetetction\brisc2025\segmentation_task\test\masks\brisc2025_test_00510_me_sa_t1.png
brisc2025_test_00511_me_sa_t1.jpg,meningioma,1,meningioma,1,True,0.9999998807907104,Large,2.337646484375,2.35748291015625,0.9470263243418915,0.8993827160493827,0.943042071197411,0.9510443864229765,0.9986250859321293,0.9975128173828125,0.22639064490795135,9.291529655456543,9.399974822998047,1.0,0.07780994463913861,0.07780994463913861,0.14438527873333018,1.0,0.15142828901848374,0.15142828901848374,0.26302686925916385,0.9797650130548303,0.3455340699815838,0.34308571428571427,0.5108917631041525,1.0,0.15271325491746565,0.15271325491746565,0.26496312810838624,C:\Users\vaidy\OneDrive\Desktop\Programming\COMPUTER VISION\TumorDetetction\brisc2025\classification_task\test\meningioma\brisc2025_test_00511_me_sa_t1.jpg,C:\Users\vaidy\OneDrive\Desktop\Programming\COMPUTER VISION\TumorDetetction\brisc2025\segmentation_task\test\masks\brisc2025_test_00511_me_sa_t1.png
brisc2025_test_00512_me_sa_t1.jpg,meningioma,1,meningioma,1,True,0.9999860525131226,Medium,1.20391845703125,1.27716064453125,0.9138991389913899,0.8414496036240091,0.8876941457586619,0.9416983523447402,0.9985481952831792,0.99786376953125,0.2510266602039337,4.3188252449035645,4.608256816864014,1.0,0.03624586549062844,0.03624586549062844,0.069956111184998,1.0,0.07390408392656425,0.07390408392656425,0.1376362843436546,1.0,0.18456140350877193,0.18456140350877193,0.31161137440758296,1.0,0.07840014986886475,0.07840014986886475,0.14540085121167376,C:\Users\vaidy\OneDrive\Desktop\Programming\COMPUTER VISION\TumorDetetction\brisc2025\classification_task\test\meningioma\brisc2025_test_00512_me_sa_t1.jpg,C:\Users\vaidy\OneDrive\Desktop\Programming\COMPUTER VISION\TumorDetetction\brisc2025\segmentation_task\test\masks\brisc2025_test_00512_me_sa_t1.png
brisc2025_test_00513_me_sa_t1.jpg,meningioma,1,meningioma,1,True,0.999850869178772,Small,0.43792724609375,0.43487548828125,0.8531468531468531,0.7439024390243902,0.856140350877193,0.8501742160278746,0.9993716378795078,0.99871826171875,0.30014917254447937,0.9627999067306519,0.9359321594238281,1.0,0.009712023281784034,0.009712023281784034,0.019237214290502045,1.0,0.023339025778645196,0.023339025778645196,0.04561347743165925,0.09059233449477352,0.0048543689320388345,0.004628805412141713,0.009214956583377636,1.0,0.02317638448402049,0.02317638448402049,0.04530281354315689,C:\Users\vaidy\OneDrive\Desktop\Programming\COMPUTER VISION\TumorDetetction\brisc2025\classification_task\test\meningioma\brisc2025_test_00513_me_sa_t1.jpg,C:\Users\vaidy\OneDrive\Desktop\Programming\COMPUTER VISION\TumorDetetction\brisc2025\segmentation_task\test\masks\brisc2025_test_00513_me_sa_t1.png
brisc2025_test_00514_me_sa_t1.jpg,meningioma,1,meningioma,1,True,1.0,Medium,1.751708984375,1.81884765625,0.941025641025641,0.8886198547215496,0.9236577181208053,0.9590592334494773,0.9985866931726408,0.997894287109375,0.2577674984931946,5.966732501983643,6.182568550109863,1.0,0.05060612739695834,0.05060612739695834,0.09633701170645743,1.0,0.10428779069767442,0.10428779069767442,0.18887792036854228,0.9939024390243902,0.23087818696883852,0.23055162659123055,0.37471264367816093,1.0,0.10828488372093023,0.10828488372093023,0.19540983606557377,C:\Users\vaidy\OneDrive\Desktop\Programming\COMPUTER VISION\TumorDetetction\brisc2025\classification_task\test\meningioma\brisc2025_test_00514_me_sa_t1.jpg,C:\Users\vaidy\OneDrive\Desktop\Programming\COMPUTER VISION\TumorDetetction\brisc2025\segmentation_task\test\masks\brisc2025_test_00514_me_sa_t1.png
brisc2025_test_00515_me_sa_t1.jpg,meningioma,1,meningioma,1,True,0.9999984502792358,Large,2.43377685546875,2.50244140625,0.9483771251931994,0.9018224573780129,0.9353658536585366,0.961755485893417,0.9983422217356626,0.9974517822265625,0.23781634867191315,9.215840339660645,9.377763748168945,1.0,0.07277455856184697,0.07277455856184697,0.13567539979584892,1.0,0.14914905554516553,0.14914905554516553,0.25958173976727156,1.0,0.34352789144949386,0.34352789144949386,0.5113818531580635,0.9865853658536585,0.15129979427716478,0.1509891750653229,0.2623641965299173,C:\Users\vaidy\OneDrive\Desktop\Programming\COMPUTER VISION\TumorDetetction\brisc2025\classification_task\test\meningioma\brisc2025_test_00515_me_sa_t1.jpg,C:\Users\vaidy\OneDrive\Desktop\Programming\COMPUTER VISION\TumorDetetction\brisc2025\segmentation_task\test\masks\brisc2025_test_00515_me_sa_t1.png
brisc2025_test_00516_me_sa_t1.jpg,meningioma,1,meningioma,1,True,0.9999464750289917,Medium,1.70135498046875,1.68914794921875,0.9297929792979298,0.8687973086627419,0.9331526648599819,0.9264573991031391,0.9988513062510672,0.99761962890625,0.21980193257331848,6.335902214050293,6.343196392059326,1.0,0.06211353127959445,0.06211353127959445,0.11696213154306094,1.0,0.1228785541106458,0.1228785541106458,0.21886348022377072,0.8008968609865471,0.2272264631043257,0.2150770712909441,0.35401387512388505,1.0,0.12199691426052457,0.12199691426052457,0.2174639033493763,C:\Users\vaidy\OneDrive\Desktop\Programming\COMPUTER VISION\TumorDetetction\brisc2025\classification_task\test\meningioma\brisc2025_test_00516_me_sa_t1.jpg,C:\Users\vaidy\OneDrive\Desktop\Programming\COMPUTER VISION\TumorDetetction\brisc2025\segmentation_task\test\masks\brisc2025_test_00516_me_sa_t1.png
brisc2025_test_00517_me_sa_t1.jpg,meningioma,1,meningioma,1,True,0.9994261264801025,Medium,0.98419189453125,0.9735107421875,0.8339828526890102,0.7152406417112299,0.8385579937304075,0.8294573643410853,0.9984127228737422,0.9967498779296875,0.3265071511268616,2.2754688262939453,2.3128130435943604,1.0,0.0178457792656946,0.0178457792656946,0.03506578232032184,1.0,0.048048271752085814,0.048048271752085814,0.09169095173786339,0.5596899224806201,0.07638595006347863,0.0720558882235529,0.13442561906535097,1.0,0.047526817640047674,0.047526817640047674,0.0907410041245911,C:\Users\vaidy\OneDrive\Desktop\Programming\COMPUTER VISION\TumorDetetction\brisc2025\classification_task\test\meningioma\brisc2025_test_00517_me_sa_t1.jpg,C:\Users\vaidy\OneDrive\Desktop\Programming\COMPUTER VISION\TumorDetetction\brisc2025\segmentation_task\test\masks\brisc2025_test_00517_me_sa_t1.png
brisc2025_test_00518_me_sa_t1.jpg,meningioma,1,meningioma,1,True,0.9999783039093018,Large,4.571533203125,4.51507568359375,0.9618807724601175,0.9265609835004853,0.9678945589726259,0.9559412550066756,0.9984809721778062,0.9965362548828125,0.19774742424488068,19.54712677001953,19.360397338867188,1.0,0.16574463376853285,0.16574463376853285,0.2843583902809415,0.9993324432576769,0.31096800997091817,0.31090342679127725,0.47433460076045625,0.7967289719626168,0.5914271555996036,0.5138858988159312,0.678896473265074,1.0,0.30733277939343584,0.30733277939343584,0.47016763327242395,C:\Users\vaidy\OneDrive\Desktop\Programming\COMPUTER VISION\TumorDetetction\brisc2025\classification_task\test\meningioma\brisc2025_test_00518_me_sa_t1.jpg,C:\Users\vaidy\OneDrive\Desktop\Programming\COMPUTER VISION\TumorDetetction\brisc2025\segmentation_task\test\masks\brisc2025_test_00518_me_sa_t1.png
brisc2025_test_00519_me_sa_t1.jpg,meningioma,1,meningioma,1,True,1.0,Large,2.30865478515625,2.18048095703125,0.9340584636301835,0.8762755102040817,0.9615115465360392,0.9081295439524124,0.9991409337269419,0.997039794921875,0.238181471824646,8.12237548828125,7.710384368896484,1.0,0.07368984999025911,0.07368984999025911,0.13726468586981175,1.0,0.1425878805013665,0.1425878805013665,0.24958759485318377,0.7825512227362855,0.26212087668806733,0.2443252166735452,0.3927031509121061,1.0,0.1346715672415418,0.1346715672415418,0.23737541528239203,C:\Users\vaidy\OneDrive\Desktop\Programming\COMPUTER VISION\TumorDetetction\brisc2025\classification_task\test\meningioma\brisc2025_test_00519_me_sa_t1.jpg,C:\Users\vaidy\OneDrive\Desktop\Programming\COMPUTER VISION\TumorDetetction\brisc2025\segmentation_task\test\masks\brisc2025_test_00519_me_sa_t1.png
brisc2025_test_00520_me_sa_t1.jpg,meningioma,1,meningioma,1,True,1.0,Medium,1.56097412109375,1.51214599609375,0.9175769612711023,0.8477064220183487,0.9323915237134208,0.9032258064516129,0.9989614496303071,0.997467041015625,0.23252813518047333,5.430379867553711,5.275604724884033,1.0,0.050473653049141504,0.050473653049141504,0.0960969423700155,1.0,0.10252555622369212,0.10252555622369212,0.18598309244614125,0.7487781036168133,0.194169835234474,0.182294145644931,0.3083735909822866,1.0,0.0993185007015434,0.0993185007015434,0.1806910383808916,C:\Users\vaidy\OneDrive\Desktop\Programming\COMPUTER VISION\TumorDetetction\brisc2025\classification_task\test\meningioma\brisc2025_test_00520_me_sa_t1.jpg,C:\Users\vaidy\OneDrive\Desktop\Programming\COMPUTER VISION\TumorDetetction\brisc2025\segmentation_task\test\masks\brisc2025_test_00520_me_sa_t1.png
brisc2025_test_00521_me_sa_t1.jpg,meningioma,1,meningioma,1,True,0.9997432827949524,Small,0.37841796875,0.360107421875,0.7768595041322314,0.6351351351351351,0.7966101694915254,0.7580645161290323,0.9992647959808847,0.99835205078125,0.33817365765571594,0.31644052267074585,0.30138081312179565,0.7862903225806451,0.00583902263744161,0.0058297706956859695,0.011591962905718702,0.0,0.0,0.0,0.0,0.0,0.0,0.0,0.0,0.0,0.0,0.0,0.0,C:\Users\vaidy\OneDrive\Desktop\Programming\COMPUTER VISION\TumorDetetction\brisc2025\classification_task\test\meningioma\brisc2025_test_00521_me_sa_t1.jpg,C:\Users\vaidy\OneDrive\Desktop\Programming\COMPUTER VISION\TumorDetetction\brisc2025\segmentation_task\test\masks\brisc2025_test_00521_me_sa_t1.png
brisc2025_test_00522_me_sa_t1.jpg,meningioma,1,meningioma,1,True,0.998599112033844,Medium,1.007080078125,0.93994140625,0.9043887147335423,0.8254649499284692,0.9366883116883117,0.8742424242424243,0.9993988531968678,0.998138427734375,0.3061907887458801,2.8631672859191895,2.6825833320617676,1.0,0.02146760343481655,0.02146760343481655,0.04203286205578907,1.0,0.04676208020405272,0.04676208020405272,0.08934614863950183,0.9833333333333333,0.13111111111111112,0.13082039911308205,0.23137254901960785,1.0,0.0436446081904492,0.0436446081904492,0.0836388323150034,C:\Users\vaidy\OneDrive\Desktop\Programming\COMPUTER VISION\TumorDetetction\brisc2025\classification_task\test\meningioma\brisc2025_test_00522_me_sa_t1.jpg,C:\Users\vaidy\OneDrive\Desktop\Programming\COMPUTER VISION\TumorDetetction\brisc2025\segmentation_task\test\masks\brisc2025_test_00522_me_sa_t1.png
brisc2025_test_00523_me_sa_t1.jpg,meningioma,1,meningioma,1,True,0.9999991655349731,Medium,0.79803466796875,0.92010498046875,0.872113676731794,0.7732283464566929,0.814262023217247,0.9388145315487572,0.9982772676233984,0.997802734375,0.3283919095993042,2.284987211227417,2.604508876800537,1.0,0.01570334784566882,0.01570334784566882,0.030921130424500416,1.0,0.03698988613056086,0.03698988613056086,0.07134088118946938,1.0,0.0906098406098406,0.0906098406098406,0.16616362192216044,1.0,0.0426479949077021,0.0426479949077021,0.08180708180708181,C:\Users\vaidy\OneDrive\Desktop\Programming\COMPUTER VISION\TumorDetetction\brisc2025\classification_task\test\meningioma\brisc2025_test_00523_me_sa_t1.jpg,C:\Users\vaidy\OneDrive\Desktop\Programming\COMPUTER VISION\TumorDetetction\brisc2025\segmentation_task\test\masks\brisc2025_test_00523_me_sa_t1.png
brisc2025_test_00524_me_sa_t1.jpg,meningioma,1,meningioma,1,True,0.9999786615371704,Large,3.58123779296875,3.863525390625,0.923139987702398,0.8572516178149981,0.8894154818325435,0.9595227950575203,0.9955688490085299,0.9942779541015625,0.2734924852848053,10.028721809387207,10.737829208374023,1.0,0.08853262919652961,0.08853262919652961,0.16266417160480992,0.9752876011930124,0.20107167955024596,0.20005243838489775,0.33340616124098754,0.5982104814657009,0.3220922229869236,0.2648057336854017,0.41872949597375486,0.9751184834123223,0.21688334504567813,0.21568970035817245,0.3548433457890198,C:\Users\vaidy\OneDrive\Desktop\Programming\COMPUTER VISION\TumorDetetction\brisc2025\classification_task\test\meningioma\brisc2025_test_00524_me_sa_t1.jpg,C:\Users\vaidy\OneDrive\Desktop\Programming\COMPUTER VISION\TumorDetetction\brisc2025\segmentation_task\test\masks\brisc2025_test_00524_me_sa_t1.png
brisc2025_test_00525_me_sa_t1.jpg,meningioma,1,meningioma,1,True,0.9999725818634033,Large,4.02069091796875,3.6956787109375,0.9377101048052204,0.8827252419955324,0.9789430222956235,0.8998102466793169,0.9991892020794582,0.9951934814453125,0.24118280410766602,12.452695846557617,11.45751667022705,1.0,0.11570211644858172,0.11570211644858172,0.2074068243535755,0.9992409867172676,0.24936073491807936,0.2493135119780324,0.399120812490526,0.476280834914611,0.3151682571572074,0.2340544572920552,0.3793259785401239,1.0,0.22937778198693057,0.22937778198693057,0.37316077343810183,C:\Users\vaidy\OneDrive\Desktop\Programming\COMPUTER VISION\TumorDetetction\brisc2025\classification_task\test\meningioma\brisc2025_test_00525_me_sa_t1.jpg,C:\Users\vaidy\OneDrive\Desktop\Programming\COMPUTER VISION\TumorDetetction\brisc2025\segmentation_task\test\masks\brisc2025_test_00525_me_sa_t1.png
brisc2025_test_00526_me_sa_t1.jpg,meningioma,1,meningioma,1,True,0.9991680383682251,Medium,0.8880615234375,1.09710693359375,0.8209069946195234,0.6962190352020861,0.7426981919332406,0.9175257731958762,0.9971518305262186,0.9964447021484375,0.29869723320007324,2.6987085342407227,3.283414363861084,1.0,0.019224416991477835,0.019224416991477835,0.03772361939331086,1.0,0.04628230616302187,0.04628230616302187,0.08847001596108535,1.0,0.12973695942933572,0.12973695942933572,0.2296764009471192,1.0,0.05717693836978131,0.05717693836978131,0.10816909884158267,C:\Users\vaidy\OneDrive\Desktop\Programming\COMPUTER VISION\TumorDetetction\brisc2025\classification_task\test\meningioma\brisc2025_test_00526_me_sa_t1.jpg,C:\Users\vaidy\OneDrive\Desktop\Programming\COMPUTER VISION\TumorDetetction\brisc2025\segmentation_task\test\masks\brisc2025_test_00526_me_sa_t1.png
brisc2025_test_00527_me_sa_t1.jpg,meningioma,1,meningioma,1,True,0.999997615814209,Small,0.7049560546875,0.6103515625,0.888631090487239,0.7995824634655533,0.9575,0.829004329004329,0.9997387589513477,0.99853515625,0.27483510971069336,1.659365177154541,1.4508097171783447,1.0,0.01777948816624976,0.01777948816624976,0.034937800128559,0.9935064935064936,0.035988709424494274,0.035980246139374464,0.06946125907990315,0.05194805194805195,0.0044109538687741225,0.004082326926348018,0.008131458580382856,1.0,0.03136270973812137,0.03136270973812137,0.060818002128630075,C:\Users\vaidy\OneDrive\Desktop\Programming\COMPUTER VISION\TumorDetetction\brisc2025\classification_task\test\meningioma\brisc2025_test_00527_me_sa_t1.jpg,C:\Users\vaidy\OneDrive\Desktop\Programming\COMPUTER VISION\TumorDetetction\brisc2025\segmentation_task\test\masks\brisc2025_test_00527_me_sa_t1.png
brisc2025_test_00528_me_sa_t1.jpg,meningioma,1,meningioma,1,True,0.9997430443763733,Medium,2.03094482421875,1.84783935546875,0.8992918961447679,0.8170121515368121,0.9438480594549958,0.8587528174305034,0.9989408924538588,0.99609375,0.3090723752975464,5.602888584136963,5.166280746459961,1.0,0.04154052620080522,0.04154052620080522,0.07976746973510727,1.0,0.09031688946189863,0.09031688946189863,0.16567089868060741,0.9383921863260706,0.24925164637796848,0.24523856273316316,0.39388205613371174,1.0,0.08217411956300469,0.08217411956300469,0.15186857286180086,C:\Users\vaidy\OneDrive\Desktop\Programming\COMPUTER VISION\TumorDetetction\brisc2025\classification_task\test\meningioma\brisc2025_test_00528_me_sa_t1.jpg,C:\Users\vaidy\OneDrive\Desktop\Programming\COMPUTER VISION\TumorDetetction\brisc2025\segmentation_task\test\masks\brisc2025_test_00528_me_sa_t1.png
brisc2025_test_00529_me_sa_t1.jpg,meningioma,1,meningioma,1,True,0.999996542930603,Medium,2.01873779296875,1.92413330078125,0.945046439628483,0.8958180484225972,0.9682791435368755,0.9229024943310657,0.9993770731783284,0.997833251953125,0.24791187047958374,7.361896991729736,7.014449596405029,1.0,0.061638091688408496,0.061638091688408496,0.11611883968929652,1.0,0.12431873707949634,0.12431873707949634,0.22114500626828248,0.9954648526077098,0.280093577201191,0.27973661852166526,0.4371784232365145,1.0,0.11849276451794775,0.11849276451794775,0.21187935814500547,C:\Users\vaidy\OneDrive\Desktop\Programming\COMPUTER VISION\TumorDetetction\brisc2025\classification_task\test\meningioma\brisc2025_test_00529_me_sa_t1.jpg,C:\Users\vaidy\OneDrive\Desktop\Programming\COMPUTER VISION\TumorDetetction\brisc2025\segmentation_task\test\masks\brisc2025_test_00529_me_sa_t1.png
brisc2025_test_00530_me_sa_t1.jpg,meningioma,1,meningioma,1,True,0.9999967813491821,Medium,1.2054443359375,1.19476318359375,0.9383343928798474,0.8838323353293414,0.9425287356321839,0.9341772151898734,0.9993049763691966,0.9985198974609375,0.1998918652534485,5.1476287841796875,5.109701633453369,1.0,0.044965564346291766,0.044965564346291766,0.08606133231657498,1.0,0.08947785706195492,0.08947785706195492,0.16425823890217278,0.9556962025316456,0.22652265226522653,0.2241686460807601,0.36623817608537473,1.0,0.08868501529051988,0.08868501529051988,0.16292134831460675,C:\Users\vaidy\OneDrive\Desktop\Programming\COMPUTER VISION\TumorDetetction\brisc2025\classification_task\test\meningioma\brisc2025_test_00530_me_sa_t1.jpg,C:\Users\vaidy\OneDrive\Desktop\Programming\COMPUTER VISION\TumorDetetction\brisc2025\segmentation_task\test\masks\brisc2025_test_00530_me_sa_t1.png
brisc2025_test_00531_me_sa_t1.jpg,meningioma,1,meningioma,1,True,0.9999951124191284,Medium,1.89208984375,1.7852783203125,0.9360995850622407,0.8798751950078003,0.9641025641025641,0.9096774193548387,0.9993467711832773,0.997650146484375,0.22963126003742218,7.423924446105957,7.028090000152588,1.0,0.060039703675010894,0.060039703675010894,0.1132782167816197,1.0,0.1232114467408585,0.1232114467408585,0.21939136588818117,1.0,0.33686498234175494,0.33686498234175494,0.5039626092257671,1.0,0.11625596184419713,0.11625596184419713,0.20829624354637707,C:\Users\vaidy\OneDrive\Desktop\Programming\COMPUTER VISION\TumorDetetction\brisc2025\classification_task\test\meningioma\brisc2025_test_00531_me_sa_t1.jpg,C:\Users\vaidy\OneDrive\Desktop\Programming\COMPUTER VISION\TumorDetetction\brisc2025\segmentation_task\test\masks\brisc2025_test_00531_me_sa_t1.png
brisc2025_test_00532_me_sa_t1.jpg,meningioma,1,meningioma,1,True,0.9999992847442627,Medium,2.06146240234375,2.06451416015625,0.9319526627218935,0.8725761772853186,0.9312638580931264,0.9326424870466321,0.9985510633325544,0.9971923828125,0.2188110202550888,7.520709037780762,7.558137893676758,1.0,0.06958537213494721,0.06958537213494721,0.1301165366464413,1.0,0.13904899135446686,0.13904899135446686,0.2441492726122707,0.7135455218356773,0.24106026506626657,0.21979024167806657,0.3603738317757009,1.0,0.13925483738163855,0.13925483738163855,0.24446652814165687,C:\Users\vaidy\OneDrive\Desktop\Programming\COMPUTER VISION\TumorDetetction\brisc2025\classification_task\test\meningioma\brisc2025_test_00532_me_sa_t1.jpg,C:\Users\vaidy\OneDrive\Desktop\Programming\COMPUTER VISION\TumorDetetction\brisc2025\segmentation_task\test\masks\brisc2025_test_00532_me_sa_t1.png
brisc2025_test_00533_me_sa_t1.jpg,meningioma,1,glioma,0,False,0.824993908405304,Medium,1.35955810546875,1.2420654296875,0.9255131964809384,0.861353711790393,0.9692874692874693,0.8855218855218855,0.9996132724882049,0.9980621337890625,0.2020493745803833,4.763448715209961,4.354532241821289,1.0,0.05121278307851477,0.05121278307851477,0.09743561703756357,0.9988776655443322,0.10358472998137802,0.10357267543349238,0.1877043129811241,0.3378226711560045,0.0941213258286429,0.07946145723336853,0.14722426021032037,1.0,0.0947392923649907,0.0947392923649907,0.17308101211992347,C:\Users\vaidy\OneDrive\Desktop\Programming\COMPUTER VISION\TumorDetetction\brisc2025\classification_task\test\meningioma\brisc2025_test_00533_me_sa_t1.jpg,C:\Users\vaidy\OneDrive\Desktop\Programming\COMPUTER VISION\TumorDetetction\brisc2025\segmentation_task\test\masks\brisc2025_test_00533_me_sa_t1.png
brisc2025_test_00534_me_sa_t1.jpg,meningioma,1,meningioma,1,True,0.9993026256561279,Medium,2.1270751953125,2.1148681640625,0.9467625899280575,0.8989071038251366,0.9494949494949495,0.9440459110473458,0.9989086713853638,0.99774169921875,0.3264440894126892,5.402887344360352,5.38865327835083,1.0,0.04002641628621472,0.04002641628621472,0.07697192236547859,1.0,0.1068117385640947,0.1068117385640947,0.1930079612322603,0.8048780487804879,0.22178296105949794,0.2104670793472144,0.34774523477452346,1.0,0.10619875871580722,0.10619875871580722,0.19200664958093785,C:\Users\vaidy\OneDrive\Desktop\Programming\COMPUTER VISION\TumorDetetction\brisc2025\classification_task\test\meningioma\brisc2025_test_00534_me_sa_t1.jpg,C:\Users\vaidy\OneDrive\Desktop\Programming\COMPUTER VISION\TumorDetetction\brisc2025\segmentation_task\test\masks\brisc2025_test_00534_me_sa_t1.png
brisc2025_test_00535_me_sa_t1.jpg,meningioma,1,meningioma,1,True,0.9979702830314636,Medium,1.068115234375,1.17340087890625,0.8958475153165418,0.8113440197287299,0.8556566970091027,0.94,0.9982879881547289,0.9976654052734375,0.34660011529922485,2.1965980529785156,2.4084713459014893,1.0,0.018270084042386597,0.018270084042386597,0.03588455426257241,0.9928571428571429,0.05600322320709106,0.055980668546113575,0.10602593440122045,0.37714285714285717,0.05348460291734198,0.049143708116157855,0.0936834634492548,0.9960988296488946,0.061724415793714744,0.06170949810682349,0.11624554215039078,C:\Users\vaidy\OneDrive\Desktop\Programming\COMPUTER VISION\TumorDetetction\brisc2025\classification_task\test\meningioma\brisc2025_test_00535_me_sa_t1.jpg,C:\Users\vaidy\OneDrive\Desktop\Programming\COMPUTER VISION\TumorDetetction\brisc2025\segmentation_task\test\masks\brisc2025_test_00535_me_sa_t1.png
brisc2025_test_00536_me_sa_t1.jpg,meningioma,1,meningioma,1,True,0.9985479712486267,Large,4.7882080078125,4.7943115234375,0.9560509554140127,0.9158023184868822,0.9554423933800127,0.9566602931803697,0.9977563383441777,0.99578857421875,0.21093009412288666,18.573015213012695,18.65810203552246,1.0,0.17494564308412777,0.17494564308412777,0.29779359430604985,0.9993626513702996,0.33475661827497866,0.3346851654215582,0.50151927075004,0.7326322498406629,0.5882804503582395,0.48430587739625025,0.6525688333806415,1.0,0.335397096498719,0.335397096498719,0.5023181454836131,C:\Users\vaidy\OneDrive\Desktop\Programming\COMPUTER VISION\TumorDetetction\brisc2025\classification_task\test\meningioma\brisc2025_test_00536_me_sa_t1.jpg,C:\Users\vaidy\OneDrive\Desktop\Programming\COMPUTER VISION\TumorDetetction\brisc2025\segmentation_task\test\masks\brisc2025_test_00536_me_sa_t1.png
brisc2025_test_00537_me_sa_t1.jpg,meningioma,1,meningioma,1,True,1.0,Large,4.67987060546875,4.46624755859375,0.9516182849516183,0.9077021005728835,0.9743764947044756,0.9298989240299967,0.9987994045046343,0.995574951171875,0.22532114386558533,16.900524139404297,16.35800552368164,1.0,0.15700025595085743,0.15700025595085743,0.2713919122201575,0.9836974241930225,0.2898453261600538,0.2884596997800937,0.44775897892549715,0.7098141506358004,0.5094781184179733,0.42165407708696495,0.5931880108991826,0.9955585924154424,0.2799500432318186,0.27960084436768373,0.4370125974805039,C:\Users\vaidy\OneDrive\Desktop\Programming\COMPUTER VISION\TumorDetetction\brisc2025\classification_task\test\meningioma\brisc2025_test_00537_me_sa_t1.jpg,C:\Users\vaidy\OneDrive\Desktop\Programming\COMPUTER VISION\TumorDetetction\brisc2025\segmentation_task\test\masks\brisc2025_test_00537_me_sa_t1.png
brisc2025_test_00538_me_sa_t1.jpg,meningioma,1,meningioma,1,True,0.9967601895332336,Medium,1.385498046875,2.50396728515625,0.6551588858375834,0.4871645274212369,0.5088360755636807,0.9196035242290749,0.9875286253636195,0.9865875244140625,0.3171272873878479,3.2659199237823486,4.437710762023926,1.0,0.0261860129776496,0.0261860129776496,0.05103560689093106,1.0,0.06950398040416411,0.06950398040416411,0.12997423418265103,0.4834801762114537,0.11513244164699711,0.10252218589444186,0.18597754712984538,0.5630712979890311,0.07072872014696877,0.06704883535302228,0.12567154029241753,C:\Users\vaidy\OneDrive\Desktop\Programming\COMPUTER VISION\TumorDetetction\brisc2025\classification_task\test\meningioma\brisc2025_test_00538_me_sa_t1.jpg,C:\Users\vaidy\OneDrive\Desktop\Programming\COMPUTER VISION\TumorDetetction\brisc2025\segmentation_task\test\masks\brisc2025_test_00538_me_sa_t1.png
brisc2025_test_00539_me_sa_t1.jpg,meningioma,1,meningioma,1,True,0.999206006526947,Large,3.10821533203125,3.01361083984375,0.9322033898305084,0.873015873015873,0.9468354430379747,0.9180166912125675,0.9983464306524512,0.995849609375,0.3061636686325073,8.632172584533691,8.359314918518066,1.0,0.0660291734197731,0.0660291734197731,0.12387873627877277,1.0,0.14552078868409773,0.14552078868409773,0.2540692235734331,0.854688267059401,0.2845701209545603,0.27143748051138133,0.4269773145309626,1.0,0.14109158451207315,0.14109158451207315,0.2472923057659801,C:\Users\vaidy\OneDrive\Desktop\Programming\COMPUTER VISION\TumorDetetction\brisc2025\classification_task\test\meningioma\brisc2025_test_00539_me_sa_t1.jpg,C:\Users\vaidy\OneDrive\Desktop\Programming\COMPUTER VISION\TumorDetetction\brisc2025\segmentation_task\test\masks\brisc2025_test_00539_me_sa_t1.png
brisc2025_test_00540_me_sa_t1.jpg,meningioma,1,meningioma,1,True,0.9999998807907104,Large,6.06536865234375,6.01654052734375,0.9669108360697146,0.9359413202933985,0.9708343900583312,0.9630188679245283,0.998131934179107,0.996002197265625,0.23405766487121582,19.62494468688965,19.506258010864258,1.0,0.19759407466322015,0.19759407466322015,0.32998505728042504,0.9033962264150943,0.3295402404331467,0.3183228437195284,0.4829209252286175,0.5464150943396227,0.4503421107194692,0.3277995774222759,0.49374857922255055,0.9102206441795587,0.3293567036799119,0.3189938672118034,0.48369272237196764,C:\Users\vaidy\OneDrive\Desktop\Programming\COMPUTER VISION\TumorDetetction\brisc2025\classification_task\test\meningioma\brisc2025_test_00540_me_sa_t1.jpg,C:\Users\vaidy\OneDrive\Desktop\Programming\COMPUTER VISION\TumorDetetction\brisc2025\segmentation_task\test\masks\brisc2025_test_00540_me_sa_t1.png
brisc2025_test_00541_me_sa_t1.jpg,meningioma,1,meningioma,1,True,0.9836257100105286,Large,2.6641845703125,3.24859619140625,0.8103225806451613,0.6811279826464208,0.7374354156881164,0.8991981672394044,0.9912368709829127,0.9887847900390625,0.3184203803539276,5.647304058074951,6.202486038208008,1.0,0.04891304347826087,0.04891304347826087,0.09326424870466321,0.93184421534937,0.11607333951630164,0.11509620826259197,0.2064327856372518,0.3178694158075601,0.11904761904761904,0.09482316760635572,0.17322097378277154,0.7172381399718177,0.10893914532353571,0.10445310896778165,0.18914901523597175,C:\Users\vaidy\OneDrive\Desktop\Programming\COMPUTER VISION\TumorDetetction\brisc2025\classification_task\test\meningioma\brisc2025_test_00541_me_sa_t1.jpg,C:\Users\vaidy\OneDrive\Desktop\Programming\COMPUTER VISION\TumorDetetction\brisc2025\segmentation_task\test\masks\brisc2025_test_00541_me_sa_t1.png
brisc2025_test_00542_me_sa_t1.jpg,meningioma,1,meningioma,1,True,0.9999759197235107,Small,0.68817138671875,0.732421875,0.8936627282491945,0.8077669902912621,0.8666666666666667,0.9223946784922394,0.9990166705077975,0.9984893798828125,0.2531930208206177,2.3582234382629395,2.508457660675049,1.0,0.019776364832273623,0.019776364832273623,0.038785689714482284,1.0,0.04220870379036032,0.04220870379036032,0.0809985632183908,0.9977827050997783,0.10709186101856259,0.10706638115631692,0.19342359767891681,1.0,0.044922788956481045,0.044922788956481045,0.08598298253470667,C:\Users\vaidy\OneDrive\Desktop\Programming\COMPUTER VISION\TumorDetetction\brisc2025\classification_task\test\meningioma\brisc2025_test_00542_me_sa_t1.jpg,C:\Users\vaidy\OneDrive\Desktop\Programming\COMPUTER VISION\TumorDetetction\brisc2025\segmentation_task\test\masks\brisc2025_test_00542_me_sa_t1.png
brisc2025_test_00543_me_sa_t1.jpg,meningioma,1,meningioma,1,True,0.8813168406486511,Large,2.2125244140625,2.838134765625,0.8610271903323263,0.7559681697612732,0.7661290322580645,0.9827586206896551,0.9932122460443779,0.99298095703125,0.31271928548812866,6.450129985809326,8.12221622467041,1.0,0.0460800203387676,0.0460800203387676,0.0881003736671021,1.0,0.09740041647074629,0.09740041647074629,0.17751117096162086,1.0,0.29946303180503925,0.29946303180503925,0.46090273363000633,1.0,0.12494122388661248,0.12494122388661248,0.22212933659759956,C:\Users\vaidy\OneDrive\Desktop\Programming\COMPUTER VISION\TumorDetetction\brisc2025\classification_task\test\meningioma\brisc2025_test_00543_me_sa_t1.jpg,C:\Users\vaidy\OneDrive\Desktop\Programming\COMPUTER VISION\TumorDetetction\brisc2025\segmentation_task\test\masks\brisc2025_test_00543_me_sa_t1.png
brisc2025_test_00544_me_sa_t1.jpg,meningioma,1,meningioma,1,True,0.99986732006073,Small,0.567626953125,0.592041015625,0.881578947368421,0.788235294117647,0.8634020618556701,0.9005376344086021,0.9991866674851145,0.998626708984375,0.3001209497451782,0.5563649535179138,0.5850672125816345,0.7795698924731183,0.009298448121072207,0.00927406459865686,0.018377693282636248,0.0,0.0,0.0,0.0,0.0,0.0,0.0,0.0,0.0,0.0,0.0,0.0,C:\Users\vaidy\OneDrive\Desktop\Programming\COMPUTER VISION\TumorDetetction\brisc2025\classification_task\test\meningioma\brisc2025_test_00544_me_sa_t1.jpg,C:\Users\vaidy\OneDrive\Desktop\Programming\COMPUTER VISION\TumorDetetction\brisc2025\segmentation_task\test\masks\brisc2025_test_00544_me_sa_t1.png
brisc2025_test_00545_me_sa_t1.jpg,meningioma,1,meningioma,1,True,0.999994158744812,Large,2.3406982421875,2.35748291015625,0.929522572263722,0.8683252427184466,0.9262135922330097,0.9328552803129074,0.998218805662323,0.9966888427734375,0.21921849250793457,9.134523391723633,9.266265869140625,1.0,0.07427852024017044,0.07427852024017044,0.1382854052104931,1.0,0.15586262954684008,0.15586262954684008,0.269690576652602,0.940677966101695,0.42908117752007136,0.41777649102489867,0.5893404124974474,1.0,0.15698028855923593,0.15698028855923593,0.27136207956441555,C:\Users\vaidy\OneDrive\Desktop\Programming\COMPUTER VISION\TumorDetetction\brisc2025\classification_task\test\meningioma\brisc2025_test_00545_me_sa_t1.jpg,C:\Users\vaidy\OneDrive\Desktop\Programming\COMPUTER VISION\TumorDetetction\brisc2025\segmentation_task\test\masks\brisc2025_test_00545_me_sa_t1.png
brisc2025_test_00546_me_sa_t1.jpg,meningioma,1,meningioma,1,True,1.0,Large,2.82135009765625,2.8900146484375,0.9409564520438152,0.8884964682139254,0.9297782470960929,0.9524067063277447,0.9979116617206023,0.9966278076171875,0.2054358571767807,12.340608596801758,12.626114845275879,1.0,0.1026252983293556,0.1026252983293556,0.18614718614718614,1.0,0.19397817876626103,0.19397817876626103,0.3249275107635533,1.0,0.43618778013682474,0.43618778013682474,0.6074244415243101,1.0,0.19869911875786822,0.19869911875786822,0.3315245930334325,C:\Users\vaidy\OneDrive\Desktop\Programming\COMPUTER VISION\TumorDetetction\brisc2025\classification_task\test\meningioma\brisc2025_test_00546_me_sa_t1.jpg,C:\Users\vaidy\OneDrive\Desktop\Programming\COMPUTER VISION\TumorDetetction\brisc2025\segmentation_task\test\masks\brisc2025_test_00546_me_sa_t1.png
brisc2025_test_00547_me_sa_t1.jpg,meningioma,1,meningioma,1,True,0.9999370574951172,Large,3.2958984375,3.2867431640625,0.9578117756142791,0.9190391459074733,0.9591457753017641,0.9564814814814815,0.9986114617520828,0.997222900390625,0.23106276988983154,13.131648063659668,13.126058578491211,1.0,0.11184755592377796,0.11184755592377796,0.20119225037257824,1.0,0.20429395630379268,0.20429395630379268,0.3392758972747978,0.9976851851851852,0.43203688853247796,0.43160424594432206,0.6029658645775042,1.0,0.2037264730918377,0.2037264730918377,0.3384929677064509,C:\Users\vaidy\OneDrive\Desktop\Programming\COMPUTER VISION\TumorDetetction\brisc2025\classification_task\test\meningioma\brisc2025_test_00547_me_sa_t1.jpg,C:\Users\vaidy\OneDrive\Desktop\Programming\COMPUTER VISION\TumorDetetction\brisc2025\segmentation_task\test\masks\brisc2025_test_00547_me_sa_t1.png
brisc2025_test_00548_me_sa_t1.jpg,meningioma,1,meningioma,1,True,0.9999998807907104,Medium,2.06451416015625,2.1148681640625,0.9339174881343556,0.876027397260274,0.9227994227994228,0.9453067257945307,0.9983328918872598,0.9972381591796875,0.2095165103673935,7.915591239929199,8.11815071105957,1.0,0.07181147497478903,0.07181147497478903,0.13400019807863722,1.0,0.13859864781807008,0.13859864781807008,0.24345479082321186,0.729490022172949,0.23944687045123728,0.21991978609625668,0.36054794520547945,1.0,0.14197910264290103,0.14197910264290103,0.24865446716899892,C:\Users\vaidy\OneDrive\Desktop\Programming\COMPUTER VISION\TumorDetetction\brisc2025\classification_task\test\meningioma\brisc2025_test_00548_me_sa_t1.jpg,C:\Users\vaidy\OneDrive\Desktop\Programming\COMPUTER VISION\TumorDetetction\brisc2025\segmentation_task\test\masks\brisc2025_test_00548_me_sa_t1.png
brisc2025_test_00549_me_sa_t1.jpg,meningioma,1,meningioma,1,True,0.9999967813491821,Large,2.1697998046875,2.22015380859375,0.9454292665971498,0.8965062623599209,0.9347079037800687,0.9563994374120957,0.9985182643416415,0.9976043701171875,0.22478583455085754,8.478474617004395,8.640154838562012,1.0,0.07416292896630854,0.07416292896630854,0.13808506506117693,1.0,0.14722020913138006,0.14722020913138006,0.25665553650392564,0.9085794655414908,0.30572645527685754,0.29660238751147844,0.45750708215297453,1.0,0.1506367118749353,0.1506367118749353,0.26183192369983804,C:\Users\vaidy\OneDrive\Desktop\Programming\COMPUTER VISION\TumorDetetction\brisc2025\classification_task\test\meningioma\brisc2025_test_00549_me_sa_t1.jpg,C:\Users\vaidy\OneDrive\Desktop\Programming\COMPUTER VISION\TumorDetetction\brisc2025\segmentation_task\test\masks\brisc2025_test_00549_me_sa_t1.png
brisc2025_test_00550_me_sa_t1.jpg,meningioma,1,meningioma,1,True,0.9997391104698181,Medium,1.25732421875,1.263427734375,0.8946731234866828,0.8094194961664841,0.892512077294686,0.8968446601941747,0.9986246754852268,0.997344970703125,0.2662758529186249,3.8421437740325928,3.883253812789917,1.0,0.03718747179348317,0.03718747179348317,0.07170829344704552,1.0,0.08738069989395546,0.08738069989395546,0.16071776867563878,0.7754854368932039,0.18231098430813125,0.17317073170731706,0.29521829521829523,1.0,0.08780487804878048,0.08780487804878048,0.16143497757847533,C:\Users\vaidy\OneDrive\Desktop\Programming\COMPUTER VISION\TumorDetetction\brisc2025\classification_task\test\meningioma\brisc2025_test_00550_me_sa_t1.jpg,C:\Users\vaidy\OneDrive\Desktop\Programming\COMPUTER VISION\TumorDetetction\brisc2025\segmentation_task\test\masks\brisc2025_test_00550_me_sa_t1.png
brisc2025_test_00551_me_sa_t1.jpg,meningioma,1,meningioma,1,True,1.0,Medium,1.9439697265625,1.94549560546875,0.9399764613573951,0.8867505551443375,0.9396078431372549,0.9403453689167975,0.9988017802122561,0.9976654052734375,0.2629643678665161,6.289273262023926,6.319308280944824,1.0,0.054554018755620264,0.054554018755620264,0.10346367807690746,1.0,0.10669123189012646,0.10669123189012646,0.19281119939462732,0.8540031397174255,0.23382763808295723,0.22483984294275677,0.3671334570609077,1.0,0.106774976970103,0.106774976970103,0.19294794188861986,C:\Users\vaidy\OneDrive\Desktop\Programming\COMPUTER VISION\TumorDetetction\brisc2025\classification_task\test\meningioma\brisc2025_test_00551_me_sa_t1.jpg,C:\Users\vaidy\OneDrive\Desktop\Programming\COMPUTER VISION\TumorDetetction\brisc2025\segmentation_task\test\masks\brisc2025_test_00551_me_sa_t1.png
brisc2025_test_00552_me_sa_t1.jpg,meningioma,1,meningioma,1,True,0.9820538759231567,Small,0.6988525390625,0.76446533203125,0.886339937434828,0.795880149812734,0.8483033932135728,0.9279475982532751,0.998832170626018,0.9983367919921875,0.27233004570007324,2.2805564403533936,2.4856150150299072,1.0,0.017673844254071158,0.017673844254071158,0.03473380858486273,1.0,0.04026019690576653,0.04026019690576653,0.07740408991042758,1.0,0.1063632141198328,0.1063632141198328,0.19227539882451722,1.0,0.04404008438818566,0.04404008438818566,0.08436473857034604,C:\Users\vaidy\OneDrive\Desktop\Programming\COMPUTER VISION\TumorDetetction\brisc2025\classification_task\test\meningioma\brisc2025_test_00552_me_sa_t1.jpg,C:\Users\vaidy\OneDrive\Desktop\Programming\COMPUTER VISION\TumorDetetction\brisc2025\segmentation_task\test\masks\brisc2025_test_00552_me_sa_t1.png
brisc2025_test_00553_me_sa_t1.jpg,meningioma,1,meningioma,1,True,0.9997475743293762,Medium,2.02178955078125,1.9775390625,0.9286531858069439,0.8668091168091168,0.9390432098765432,0.9184905660377358,0.9987696812072698,0.9971466064453125,0.25325462222099304,6.328969955444336,6.20128870010376,1.0,0.06473835931010896,0.06473835931010896,0.1216042584434655,0.9962264150943396,0.12819267747887733,0.128130460104834,0.22715539494062983,0.6166037735849057,0.1917390283970899,0.17131474103585656,0.2925170068027211,1.0,0.12586190152471594,0.12586190152471594,0.2235831967566635,C:\Users\vaidy\OneDrive\Desktop\Programming\COMPUTER VISION\TumorDetetction\brisc2025\classification_task\test\meningioma\brisc2025_test_00553_me_sa_t1.jpg,C:\Users\vaidy\OneDrive\Desktop\Programming\COMPUTER VISION\TumorDetetction\brisc2025\segmentation_task\test\masks\brisc2025_test_00553_me_sa_t1.png
brisc2025_test_00554_me_sa_t1.jpg,meningioma,1,meningioma,1,True,1.0,Large,3.9886474609375,3.99017333984375,0.9565882577930771,0.9167888563049853,0.9564053537284894,0.9567712318286151,0.9981882330504434,0.9965362548828125,0.22572359442710876,14.078436851501465,14.102352142333984,1.0,0.12712771131212916,0.12712771131212916,0.22557818432861582,0.9912012241775058,0.2517000194287935,0.2511388969661723,0.40145646110938954,0.6740627390971691,0.4042211516402845,0.3381308769909806,0.5053778861322243,0.9954110898661568,0.252865747037109,0.2525713176790219,0.4032845301727477,C:\Users\vaidy\OneDrive\Desktop\Programming\COMPUTER VISION\TumorDetetction\brisc2025\classification_task\test\meningioma\brisc2025_test_00554_me_sa_t1.jpg,C:\Users\vaidy\OneDrive\Desktop\Programming\COMPUTER VISION\TumorDetetction\brisc2025\segmentation_task\test\masks\brisc2025_test_00554_me_sa_t1.png
brisc2025_test_00555_me_sa_t1.jpg,meningioma,1,meningioma,1,True,0.999839186668396,Large,2.61383056640625,3.41949462890625,0.815882650480526,0.6890217855617258,0.7197679607318161,0.9416228838295388,0.9901602870438556,0.9888916015625,0.2948071360588074,7.603938102722168,8.840999603271484,1.0,0.05279215976331361,0.05279215976331361,0.1002898041626416,1.0,0.15024997807209894,0.15024997807209894,0.2612475217324996,0.8914185639229422,0.4369098712446352,0.41483292583537085,0.586405529953917,0.785809906291834,0.15446013507587053,0.14821984681424122,0.25817328837413867,C:\Users\vaidy\OneDrive\Desktop\Programming\COMPUTER VISION\TumorDetetction\brisc2025\classification_task\test\meningioma\brisc2025_test_00555_me_sa_t1.jpg,C:\Users\vaidy\OneDrive\Desktop\Programming\COMPUTER VISION\TumorDetetction\brisc2025\segmentation_task\test\masks\brisc2025_test_00555_me_sa_t1.png
brisc2025_test_00556_me_sa_t1.jpg,meningioma,1,meningioma,1,True,0.9999829530715942,Medium,1.28936767578125,1.336669921875,0.9122603137710633,0.8386752136752137,0.8961187214611872,0.9289940828402367,0.9985933128255863,0.9976959228515625,0.2732977569103241,3.284541130065918,3.3565070629119873,1.0,0.03264943394768363,0.03264943394768363,0.06323430367432463,1.0,0.06962181758259867,0.06962181758259867,0.13018024957633648,0.2650887573964497,0.050156739811912224,0.04403381167682328,0.08435322914705329,1.0,0.07217599077201944,0.07217599077201944,0.1346345961730577,C:\Users\vaidy\OneDrive\Desktop\Programming\COMPUTER VISION\TumorDetetction\brisc2025\classification_task\test\meningioma\brisc2025_test_00556_me_sa_t1.jpg,C:\Users\vaidy\OneDrive\Desktop\Programming\COMPUTER VISION\TumorDetetction\brisc2025\segmentation_task\test\masks\brisc2025_test_00556_me_sa_t1.png
brisc2025_test_00557_me_sa_t1.jpg,meningioma,1,meningioma,1,True,0.9998825788497925,Medium,0.8514404296875,0.91094970703125,0.9073593073593074,0.8304278922345484,0.8777219430485762,0.9390681003584229,0.9988765428298809,0.9983673095703125,0.25558358430862427,2.916124105453491,3.127002000808716,1.0,0.02623659958623284,0.02623659958623284,0.051131677815449465,1.0,0.05102414045354792,0.05102414045354792,0.09709413607099356,1.0,0.11583973427444468,0.11583973427444468,0.2076279069767442,1.0,0.054590343818580835,0.054590343818580835,0.10352900372843146,C:\Users\vaidy\OneDrive\Desktop\Programming\COMPUTER VISION\TumorDetetction\brisc2025\classification_task\test\meningioma\brisc2025_test_00557_me_sa_t1.jpg,C:\Users\vaidy\OneDrive\Desktop\Programming\COMPUTER VISION\TumorDetetction\brisc2025\segmentation_task\test\masks\brisc2025_test_00557_me_sa_t1.png
brisc2025_test_00558_me_sa_t1.jpg,meningioma,1,meningioma,1,True,0.9960460066795349,Small,0.28533935546875,0.27008056640625,0.8131868131868132,0.6851851851851852,0.8361581920903954,0.7914438502673797,0.9995562288634868,0.99896240234375,0.3162795603275299,0.20085377991199493,0.1875026673078537,0.19786096256684493,0.0012219286657859975,0.0012159053565560303,0.002428857452325467,0.0,0.0,0.0,0.0,0.0,0.0,0.0,0.0,0.0,0.0,0.0,0.0,C:\Users\vaidy\OneDrive\Desktop\Programming\COMPUTER VISION\TumorDetetction\brisc2025\classification_task\test\meningioma\brisc2025_test_00558_me_sa_t1.jpg,C:\Users\vaidy\OneDrive\Desktop\Programming\COMPUTER VISION\TumorDetetction\brisc2025\segmentation_task\test\masks\brisc2025_test_00558_me_sa_t1.png
brisc2025_test_00559_me_sa_t1.jpg,meningioma,1,meningioma,1,True,0.9999876022338867,Medium,0.8514404296875,1.1627197265625,0.8121212121212121,0.6836734693877551,0.7034120734908137,0.9605734767025089,0.9965218997199052,0.9962158203125,0.2809649705886841,1.722931146621704,2.3621835708618164,1.0,0.01963060686015831,0.01963060686015831,0.03850533071110651,0.8494623655913979,0.03569814731134207,0.03547373147732375,0.06851691240242845,0.0,0.0,0.0,0.0,0.8582677165354331,0.04925440578400361,0.04885701479157328,0.09316239316239316,C:\Users\vaidy\OneDrive\Desktop\Programming\COMPUTER VISION\TumorDetetction\brisc2025\classification_task\test\meningioma\brisc2025_test_00559_me_sa_t1.jpg,C:\Users\vaidy\OneDrive\Desktop\Programming\COMPUTER VISION\TumorDetetction\brisc2025\segmentation_task\test\masks\brisc2025_test_00559_me_sa_t1.png
brisc2025_test_00560_me_sa_t1.jpg,meningioma,1,meningioma,1,True,1.0,Large,2.984619140625,2.9052734375,0.9471502590673575,0.8996062992125984,0.9600840336134454,0.934560327198364,0.9988046555520604,0.99688720703125,0.22007808089256287,11.701003074645996,11.386597633361816,1.0,0.10562695755481154,0.10562695755481154,0.19107160300869394,1.0,0.2009038619556286,0.2009038619556286,0.3345877523092713,0.8829243353783232,0.42224938875305623,0.39986107895346146,0.5712868011908699,1.0,0.19556285949055052,0.19556285949055052,0.32714776632302406,C:\Users\vaidy\OneDrive\Desktop\Programming\COMPUTER VISION\TumorDetetction\brisc2025\classification_task\test\meningioma\brisc2025_test_00560_me_sa_t1.jpg,C:\Users\vaidy\OneDrive\Desktop\Programming\COMPUTER VISION\TumorDetetction\brisc2025\segmentation_task\test\masks\brisc2025_test_00560_me_sa_t1.png
brisc2025_test_00701_pi_ax_t1.jpg,pituitary,2,pituitary,2,True,0.9999935626983643,Medium,0.8270263671875,0.8087158203125,0.8432835820895522,0.7290322580645161,0.8528301886792453,0.8339483394833949,0.9987998892205434,0.9974365234375,0.4116433560848236,1.7360594272613525,1.6778134107589722,1.0,0.012952563030230613,0.012952563030230613,0.02557387878358931,1.0,0.022020883273067077,0.022020883273067077,0.04309282448817332,1.0,0.05133061842977555,0.05133061842977555,0.09764886046302135,1.0,0.02153333604192906,0.02153333604192906,0.04215885137016267,C:\Users\vaidy\OneDrive\Desktop\Programming\COMPUTER VISION\TumorDetetction\brisc2025\classification_task\test\pituitary\brisc2025_test_00701_pi_ax_t1.jpg,C:\Users\vaidy\OneDrive\Desktop\Programming\COMPUTER VISION\TumorDetetction\brisc2025\segmentation_task\test\masks\brisc2025_test_00701_pi_ax_t1.png
brisc2025_test_00702_pi_ax_t1.jpg,pituitary,2,pituitary,2,True,0.9998949766159058,Medium,0.72479248046875,0.81329345703125,0.8948412698412699,0.8096947935368043,0.8461538461538461,0.9494736842105264,0.998739644333779,0.998382568359375,0.3040364682674408,2.1459710597991943,2.4029948711395264,1.0,0.015036879926556713,0.015036879926556713,0.02962824351297405,1.0,0.03353098969363264,0.03353098969363264,0.06488627825968171,1.0,0.08123824183341885,0.08123824183341885,0.15026890224612463,1.0,0.03762530001411831,0.03762530001411831,0.07252194026804544,C:\Users\vaidy\OneDrive\Desktop\Programming\COMPUTER VISION\TumorDetetction\brisc2025\classification_task\test\pituitary\brisc2025_test_00702_pi_ax_t1.jpg,C:\Users\vaidy\OneDrive\Desktop\Programming\COMPUTER VISION\TumorDetetction\brisc2025\segmentation_task\test\masks\brisc2025_test_00702_pi_ax_t1.png
brisc2025_test_00703_pi_ax_t1.jpg,pituitary,2,pituitary,2,True,0.9998340606689453,Small,0.17547607421875,1.025390625,0.24650571791613723,0.14057971014492754,0.14434523809523808,0.8434782608695652,0.9912107732990936,0.9909515380859375,0.28947287797927856,0.5653205513954163,3.463804006576538,1.0,0.004040900945219438,0.004040900945219438,0.008049275565199132,1.0,0.00799833078314091,0.00799833078314091,0.01586973021458635,1.0,0.01713859910581222,0.01713859910581222,0.0336996336996337,1.0,0.04673807205452775,0.04673807205452775,0.08930232558139535,C:\Users\vaidy\OneDrive\Desktop\Programming\COMPUTER VISION\TumorDetetction\brisc2025\classification_task\test\pituitary\brisc2025_test_00703_pi_ax_t1.jpg,C:\Users\vaidy\OneDrive\Desktop\Programming\COMPUTER VISION\TumorDetetction\brisc2025\segmentation_task\test\masks\brisc2025_test_00703_pi_ax_t1.png
brisc2025_test_00704_pi_ax_t1.jpg,pituitary,2,pituitary,2,True,0.9999741315841675,Small,0.69732666015625,0.76904296875,0.8324661810613944,0.7130124777183601,0.7936507936507936,0.87527352297593,0.9984019422547981,0.9975433349609375,0.3481449484825134,1.4509003162384033,1.6229145526885986,1.0,0.01199254730102081,0.01199254730102081,0.023700860906544965,1.0,0.02629307864909959,0.02629307864909959,0.05123892813095639,0.3085339168490153,0.020836411999408895,0.019906819144430325,0.03903654485049834,1.0,0.02899718082964156,0.02899718082964156,0.0563600782778865,C:\Users\vaidy\OneDrive\Desktop\Programming\COMPUTER VISION\TumorDetetction\brisc2025\classification_task\test\pituitary\brisc2025_test_00704_pi_ax_t1.jpg,C:\Users\vaidy\OneDrive\Desktop\Programming\COMPUTER VISION\TumorDetetction\brisc2025\segmentation_task\test\masks\brisc2025_test_00704_pi_ax_t1.png
brisc2025_test_00705_pi_ax_t1.jpg,pituitary,2,pituitary,2,True,0.9997989535331726,Small,0.58746337890625,0.00762939453125,0.02564102564102564,0.012987012987012988,1.0,0.012987012987012988,1.0,0.99420166015625,0.3556661605834961,1.3248296976089478,0.016761414706707,1.0,0.011084559352776899,0.011084559352776899,0.02192607779486303,1.0,0.018193847171683757,0.018193847171683757,0.03573749187784275,0.9948051948051948,0.042334475516745886,0.0423251187976572,0.08121289228159458,1.0,0.00023628372950238648,0.00023628372950238648,0.00047245582538032695,C:\Users\vaidy\OneDrive\Desktop\Programming\COMPUTER VISION\TumorDetetction\brisc2025\classification_task\test\pituitary\brisc2025_test_00705_pi_ax_t1.jpg,C:\Users\vaidy\OneDrive\Desktop\Programming\COMPUTER VISION\TumorDetetction\brisc2025\segmentation_task\test\masks\brisc2025_test_00705_pi_ax_t1.png
brisc2025_test_00706_pi_ax_t1.jpg,pituitary,2,pituitary,2,True,0.9805850386619568,Small,0.3173828125,0.30975341796875,0.851581508515815,0.7415254237288136,0.8620689655172413,0.8413461538461539,0.9995713935831496,0.9990692138671875,0.35017672181129456,0.7836639881134033,0.7629296779632568,1.0,0.006046687403703596,0.006046687403703596,0.012020689455890427,1.0,0.01014832162373146,0.01014832162373146,0.02009273570324575,1.0,0.021532091097308487,0.021532091097308487,0.04215646534252128,1.0,0.009904371584699454,0.009904371584699454,0.019614474129184985,C:\Users\vaidy\OneDrive\Desktop\Programming\COMPUTER VISION\TumorDetetction\brisc2025\classification_task\test\pituitary\brisc2025_test_00706_pi_ax_t1.jpg,C:\Users\vaidy\OneDrive\Desktop\Programming\COMPUTER VISION\TumorDetetction\brisc2025\segmentation_task\test\masks\brisc2025_test_00706_pi_ax_t1.png
brisc2025_test_00707_pi_ax_t1.jpg,pituitary,2,pituitary,2,True,0.9979733824729919,Medium,1.123046875,1.318359375,0.87,0.7699115044247787,0.8055555555555556,0.9456521739130435,0.9974074074074074,0.996826171875,0.41795802116394043,1.8396027088165283,2.184511661529541,1.0,0.016467166349703546,0.016467166349703546,0.03240078360590786,1.0,0.027677496991576414,0.027677496991576414,0.053864168618266976,0.04483695652173913,0.004833748352131244,0.004382470119521913,0.00872669575565252,1.0,0.032490974729241874,0.032490974729241874,0.06293706293706294,C:\Users\vaidy\OneDrive\Desktop\Programming\COMPUTER VISION\TumorDetetction\brisc2025\classification_task\test\pituitary\brisc2025_test_00707_pi_ax_t1.jpg,C:\Users\vaidy\OneDrive\Desktop\Programming\COMPUTER VISION\TumorDetetction\brisc2025\segmentation_task\test\masks\brisc2025_test_00707_pi_ax_t1.png
brisc2025_test_00708_pi_ax_t1.jpg,pituitary,2,pituitary,2,True,0.9999284744262695,Medium,0.71258544921875,0.7537841796875,0.894901144640999,0.8097928436911488,0.8704453441295547,0.9207708779443254,0.9990164287141342,0.9984588623046875,0.34530511498451233,1.9020411968231201,2.0106184482574463,1.0,0.012712671838845788,0.012712671838845788,0.025106177087253375,1.0,0.027504564461982448,0.027504564461982448,0.05353662730711911,1.0,0.06865627756542193,0.06865627756542193,0.12849085156142523,1.0,0.029094764120384004,0.029094764120384004,0.05654438276197562,C:\Users\vaidy\OneDrive\Desktop\Programming\COMPUTER VISION\TumorDetetction\brisc2025\classification_task\test\pituitary\brisc2025_test_00708_pi_ax_t1.jpg,C:\Users\vaidy\OneDrive\Desktop\Programming\COMPUTER VISION\TumorDetetction\brisc2025\segmentation_task\test\masks\brisc2025_test_00708_pi_ax_t1.png
brisc2025_test_00709_pi_ax_t1.jpg,pituitary,2,pituitary,2,True,0.999505877494812,Medium,1.27410888671875,1.24969482421875,0.9117291414752116,0.8377777777777777,0.9206349206349206,0.9029940119760479,0.9989953787422142,0.997772216796875,0.33373087644577026,3.4586329460144043,3.391171932220459,1.0,0.024474602104522673,0.024474602104522673,0.04777981231403067,1.0,0.039712736611813945,0.039712736611813945,0.0763917478614885,1.0,0.10799275737196068,0.10799275737196068,0.19493404925878371,1.0,0.03895177399410254,0.03895177399410254,0.07498283360036621,C:\Users\vaidy\OneDrive\Desktop\Programming\COMPUTER VISION\TumorDetetction\brisc2025\classification_task\test\pituitary\brisc2025_test_00709_pi_ax_t1.jpg,C:\Users\vaidy\OneDrive\Desktop\Programming\COMPUTER VISION\TumorDetetction\brisc2025\segmentation_task\test\masks\brisc2025_test_00709_pi_ax_t1.png
brisc2025_test_00710_pi_ax_t1.jpg,pituitary,2,pituitary,2,True,0.9998098015785217,Medium,0.946044921875,1.171875,0.8587896253602305,0.7525252525252525,0.7760416666666666,0.9612903225806452,0.9973504220839239,0.99700927734375,0.3034681975841522,2.8580806255340576,3.511855125427246,1.0,0.01888976905733959,0.01888976905733959,0.03707912206207763,1.0,0.041297542130153866,0.041297542130153866,0.07931938847310177,1.0,0.12164018049833235,0.12164018049833235,0.21689697393737975,1.0,0.05115566509025511,0.05115566509025511,0.09733223496609847,C:\Users\vaidy\OneDrive\Desktop\Programming\COMPUTER VISION\TumorDetetction\brisc2025\classification_task\test\pituitary\brisc2025_test_00710_pi_ax_t1.jpg,C:\Users\vaidy\OneDrive\Desktop\Programming\COMPUTER VISION\TumorDetetction\brisc2025\segmentation_task\test\masks\brisc2025_test_00710_pi_ax_t1.png
brisc2025_test_00711_pi_ax_t1.jpg,pituitary,2,pituitary,2,True,0.9978233575820923,Small,0.38604736328125,0.4058837890625,0.8362235067437379,0.7185430463576159,0.8157894736842105,0.857707509881423,0.9992494217483878,0.9987030029296875,0.2836436331272125,1.2131390571594238,1.270737886428833,1.0,0.008684906113761971,0.008684906113761971,0.01722025592158998,1.0,0.016708492933562278,0.016708492933562278,0.032867814225397855,1.0,0.039438815276695245,0.039438815276695245,0.07588482303539291,1.0,0.017567032096156385,0.017567032096156385,0.03452751817237799,C:\Users\vaidy\OneDrive\Desktop\Programming\COMPUTER VISION\TumorDetetction\brisc2025\classification_task\test\pituitary\brisc2025_test_00711_pi_ax_t1.jpg,C:\Users\vaidy\OneDrive\Desktop\Programming\COMPUTER VISION\TumorDetetction\brisc2025\segmentation_task\test\masks\brisc2025_test_00711_pi_ax_t1.png
brisc2025_test_00712_pi_ax_t1.jpg,pituitary,2,pituitary,2,True,0.9979531764984131,Small,0.60577392578125,1.55792236328125,0.5204513399153737,0.3517635843660629,0.3614103819784525,0.929471032745592,0.98999063541043,0.9896240234375,0.36042362451553345,1.4600363969802856,3.5866260528564453,1.0,0.01151592504496142,0.01151592504496142,0.022769636660835653,1.0,0.01736050376071366,0.01736050376071366,0.03412851923490221,1.0,0.0346180676665504,0.0346180676665504,0.06691951116729877,1.0,0.044647542417351756,0.044647542417351756,0.08547867219222237,C:\Users\vaidy\OneDrive\Desktop\Programming\COMPUTER VISION\TumorDetetction\brisc2025\classification_task\test\pituitary\brisc2025_test_00712_pi_ax_t1.jpg,C:\Users\vaidy\OneDrive\Desktop\Programming\COMPUTER VISION\TumorDetetction\brisc2025\segmentation_task\test\masks\brisc2025_test_00712_pi_ax_t1.png
brisc2025_test_00713_pi_ax_t1.jpg,pituitary,2,pituitary,2,True,0.9999418258666992,Small,0.53863525390625,0.85906982421875,0.7161572052401747,0.5578231292517006,0.5825932504440497,0.9291784702549575,0.9963947655063436,0.99603271484375,0.4075626730918884,1.2576786279678345,1.9960416555404663,1.0,0.00849885638618033,0.00849885638618033,0.016854469060351412,1.0,0.014050869720972813,0.014050869720972813,0.027712356727900768,1.0,0.034812623274161736,0.034812623274161736,0.0672829505384542,1.0,0.022409744059228597,0.022409744059228597,0.043837109709569416,C:\Users\vaidy\OneDrive\Desktop\Programming\COMPUTER VISION\TumorDetetction\brisc2025\classification_task\test\pituitary\brisc2025_test_00713_pi_ax_t1.jpg,C:\Users\vaidy\OneDrive\Desktop\Programming\COMPUTER VISION\TumorDetetction\brisc2025\segmentation_task\test\masks\brisc2025_test_00713_pi_ax_t1.png
brisc2025_test_00714_pi_ax_t1.jpg,pituitary,2,pituitary,2,True,0.9999973773956299,Medium,0.71258544921875,0.6805419921875,0.9134720700985761,0.8407258064516129,0.9349775784753364,0.892933618843683,0.9995543192610921,0.9987945556640625,0.3210866153240204,1.9917467832565308,1.906073808670044,1.0,0.013652974711299518,0.013652974711299518,0.026938163359483156,1.0,0.03002057084083312,0.03002057084083312,0.058291206390813206,1.0,0.07209015128125965,0.07209015128125965,0.13448524118070554,1.0,0.028670609411159682,0.028670609411159682,0.05574303212098488,C:\Users\vaidy\OneDrive\Desktop\Programming\COMPUTER VISION\TumorDetetction\brisc2025\classification_task\test\pituitary\brisc2025_test_00714_pi_ax_t1.jpg,C:\Users\vaidy\OneDrive\Desktop\Programming\COMPUTER VISION\TumorDetetction\brisc2025\segmentation_task\test\masks\brisc2025_test_00714_pi_ax_t1.png
brisc2025_test_00715_pi_ax_t1.jpg,pituitary,2,pituitary,2,True,0.998712420463562,Small,0.62103271484375,0.60272216796875,0.885286783042394,0.7941834451901566,0.8987341772151899,0.8722358722358723,0.999385834267377,0.99859619140625,0.2855319380760193,1.6337130069732666,1.5860687494277954,1.0,0.013235772357723578,0.013235772357723578,0.026125750232692493,1.0,0.030110231560257453,0.030110231560257453,0.05846021258259121,0.48157248157248156,0.04748062015503876,0.045171698548052544,0.08643880926130099,1.0,0.02922246060516387,0.02922246060516387,0.05678550891316849,C:\Users\vaidy\OneDrive\Desktop\Programming\COMPUTER VISION\TumorDetetction\brisc2025\classification_task\test\pituitary\brisc2025_test_00715_pi_ax_t1.jpg,C:\Users\vaidy\OneDrive\Desktop\Programming\COMPUTER VISION\TumorDetetction\brisc2025\segmentation_task\test\masks\brisc2025_test_00715_pi_ax_t1.png
brisc2025_test_00716_pi_ax_t1.jpg,pituitary,2,pituitary,2,True,0.999981164932251,Small,0.244140625,0.42877197265625,0.6394557823129252,0.47,0.501779359430605,0.88125,0.997858541360744,0.9975738525390625,0.34769248962402344,0.5921420454978943,1.043224573135376,1.0,0.004548555833522857,0.004548555833522857,0.00905592030790129,1.0,0.008341588029821177,0.008341588029821177,0.016545163124967684,1.0,0.02137608550434202,0.02137608550434202,0.041857423152387184,1.0,0.014649913977373443,0.014649913977373443,0.028876785530777927,C:\Users\vaidy\OneDrive\Desktop\Programming\COMPUTER VISION\TumorDetetction\brisc2025\classification_task\test\pituitary\brisc2025_test_00716_pi_ax_t1.jpg,C:\Users\vaidy\OneDrive\Desktop\Programming\COMPUTER VISION\TumorDetetction\brisc2025\segmentation_task\test\masks\brisc2025_test_00716_pi_ax_t1.png
brisc2025_test_00717_pi_ax_t1.jpg,pituitary,2,pituitary,2,True,0.9999698400497437,Medium,1.93939208984375,1.861572265625,0.8133279807306303,0.6853856562922869,0.830327868852459,0.7970102281667978,0.9967789621100133,0.9929046630859375,0.3595719635486603,3.0483217239379883,3.0478203296661377,1.0,0.03196358515239915,0.03196358515239915,0.061947118313634704,0.7356412273800157,0.04664737577329874,0.045878312070657505,0.08773164438189068,0.0,0.0,0.0,0.0,0.8745901639344262,0.053232887647176215,0.052829628162598403,0.1003574115876599,C:\Users\vaidy\OneDrive\Desktop\Programming\COMPUTER VISION\TumorDetetction\brisc2025\classification_task\test\pituitary\brisc2025_test_00717_pi_ax_t1.jpg,C:\Users\vaidy\OneDrive\Desktop\Programming\COMPUTER VISION\TumorDetetction\brisc2025\segmentation_task\test\masks\brisc2025_test_00717_pi_ax_t1.png
brisc2025_test_00718_pi_ax_t1.jpg,pituitary,2,pituitary,2,True,0.9983513355255127,Large,2.899169921875,2.86102294921875,0.9573509933774834,0.9181910569105691,0.9637333333333333,0.9510526315789474,0.9989314224652712,0.9975433349609375,0.25905442237854004,9.417739868164062,9.332327842712402,1.0,0.07172788704745366,0.07172788704745366,0.1338546620169784,1.0,0.1718834810928171,0.1718834810928171,0.29334568473058514,0.828421052631579,0.3917371826779492,0.3623388581952118,0.5319364650219669,1.0,0.1696218563415958,0.1696218563415958,0.2900456338463918,C:\Users\vaidy\OneDrive\Desktop\Programming\COMPUTER VISION\TumorDetetction\brisc2025\classification_task\test\pituitary\brisc2025_test_00718_pi_ax_t1.jpg,C:\Users\vaidy\OneDrive\Desktop\Programming\COMPUTER VISION\TumorDetetction\brisc2025\segmentation_task\test\masks\brisc2025_test_00718_pi_ax_t1.png
brisc2025_test_00719_pi_ax_t1.jpg,pituitary,2,pituitary,2,True,0.9999891519546509,Medium,1.52130126953125,1.85699462890625,0.8726287262872628,0.7740384615384616,0.7937551355792933,0.9689067201604814,0.9961108786935031,0.995697021484375,0.39986923336982727,3.3247992992401123,4.072920322418213,1.0,0.02424139272515075,0.02424139272515075,0.047335311572700295,1.0,0.04206396084718589,0.04206396084718589,0.08073201344183975,1.0,0.10038260169150222,0.10038260169150222,0.18245036142373502,1.0,0.05134587798498017,0.05134587798498017,0.09767647176853003,C:\Users\vaidy\OneDrive\Desktop\Programming\COMPUTER VISION\TumorDetetction\brisc2025\classification_task\test\pituitary\brisc2025_test_00719_pi_ax_t1.jpg,C:\Users\vaidy\OneDrive\Desktop\Programming\COMPUTER VISION\TumorDetetction\brisc2025\segmentation_task\test\masks\brisc2025_test_00719_pi_ax_t1.png
brisc2025_test_00720_pi_ax_t1.jpg,pituitary,2,pituitary,2,True,0.9999996423721313,Medium,0.73699951171875,1.007080078125,0.7979002624671916,0.6637554585152838,0.6909090909090909,0.9440993788819876,0.9968640954298803,0.9964752197265625,0.3346071243286133,1.9587408304214478,2.5966315269470215,1.0,0.013796452340826645,0.013796452340826645,0.027217401104474247,1.0,0.030274539300488904,0.030274539300488904,0.05876984851250228,1.0,0.07736665064872657,0.07736665064872657,0.14362176628010706,1.0,0.04136893569010906,0.04136893569010906,0.07945106536655833,C:\Users\vaidy\OneDrive\Desktop\Programming\COMPUTER VISION\TumorDetetction\brisc2025\classification_task\test\pituitary\brisc2025_test_00720_pi_ax_t1.jpg,C:\Users\vaidy\OneDrive\Desktop\Programming\COMPUTER VISION\TumorDetetction\brisc2025\segmentation_task\test\masks\brisc2025_test_00720_pi_ax_t1.png
brisc2025_test_00721_pi_ax_t1.jpg,pituitary,2,pituitary,2,True,0.999897837638855,Small,0.52490234375,0.616455078125,0.8502673796791443,0.7395348837209302,0.7871287128712872,0.9244186046511628,0.9986808197324825,0.998291015625,0.28790175914764404,1.595980167388916,1.8667171001434326,1.0,0.01135351001683224,0.01135351001683224,0.022452109780373986,1.0,0.025021821355833578,0.025021821355833578,0.048822026681805276,1.0,0.06584992343032159,0.06584992343032159,0.1235632183908046,1.0,0.029386092522548736,0.029386092522548736,0.0570944036178632,C:\Users\vaidy\OneDrive\Desktop\Programming\COMPUTER VISION\TumorDetetction\brisc2025\classification_task\test\pituitary\brisc2025_test_00721_pi_ax_t1.jpg,C:\Users\vaidy\OneDrive\Desktop\Programming\COMPUTER VISION\TumorDetetction\brisc2025\segmentation_task\test\masks\brisc2025_test_00721_pi_ax_t1.png
brisc2025_test_00722_pi_ax_t1.jpg,pituitary,2,meningioma,1,False,0.9987094402313232,Medium,1.26800537109375,0.6103515625,0.5393988627132412,0.3692992213570634,0.83,0.39951865222623345,0.998949076578317,0.9913482666015625,0.3142644166946411,3.6988143920898438,1.7755849361419678,1.0,0.025757059169947,0.025757059169947,0.050220583791623856,1.0,0.05694120871591065,0.05694120871591065,0.10774716369529984,1.0,0.1760966306420852,0.1760966306420852,0.29945945945945945,1.0,0.027408524050979856,0.027408524050979856,0.0533546752034147,C:\Users\vaidy\OneDrive\Desktop\Programming\COMPUTER VISION\TumorDetetction\brisc2025\classification_task\test\pituitary\brisc2025_test_00722_pi_ax_t1.jpg,C:\Users\vaidy\OneDrive\Desktop\Programming\COMPUTER VISION\TumorDetetction\brisc2025\segmentation_task\test\masks\brisc2025_test_00722_pi_ax_t1.png
brisc2025_test_00723_pi_ax_t1.jpg,pituitary,2,pituitary,2,True,0.9998165965080261,Small,0.37994384765625,1.0894775390625,0.5109034267912772,0.34309623430962344,0.3445378151260504,0.9879518072289156,0.9928316510178137,0.9928131103515625,0.3849640488624573,0.7895300984382629,2.346626043319702,1.0,0.006247020748137184,0.006247020748137184,0.012416475516106513,1.0,0.011498499191872546,0.011498499191872546,0.022735573411249085,0.9759036144578314,0.033347056401811445,0.03331962155491567,0.06449044585987261,1.0,0.032971600092357424,0.032971600092357424,0.0638383477133533,C:\Users\vaidy\OneDrive\Desktop\Programming\COMPUTER VISION\TumorDetetction\brisc2025\classification_task\test\pituitary\brisc2025_test_00723_pi_ax_t1.jpg,C:\Users\vaidy\OneDrive\Desktop\Programming\COMPUTER VISION\TumorDetetction\brisc2025\segmentation_task\test\masks\brisc2025_test_00723_pi_ax_t1.png
brisc2025_test_00724_pi_ax_t1.jpg,pituitary,2,pituitary,2,True,0.9995089769363403,Medium,0.97198486328125,0.98419189453125,0.8455538221528861,0.7324324324324324,0.8403100775193798,0.8508634222919937,0.9984129185349543,0.996978759765625,0.3077514171600342,2.6558210849761963,2.669707775115967,1.0,0.020361846311213398,0.020361846311213398,0.03991103035619185,1.0,0.04239318514574737,0.04239318514574737,0.08133818553278427,0.9937205651491365,0.11002954980010429,0.10995310057321521,0.19812206572769953,1.0,0.042925595634233996,0.042925595634233996,0.08231765681832684,C:\Users\vaidy\OneDrive\Desktop\Programming\COMPUTER VISION\TumorDetetction\brisc2025\classification_task\test\pituitary\brisc2025_test_00724_pi_ax_t1.jpg,C:\Users\vaidy\OneDrive\Desktop\Programming\COMPUTER VISION\TumorDetetction\brisc2025\segmentation_task\test\masks\brisc2025_test_00724_pi_ax_t1.png
brisc2025_test_00725_pi_ax_t1.jpg,pituitary,2,pituitary,2,True,0.9708417057991028,Medium,0.738525390625,0.72784423828125,0.9053069719042663,0.8269961977186312,0.9119496855345912,0.8987603305785123,0.9993543626637151,0.9986114501953125,0.30940353870391846,2.1796045303344727,2.15958309173584,1.0,0.015056305605674112,0.015056305605674112,0.029665951578302176,1.0,0.03272260158204313,0.03272260158204313,0.06337152209492634,1.0,0.0985342019543974,0.0985342019543974,0.1793921423276501,1.0,0.03224934081536069,0.03224934081536069,0.062483625884202254,C:\Users\vaidy\OneDrive\Desktop\Programming\COMPUTER VISION\TumorDetetction\brisc2025\classification_task\test\pituitary\brisc2025_test_00725_pi_ax_t1.jpg,C:\Users\vaidy\OneDrive\Desktop\Programming\COMPUTER VISION\TumorDetetction\brisc2025\segmentation_task\test\masks\brisc2025_test_00725_pi_ax_t1.png
brisc2025_test_00726_pi_ax_t1.jpg,pituitary,2,pituitary,2,True,0.9999960660934448,Medium,0.99029541015625,0.90179443359375,0.9032258064516129,0.8235294117647058,0.9475465313028765,0.8628659476117103,0.9995222463667607,0.9981689453125,0.327553391456604,2.251539468765259,2.044295072555542,1.0,0.01955467172858477,0.01955467172858477,0.03835924108989893,1.0,0.03847750044465524,0.03847750044465524,0.07410367663850194,0.48228043143297383,0.048685643179343596,0.04626755358462675,0.08844306301215032,1.0,0.035038833224639826,0.035038833224639826,0.0677053499828159,C:\Users\vaidy\OneDrive\Desktop\Programming\COMPUTER VISION\TumorDetetction\brisc2025\classification_task\test\pituitary\brisc2025_test_00726_pi_ax_t1.jpg,C:\Users\vaidy\OneDrive\Desktop\Programming\COMPUTER VISION\TumorDetetction\brisc2025\segmentation_task\test\masks\brisc2025_test_00726_pi_ax_t1.png
brisc2025_test_00727_pi_ax_t1.jpg,pituitary,2,pituitary,2,True,0.9999206066131592,Medium,0.91705322265625,0.8392333984375,0.8740225890529973,0.7762345679012346,0.9145454545454546,0.8369384359400999,0.9992761992761993,0.9977874755859375,0.2964157462120056,2.403437614440918,2.158384084701538,1.0,0.018992542030084693,0.018992542030084693,0.037277097224375874,1.0,0.039510880284005,0.039510880284005,0.0760182140146724,0.6572379367720466,0.07213294375456537,0.0695177754311862,0.12999835445120947,1.0,0.03615804352113602,0.03615804352113602,0.06979252585495845,C:\Users\vaidy\OneDrive\Desktop\Programming\COMPUTER VISION\TumorDetetction\brisc2025\classification_task\test\pituitary\brisc2025_test_00727_pi_ax_t1.jpg,C:\Users\vaidy\OneDrive\Desktop\Programming\COMPUTER VISION\TumorDetetction\brisc2025\segmentation_task\test\masks\brisc2025_test_00727_pi_ax_t1.png
brisc2025_test_00728_pi_ax_t1.jpg,pituitary,2,pituitary,2,True,0.9999997615814209,Small,0.44097900390625,0.45013427734375,0.8664383561643836,0.7643504531722054,0.8576271186440678,0.8754325259515571,0.9993562922433216,0.998809814453125,0.27180764079093933,1.4058213233947754,1.4298169612884521,1.0,0.01063125367863449,0.01063125367863449,0.02103883813198413,1.0,0.021554295942720764,0.021554295942720764,0.04219902168358035,1.0,0.057673119137896627,0.057673119137896627,0.1090566037735849,1.0,0.02200178997613365,0.02200178997613365,0.043056265051448585,C:\Users\vaidy\OneDrive\Desktop\Programming\COMPUTER VISION\TumorDetetction\brisc2025\classification_task\test\pituitary\brisc2025_test_00728_pi_ax_t1.jpg,C:\Users\vaidy\OneDrive\Desktop\Programming\COMPUTER VISION\TumorDetetction\brisc2025\segmentation_task\test\masks\brisc2025_test_00728_pi_ax_t1.png
brisc2025_test_00729_pi_ax_t1.jpg,pituitary,2,pituitary,2,True,0.9998846054077148,Small,0.555419921875,0.56304931640625,0.8731241473396999,0.774818401937046,0.8672086720867209,0.8791208791208791,0.9992481433744553,0.9985809326171875,0.38449835777282715,1.2215313911437988,1.2416365146636963,1.0,0.008471026297416803,0.008471026297416803,0.01679974154243781,1.0,0.01753540803545621,0.01753540803545621,0.03446643310292586,1.0,0.04726045183069333,0.04726045183069333,0.09025539300768659,1.0,0.017776279024954236,0.017776279024954236,0.03493160410848677,C:\Users\vaidy\OneDrive\Desktop\Programming\COMPUTER VISION\TumorDetetction\brisc2025\classification_task\test\pituitary\brisc2025_test_00729_pi_ax_t1.jpg,C:\Users\vaidy\OneDrive\Desktop\Programming\COMPUTER VISION\TumorDetetction\brisc2025\segmentation_task\test\masks\brisc2025_test_00729_pi_ax_t1.png
brisc2025_test_00730_pi_ax_t1.jpg,pituitary,2,pituitary,2,True,0.9880920648574829,Small,0.6134033203125,1.0528564453125,0.6538461538461539,0.4857142857142857,0.5173913043478261,0.8880597014925373,0.9948874627690607,0.994232177734375,0.2824447453022003,1.533028244972229,2.6438655853271484,1.0,0.014309105147006479,0.014309105147006479,0.028214486243683324,1.0,0.03242458461042103,0.03242458461042103,0.0628125,0.2960199004975124,0.02216427640156454,0.02105449398443029,0.04124068618956853,1.0,0.05565413776415551,0.05565413776415551,0.105440097799511,C:\Users\vaidy\OneDrive\Desktop\Programming\COMPUTER VISION\TumorDetetction\brisc2025\classification_task\test\pituitary\brisc2025_test_00730_pi_ax_t1.jpg,C:\Users\vaidy\OneDrive\Desktop\Programming\COMPUTER VISION\TumorDetetction\brisc2025\segmentation_task\test\masks\brisc2025_test_00730_pi_ax_t1.png
brisc2025_test_00731_pi_ax_t1.jpg,pituitary,2,pituitary,2,True,0.9991312623023987,Small,0.6103515625,1.05133056640625,0.7327823691460055,0.5782608695652174,0.579100145137881,0.9975,0.9955477769589781,0.9955596923828125,0.3360132575035095,1.2043076753616333,2.0569677352905273,1.0,0.010950803515207929,0.010950803515207929,0.021664364827903702,1.0,0.023030861354214647,0.023030861354214647,0.045024763619991,0.07,0.005420054200542005,0.005055976886962802,0.01006108515989939,1.0,0.03967065868263473,0.03967065868263473,0.07631389488840892,C:\Users\vaidy\OneDrive\Desktop\Programming\COMPUTER VISION\TumorDetetction\brisc2025\classification_task\test\pituitary\brisc2025_test_00731_pi_ax_t1.jpg,C:\Users\vaidy\OneDrive\Desktop\Programming\COMPUTER VISION\TumorDetetction\brisc2025\segmentation_task\test\masks\brisc2025_test_00731_pi_ax_t1.png
brisc2025_test_00732_pi_ax_t1.jpg,pituitary,2,pituitary,2,True,0.999963641166687,Small,0.53558349609375,0.58746337890625,0.8722826086956522,0.7734939759036145,0.8337662337662337,0.9145299145299145,0.9990181790289177,0.998565673828125,0.25747573375701904,1.760576844215393,1.93000066280365,1.0,0.013896037056098817,0.013896037056098817,0.027411167512690356,1.0,0.029379760609358,0.029379760609358,0.05708245243128964,1.0,0.07335423197492164,0.07335423197492164,0.1366822429906542,1.0,0.0322256633464468,0.0322256633464468,0.06243918261433669,C:\Users\vaidy\OneDrive\Desktop\Programming\COMPUTER VISION\TumorDetetction\brisc2025\classification_task\test\pituitary\brisc2025_test_00732_pi_ax_t1.jpg,C:\Users\vaidy\OneDrive\Desktop\Programming\COMPUTER VISION\TumorDetetction\brisc2025\segmentation_task\test\masks\brisc2025_test_00732_pi_ax_t1.png
brisc2025_test_00733_pi_ax_t1.jpg,pituitary,2,pituitary,2,True,0.9999960660934448,Small,0.62713623046875,0.63323974609375,0.8983050847457628,0.8153846153846154,0.8939759036144578,0.902676399026764,0.9993243761996161,0.99871826171875,0.2485342025756836,2.249824285507202,2.2657883167266846,1.0,0.015873628920129768,0.015873628920129768,0.031251188077405616,1.0,0.033727227966518954,0.033727227966518954,0.06525363181709931,1.0,0.08703939008894536,0.08703939008894536,0.16014026884862653,1.0,0.03405547349417364,0.03405547349417364,0.06586778827077217,C:\Users\vaidy\OneDrive\Desktop\Programming\COMPUTER VISION\TumorDetetction\brisc2025\classification_task\test\pituitary\brisc2025_test_00733_pi_ax_t1.jpg,C:\Users\vaidy\OneDrive\Desktop\Programming\COMPUTER VISION\TumorDetetction\brisc2025\segmentation_task\test\masks\brisc2025_test_00733_pi_ax_t1.png
brisc2025_test_00734_pi_ax_t1.jpg,pituitary,2,pituitary,2,True,0.9998757839202881,Medium,1.51824951171875,1.4129638671875,0.9266007287870901,0.8632395732298739,0.9611231101511879,0.8944723618090452,0.9994422150261074,0.9978485107421875,0.21964983642101288,5.775333881378174,5.399250507354736,1.0,0.045147238985434913,0.045147238985434913,0.08639402622210646,1.0,0.09666763820071894,0.09666763820071894,0.176293408929837,0.8994974874371859,0.222581447401144,0.21718029604464936,0.35685805422647526,1.0,0.08996405324006607,0.08996405324006607,0.165077101345931,C:\Users\vaidy\OneDrive\Desktop\Programming\COMPUTER VISION\TumorDetetction\brisc2025\classification_task\test\pituitary\brisc2025_test_00734_pi_ax_t1.jpg,C:\Users\vaidy\OneDrive\Desktop\Programming\COMPUTER VISION\TumorDetetction\brisc2025\segmentation_task\test\masks\brisc2025_test_00734_pi_ax_t1.png
brisc2025_test_00735_pi_ax_t1.jpg,pituitary,2,pituitary,2,True,0.9999492168426514,Medium,1.55487060546875,1.3702392578125,0.9107981220657277,0.8362068965517241,0.9721603563474388,0.8567222767419038,0.9996125052311794,0.9973907470703125,0.3071191608905792,4.284467697143555,3.7997777462005615,1.0,0.0338594450905466,0.0338594450905466,0.06550106061579997,1.0,0.06757294429708223,0.06757294429708223,0.12659171377104167,0.9097154072620216,0.1795120061967467,0.17636986301369864,0.29985443959243085,1.0,0.05954907161803714,0.05954907161803714,0.11240455626486419,C:\Users\vaidy\OneDrive\Desktop\Programming\COMPUTER VISION\TumorDetetction\brisc2025\classification_task\test\pituitary\brisc2025_test_00735_pi_ax_t1.jpg,C:\Users\vaidy\OneDrive\Desktop\Programming\COMPUTER VISION\TumorDetetction\brisc2025\segmentation_task\test\masks\brisc2025_test_00735_pi_ax_t1.png
brisc2025_test_00736_pi_ax_t1.jpg,pituitary,2,pituitary,2,True,0.9990501999855042,Medium,0.72021484375,0.8880615234375,0.7666034155597723,0.6215384615384615,0.6941580756013745,0.8559322033898306,0.9972642321406615,0.996246337890625,0.3202315866947174,1.3351361751556396,1.6669723987579346,1.0,0.014245186213557071,0.014245186213557071,0.028090221984169494,1.0,0.02658106662161401,0.02658106662161401,0.05178561632563498,0.0,0.0,0.0,0.0,1.0,0.032775806724108805,0.032775806724108805,0.06347129069196794,C:\Users\vaidy\OneDrive\Desktop\Programming\COMPUTER VISION\TumorDetetction\brisc2025\classification_task\test\pituitary\brisc2025_test_00736_pi_ax_t1.jpg,C:\Users\vaidy\OneDrive\Desktop\Programming\COMPUTER VISION\TumorDetetction\brisc2025\segmentation_task\test\masks\brisc2025_test_00736_pi_ax_t1.png
brisc2025_test_00737_pi_ax_t1.jpg,pituitary,2,pituitary,2,True,0.9994242191314697,Medium,1.0345458984375,0.94757080078125,0.8606620477290223,0.7554054054054054,0.9001610305958132,0.8244837758112095,0.9990440654969318,0.9972381591796875,0.35672953724861145,2.6819839477539062,2.448439359664917,1.0,0.018447975620374403,0.018447975620374403,0.03622762489981298,1.0,0.03306510607168983,0.03306510607168983,0.0640135958079592,1.0,0.08561687081702235,0.08561687081702235,0.15772944050250087,1.0,0.030285296269202632,0.030285296269202632,0.05879011644419199,C:\Users\vaidy\OneDrive\Desktop\Programming\COMPUTER VISION\TumorDetetction\brisc2025\classification_task\test\pituitary\brisc2025_test_00737_pi_ax_t1.jpg,C:\Users\vaidy\OneDrive\Desktop\Programming\COMPUTER VISION\TumorDetetction\brisc2025\segmentation_task\test\masks\brisc2025_test_00737_pi_ax_t1.png
brisc2025_test_00738_pi_ax_t1.jpg,pituitary,2,pituitary,2,True,0.9999593496322632,Medium,1.77154541015625,1.7120361328125,0.9163381515549716,0.8455941794664511,0.9322638146167558,0.9009474590869939,0.9988194174757281,0.9970855712890625,0.28403785824775696,5.394946575164795,5.212147235870361,1.0,0.042361440507899445,0.042361440507899445,0.08127975357042845,1.0,0.08256293557104252,0.08256293557104252,0.15253235236155818,0.9767441860465116,0.2456672443674177,0.24423863881111352,0.3925913103687035,1.0,0.07978950362679561,0.07978950362679561,0.14778714436248683,C:\Users\vaidy\OneDrive\Desktop\Programming\COMPUTER VISION\TumorDetetction\brisc2025\classification_task\test\pituitary\brisc2025_test_00738_pi_ax_t1.jpg,C:\Users\vaidy\OneDrive\Desktop\Programming\COMPUTER VISION\TumorDetetction\brisc2025\segmentation_task\test\masks\brisc2025_test_00738_pi_ax_t1.png
brisc2025_test_00739_pi_ax_t1.jpg,pituitary,2,pituitary,2,True,0.9998905658721924,Medium,0.8270263671875,1.23138427734375,0.7412898443291327,0.5889281507656066,0.6195786864931846,0.922509225092251,0.995276487060344,0.9946746826171875,0.4272628128528595,1.6488041877746582,2.491142511367798,1.0,0.012271049831329666,0.012271049831329666,0.024244593053163652,1.0,0.021096882176637733,0.021096882176637733,0.04132199900888194,0.9630996309963099,0.0477191699424079,0.04763208321927183,0.09093284557094329,1.0,0.03141177844381301,0.03141177844381301,0.06091025737791531,C:\Users\vaidy\OneDrive\Desktop\Programming\COMPUTER VISION\TumorDetetction\brisc2025\classification_task\test\pituitary\brisc2025_test_00739_pi_ax_t1.jpg,C:\Users\vaidy\OneDrive\Desktop\Programming\COMPUTER VISION\TumorDetetction\brisc2025\segmentation_task\test\masks\brisc2025_test_00739_pi_ax_t1.png
brisc2025_test_00740_pi_ax_t1.jpg,pituitary,2,pituitary,2,True,0.9999128580093384,Medium,1.55487060546875,1.544189453125,0.9148202855736091,0.8430127041742287,0.9179841897233202,0.9116781157998037,0.9987135173675156,0.9973602294921875,0.42580899596214294,2.6206400394439697,2.598252058029175,1.0,0.02155518889876042,0.02155518889876042,0.04220073302549024,1.0,0.04379216983970089,0.04379216983970089,0.08390974967061923,0.3886162904808636,0.049506188273534195,0.04592901878914405,0.08782435129740519,1.0,0.04349134040998754,0.04349134040998754,0.0833573576047115,C:\Users\vaidy\OneDrive\Desktop\Programming\COMPUTER VISION\TumorDetetction\brisc2025\classification_task\test\pituitary\brisc2025_test_00740_pi_ax_t1.jpg,C:\Users\vaidy\OneDrive\Desktop\Programming\COMPUTER VISION\TumorDetetction\brisc2025\segmentation_task\test\masks\brisc2025_test_00740_pi_ax_t1.png
brisc2025_test_00741_pi_ax_t1.jpg,pituitary,2,pituitary,2,True,0.9999841451644897,Small,0.640869140625,1.043701171875,0.7010869565217391,0.5397489539748954,0.5657894736842105,0.9214285714285714,0.9954389090238959,0.994964599609375,0.3666609525680542,1.3006635904312134,2.140798807144165,1.0,0.010692736576796761,0.010692736576796761,0.021159223154235622,1.0,0.020413122721749697,0.020413122721749697,0.04000952607763753,0.47619047619047616,0.030864197530864196,0.029850746268656716,0.057971014492753624,1.0,0.03324422843256379,0.03324422843256379,0.0643492168022955,C:\Users\vaidy\OneDrive\Desktop\Programming\COMPUTER VISION\TumorDetetction\brisc2025\classification_task\test\pituitary\brisc2025_test_00741_pi_ax_t1.jpg,C:\Users\vaidy\OneDrive\Desktop\Programming\COMPUTER VISION\TumorDetetction\brisc2025\segmentation_task\test\masks\brisc2025_test_00741_pi_ax_t1.png
brisc2025_test_00742_pi_ax_t1.jpg,pituitary,2,pituitary,2,True,0.9996263980865479,Medium,0.74462890625,0.75531005859375,0.8789420142421159,0.7840290381125227,0.8727272727272727,0.8852459016393442,0.999031484442258,0.9981842041015625,0.3489721715450287,1.7383462190628052,1.7778326272964478,1.0,0.012869198312236287,0.012869198312236287,0.025411372630701937,1.0,0.025157232704402517,0.025157232704402517,0.049079754601226995,0.9057377049180327,0.0635605406960023,0.06314285714285714,0.11878527277613544,1.0,0.02551809464893288,0.02551809464893288,0.04976624943447444,C:\Users\vaidy\OneDrive\Desktop\Programming\COMPUTER VISION\TumorDetetction\brisc2025\classification_task\test\pituitary\brisc2025_test_00742_pi_ax_t1.jpg,C:\Users\vaidy\OneDrive\Desktop\Programming\COMPUTER VISION\TumorDetetction\brisc2025\segmentation_task\test\masks\brisc2025_test_00742_pi_ax_t1.png
brisc2025_test_00743_pi_ax_t1.jpg,pituitary,2,pituitary,2,True,0.9998002648353577,Medium,1.56402587890625,1.654052734375,0.9321953532479849,0.8730017761989343,0.9068265682656826,0.9590243902439024,0.9984343755328549,0.9978179931640625,0.34363195300102234,3.317413091659546,3.511606216430664,1.0,0.0293637379322199,0.0293637379322199,0.05705220972948904,1.0,0.05283505154639175,0.05283505154639175,0.1003671970624235,0.3678048780487805,0.051672149122807015,0.04745720040281974,0.09061410888114409,1.0,0.05587628865979381,0.05587628865979381,0.10583870337824644,C:\Users\vaidy\OneDrive\Desktop\Programming\COMPUTER VISION\TumorDetetction\brisc2025\classification_task\test\pituitary\brisc2025_test_00743_pi_ax_t1.jpg,C:\Users\vaidy\OneDrive\Desktop\Programming\COMPUTER VISION\TumorDetetction\brisc2025\segmentation_task\test\masks\brisc2025_test_00743_pi_ax_t1.png
brisc2025_test_00744_pi_ax_t1.jpg,pituitary,2,pituitary,2,True,0.9999631643295288,Medium,0.99334716796875,1.17340087890625,0.8774647887323944,0.7816813048933501,0.8101430429128739,0.956989247311828,0.9977498651460276,0.997344970703125,0.39259737730026245,1.95145583152771,2.314424991607666,1.0,0.016049900150390768,0.016049900150390768,0.031592739978647,1.0,0.027445193929173693,0.027445193929173693,0.05342415165565631,0.6251920122887865,0.048847815650504084,0.047458022388059705,0.09061560725815429,1.0,0.03241989881956155,0.03241989881956155,0.06280370778716975,C:\Users\vaidy\OneDrive\Desktop\Programming\COMPUTER VISION\TumorDetetction\brisc2025\classification_task\test\pituitary\brisc2025_test_00744_pi_ax_t1.jpg,C:\Users\vaidy\OneDrive\Desktop\Programming\COMPUTER VISION\TumorDetetction\brisc2025\segmentation_task\test\masks\brisc2025_test_00744_pi_ax_t1.png
brisc2025_test_00745_pi_ax_t1.jpg,pituitary,2,pituitary,2,True,0.9999914169311523,Medium,0.7476806640625,0.714111328125,0.8851774530271399,0.7940074906367042,0.905982905982906,0.8653061224489796,0.9993235556375488,0.998321533203125,0.3062746822834015,2.209442138671875,2.115208148956299,1.0,0.015199925551385055,0.015199925551385055,0.029944693983560974,1.0,0.034668176029432576,0.034668176029432576,0.06701312910284464,1.0,0.09338669716028207,0.09338669716028207,0.17082098657835104,1.0,0.033111645677090705,0.033111645677090705,0.06410080810847829,C:\Users\vaidy\OneDrive\Desktop\Programming\COMPUTER VISION\TumorDetetction\brisc2025\classification_task\test\pituitary\brisc2025_test_00745_pi_ax_t1.jpg,C:\Users\vaidy\OneDrive\Desktop\Programming\COMPUTER VISION\TumorDetetction\brisc2025\segmentation_task\test\masks\brisc2025_test_00745_pi_ax_t1.png
brisc2025_test_00746_pi_ax_t1.jpg,pituitary,2,pituitary,2,True,0.9999933242797852,Medium,0.88043212890625,1.04522705078125,0.8605388272583201,0.7552155771905424,0.7927007299270074,0.9410745233968805,0.9978140057574778,0.997314453125,0.2806394100189209,2.4410486221313477,2.8435471057891846,1.0,0.02025200940647924,0.02025200940647924,0.03970001376083666,1.0,0.04651350261991133,0.04651350261991133,0.08889231243259899,0.6568457538994801,0.07479771067692915,0.07198480531813865,0.13430191353649892,1.0,0.055219669488109635,0.055219669488109635,0.10466004583651642,C:\Users\vaidy\OneDrive\Desktop\Programming\COMPUTER VISION\TumorDetetction\brisc2025\classification_task\test\pituitary\brisc2025_test_00746_pi_ax_t1.jpg,C:\Users\vaidy\OneDrive\Desktop\Programming\COMPUTER VISION\TumorDetetction\brisc2025\segmentation_task\test\masks\brisc2025_test_00746_pi_ax_t1.png
brisc2025_test_00747_pi_ax_t1.jpg,pituitary,2,pituitary,2,True,0.9999881982803345,Small,0.2655029296875,0.89569091796875,0.45729303547963207,0.29642248722316866,0.29642248722316866,1.0,0.9936813439001254,0.9936981201171875,0.33632728457450867,0.577836275100708,1.9557695388793945,1.0,0.005001005949472595,0.005001005949472595,0.009952240684073556,1.0,0.010483190745872997,0.010483190745872997,0.020748867159551633,0.3505747126436782,0.009347226478700583,0.009188130742581714,0.018208955223880597,1.0,0.035365706711652005,0.035365706711652005,0.06831539132964795,C:\Users\vaidy\OneDrive\Desktop\Programming\COMPUTER VISION\TumorDetetction\brisc2025\classification_task\test\pituitary\brisc2025_test_00747_pi_ax_t1.jpg,C:\Users\vaidy\OneDrive\Desktop\Programming\COMPUTER VISION\TumorDetetction\brisc2025\segmentation_task\test\masks\brisc2025_test_00747_pi_ax_t1.png
brisc2025_test_00748_pi_ax_t1.jpg,pituitary,2,pituitary,2,True,0.9998822212219238,Medium,0.811767578125,0.62103271484375,0.8029818956336529,0.6708185053380783,0.9262899262899262,0.7086466165413534,0.9995384899390807,0.9971771240234375,0.4525347352027893,1.557978868484497,1.1913344860076904,1.0,0.011466011466011465,0.011466011466011465,0.022672064777327937,1.0,0.018755508549268465,0.018755508549268465,0.03682043118662837,0.9943609022556391,0.03953662182361734,0.03952775909736232,0.07604945370902817,1.0,0.01434866913449674,0.01434866913449674,0.028291394411233142,C:\Users\vaidy\OneDrive\Desktop\Programming\COMPUTER VISION\TumorDetetction\brisc2025\classification_task\test\pituitary\brisc2025_test_00748_pi_ax_t1.jpg,C:\Users\vaidy\OneDrive\Desktop\Programming\COMPUTER VISION\TumorDetetction\brisc2025\segmentation_task\test\masks\brisc2025_test_00748_pi_ax_t1.png
brisc2025_test_00749_pi_ax_t1.jpg,pituitary,2,pituitary,2,True,0.9999837875366211,Medium,0.8453369140625,0.84381103515625,0.9177958446251129,0.8480801335559266,0.918625678119349,0.9169675090252708,0.9993075005386107,0.9986114501953125,0.2762305438518524,2.586411237716675,2.6004698276519775,1.0,0.020427728613569323,0.020427728613569323,0.040037580400375805,1.0,0.042635062336462984,0.042635062336462984,0.08178328904635371,0.9711191335740073,0.11926402128131235,0.1188425005522421,0.21243830207305034,1.0,0.04255810374018778,0.04255810374018778,0.08164169188750277,C:\Users\vaidy\OneDrive\Desktop\Programming\COMPUTER VISION\TumorDetetction\brisc2025\classification_task\test\pituitary\brisc2025_test_00749_pi_ax_t1.jpg,C:\Users\vaidy\OneDrive\Desktop\Programming\COMPUTER VISION\TumorDetetction\brisc2025\segmentation_task\test\masks\brisc2025_test_00749_pi_ax_t1.png
brisc2025_test_00750_pi_ax_t1.jpg,pituitary,2,pituitary,2,True,0.9999896287918091,Medium,0.75225830078125,0.79803466796875,0.8976377952755905,0.8142857142857143,0.8718929254302104,0.9249492900608519,0.9989699122119213,0.9984130859375,0.3869341015815735,1.7648038864135742,1.8676344156265259,1.0,0.012222938463827044,0.012222938463827044,0.02415068459597815,1.0,0.02340375029670069,0.02340375029670069,0.04573708136190741,1.0,0.05601636177707079,0.05601636177707079,0.10608995050570261,1.0,0.024827913600759553,0.024827913600759553,0.04845284417268853,C:\Users\vaidy\OneDrive\Desktop\Programming\COMPUTER VISION\TumorDetetction\brisc2025\classification_task\test\pituitary\brisc2025_test_00750_pi_ax_t1.jpg,C:\Users\vaidy\OneDrive\Desktop\Programming\COMPUTER VISION\TumorDetetction\brisc2025\segmentation_task\test\masks\brisc2025_test_00750_pi_ax_t1.png
brisc2025_test_00751_pi_ax_t1.jpg,pituitary,2,pituitary,2,True,0.9978134632110596,Medium,1.56402587890625,1.49688720703125,0.9182452642073778,0.8488479262672811,0.9388379204892966,0.8985365853658537,0.9990699260591217,0.99749755859375,0.3677383065223694,3.6713435649871826,3.530466079711914,1.0,0.027089169617844494,0.027089169617844494,0.05274940174458997,1.0,0.0496103770388655,0.0496103770388655,0.09453103384672139,0.9395121951219512,0.1316473000683527,0.1305408702724685,0.23093525179856114,1.0,0.047480760853782486,0.047480760853782486,0.0906570557249792,C:\Users\vaidy\OneDrive\Desktop\Programming\COMPUTER VISION\TumorDetetction\brisc2025\classification_task\test\pituitary\brisc2025_test_00751_pi_ax_t1.jpg,C:\Users\vaidy\OneDrive\Desktop\Programming\COMPUTER VISION\TumorDetetction\brisc2025\segmentation_task\test\masks\brisc2025_test_00751_pi_ax_t1.png
brisc2025_test_00752_pi_ax_t1.jpg,pituitary,2,pituitary,2,True,0.9999946355819702,Medium,0.7293701171875,0.750732421875,0.8989690721649485,0.8164794007490637,0.8861788617886179,0.9121338912133892,0.9991392296105014,0.998504638671875,0.27449536323547363,2.295213222503662,2.3604040145874023,1.0,0.01663939847530198,0.01663939847530198,0.03273412086971409,1.0,0.03739633860115788,0.03739633860115788,0.07209653092006033,0.9811715481171548,0.09444220700765203,0.0942713567839196,0.17229977957384277,1.0,0.03849162885307464,0.03849162885307464,0.07412987795690824,C:\Users\vaidy\OneDrive\Desktop\Programming\COMPUTER VISION\TumorDetetction\brisc2025\classification_task\test\pituitary\brisc2025_test_00752_pi_ax_t1.jpg,C:\Users\vaidy\OneDrive\Desktop\Programming\COMPUTER VISION\TumorDetetction\brisc2025\segmentation_task\test\masks\brisc2025_test_00752_pi_ax_t1.png
brisc2025_test_00753_pi_ax_t1.jpg,pituitary,2,pituitary,2,True,0.9995267391204834,Small,0.63934326171875,0.6866455078125,0.8745684695051784,0.7770961145194274,0.8444444444444444,0.9069212410501193,0.998925011901654,0.9983367919921875,0.33489009737968445,1.539750576019287,1.679866909980774,1.0,0.01194583036350677,0.01194583036350677,0.02360962416183017,1.0,0.025619076734943444,0.025619076734943444,0.0499582687492548,0.7708830548926014,0.055403087478559175,0.0545055686803915,0.10337654024643943,1.0,0.027514521553041883,0.027514521553041883,0.05355548943766736,C:\Users\vaidy\OneDrive\Desktop\Programming\COMPUTER VISION\TumorDetetction\brisc2025\classification_task\test\pituitary\brisc2025_test_00753_pi_ax_t1.jpg,C:\Users\vaidy\OneDrive\Desktop\Programming\COMPUTER VISION\TumorDetetction\brisc2025\segmentation_task\test\masks\brisc2025_test_00753_pi_ax_t1.png
brisc2025_test_00754_pi_ax_t1.jpg,pituitary,2,pituitary,2,True,0.9951199889183044,Small,0.518798828125,1.1199951171875,0.6219739292364991,0.45135135135135135,0.4550408719346049,0.9823529411764705,0.9938646542732683,0.993804931640625,0.3111063838005066,1.3408035039901733,2.7635507583618164,1.0,0.010565897013580286,0.010565897013580286,0.020910852117223776,1.0,0.022817260586537817,0.022817260586537817,0.044616494980644315,0.7941176470588235,0.04955947136563876,0.04893077201884741,0.09329647546648238,1.0,0.04925843903093752,0.04925843903093752,0.093891909178126,C:\Users\vaidy\OneDrive\Desktop\Programming\COMPUTER VISION\TumorDetetction\brisc2025\classification_task\test\pituitary\brisc2025_test_00754_pi_ax_t1.jpg,C:\Users\vaidy\OneDrive\Desktop\Programming\COMPUTER VISION\TumorDetetction\brisc2025\segmentation_task\test\masks\brisc2025_test_00754_pi_ax_t1.png
brisc2025_test_00755_pi_ax_t1.jpg,pituitary,2,pituitary,2,True,0.9993834495544434,Medium,2.04620361328125,1.62506103515625,0.8229426433915212,0.6991525423728814,0.9295774647887324,0.738255033557047,0.9988316847106472,0.993499755859375,0.2441510409116745,6.09320068359375,4.818859100341797,1.0,0.053275594930674186,0.053275594930674186,0.10116173808086903,0.9880686055182699,0.12224374942337854,0.12206356517733763,0.2175697865353038,0.4451901565995526,0.14704433497536945,0.1242714404662781,0.22107017219033512,0.9934272300469483,0.09761048067164868,0.09754748294302047,0.17775537634408603,C:\Users\vaidy\OneDrive\Desktop\Programming\COMPUTER VISION\TumorDetetction\brisc2025\classification_task\test\pituitary\brisc2025_test_00755_pi_ax_t1.jpg,C:\Users\vaidy\OneDrive\Desktop\Programming\COMPUTER VISION\TumorDetetction\brisc2025\segmentation_task\test\masks\brisc2025_test_00755_pi_ax_t1.png
brisc2025_test_00756_pi_ax_t1.jpg,pituitary,2,pituitary,2,True,0.9889652729034424,Medium,1.1505126953125,1.5594482421875,0.8254504504504504,0.7027804410354745,0.7172211350293543,0.9721485411140584,0.9955388842579729,0.995269775390625,0.4287078082561493,1.6917860507965088,2.303248405456543,1.0,0.015793552711505832,0.015793552711505832,0.031095989277245075,0.9986737400530504,0.029854888589326778,0.02985370495182968,0.057976593778872806,0.0,0.0,0.0,0.0,0.9823874755381604,0.03980651811910237,0.03977812995245642,0.07651272671848804,C:\Users\vaidy\OneDrive\Desktop\Programming\COMPUTER VISION\TumorDetetction\brisc2025\classification_task\test\pituitary\brisc2025_test_00756_pi_ax_t1.jpg,C:\Users\vaidy\OneDrive\Desktop\Programming\COMPUTER VISION\TumorDetetction\brisc2025\segmentation_task\test\masks\brisc2025_test_00756_pi_ax_t1.png
brisc2025_test_00757_pi_ax_t1.jpg,pituitary,2,pituitary,2,True,0.997111439704895,Medium,1.60675048828125,1.544189453125,0.9433414043583536,0.8927589367552704,0.9624505928853755,0.9249762583095916,0.9994106973931114,0.9982147216796875,0.3337753415107727,3.822824478149414,3.677586078643799,1.0,0.0325915379615587,0.0325915379615587,0.0631257118877765,1.0,0.06668777707409752,0.06668777707409752,0.1250371074036692,0.7350427350427351,0.12293519695044473,0.11771863117870722,0.21064090352428902,1.0,0.06409119696010133,0.06409119696010133,0.12046184977978812,C:\Users\vaidy\OneDrive\Desktop\Programming\COMPUTER VISION\TumorDetetction\brisc2025\classification_task\test\pituitary\brisc2025_test_00757_pi_ax_t1.jpg,C:\Users\vaidy\OneDrive\Desktop\Programming\COMPUTER VISION\TumorDetetction\brisc2025\segmentation_task\test\masks\brisc2025_test_00757_pi_ax_t1.png
brisc2025_test_00758_pi_ax_t1.jpg,pituitary,2,pituitary,2,True,0.9997578263282776,Medium,0.80718994140625,1.12457275390625,0.7772511848341233,0.6356589147286822,0.6675712347354138,0.9300567107750473,0.9962311751042195,0.995697021484375,0.31583085656166077,1.8529659509658813,2.709261655807495,1.0,0.016115274477548285,0.016115274477548285,0.03171938240143907,1.0,0.03276759167492567,0.03276759167492567,0.06345588676303004,0.3534971644612476,0.036142249710088906,0.03390137781000725,0.06557951955111345,1.0,0.04565163528245788,0.04565163528245788,0.08731710206741307,C:\Users\vaidy\OneDrive\Desktop\Programming\COMPUTER VISION\TumorDetetction\brisc2025\classification_task\test\pituitary\brisc2025_test_00758_pi_ax_t1.jpg,C:\Users\vaidy\OneDrive\Desktop\Programming\COMPUTER VISION\TumorDetetction\brisc2025\segmentation_task\test\masks\brisc2025_test_00758_pi_ax_t1.png
brisc2025_test_00759_pi_ax_t1.jpg,pituitary,2,pituitary,2,True,0.9999122619628906,Small,0.61798095703125,0.62408447265625,0.8697788697788698,0.7695652173913043,0.8655256723716381,0.8740740740740741,0.999155548049316,0.998382568359375,0.29212486743927,1.931799054145813,1.957045555114746,1.0,0.014181665382729884,0.014181665382729884,0.02796671615509443,1.0,0.029770655689503087,0.029770655689503087,0.05781997287458063,1.0,0.08958195089581951,0.08958195089581951,0.16443361753958588,1.0,0.03006468685680682,0.03006468685680682,0.058374366659530434,C:\Users\vaidy\OneDrive\Desktop\Programming\COMPUTER VISION\TumorDetetction\brisc2025\classification_task\test\pituitary\brisc2025_test_00759_pi_ax_t1.jpg,C:\Users\vaidy\OneDrive\Desktop\Programming\COMPUTER VISION\TumorDetetction\brisc2025\segmentation_task\test\masks\brisc2025_test_00759_pi_ax_t1.png
brisc2025_test_00760_pi_ax_t1.jpg,pituitary,2,pituitary,2,True,0.999977707862854,Medium,1.611328125,1.654052734375,0.9420560747663551,0.8904593639575972,0.9298892988929889,0.9545454545454546,0.9988213399503723,0.99810791015625,0.28173545002937317,4.739108085632324,4.871335029602051,1.0,0.037104708362614196,0.037104708362614196,0.07155441116682477,1.0,0.07862407862407862,0.07862407862407862,0.14578587699316628,0.8570075757575758,0.16843476642471616,0.16383055756698045,0.2815367864364598,1.0,0.08070880798153525,0.08070880798153525,0.1493627282121943,C:\Users\vaidy\OneDrive\Desktop\Programming\COMPUTER VISION\TumorDetetction\brisc2025\classification_task\test\pituitary\brisc2025_test_00760_pi_ax_t1.jpg,C:\Users\vaidy\OneDrive\Desktop\Programming\COMPUTER VISION\TumorDetetction\brisc2025\segmentation_task\test\masks\brisc2025_test_00760_pi_ax_t1.png
brisc2025_test_00761_pi_ax_t1.jpg,pituitary,2,pituitary,2,True,0.9999933242797852,Medium,0.86517333984375,1.0986328125,0.8251748251748252,0.7023809523809523,0.7375,0.9365079365079365,0.9970909202850591,0.9965667724609375,0.39930930733680725,1.7364835739135742,2.1866912841796875,1.0,0.013446215139442231,0.013446215139442231,0.026535626535626536,1.0,0.023563146739808003,0.023563146739808003,0.046041412911084045,0.8641975308641975,0.05953104118576115,0.058979297063071735,0.1113889520345533,1.0,0.029921456177533973,0.029921456177533973,0.05810434572085704,C:\Users\vaidy\OneDrive\Desktop\Programming\COMPUTER VISION\TumorDetetction\brisc2025\classification_task\test\pituitary\brisc2025_test_00761_pi_ax_t1.jpg,C:\Users\vaidy\OneDrive\Desktop\Programming\COMPUTER VISION\TumorDetetction\brisc2025\segmentation_task\test\masks\brisc2025_test_00761_pi_ax_t1.png
brisc2025_test_00762_pi_ax_t1.jpg,pituitary,2,pituitary,2,True,0.9999914169311523,Medium,0.8087158203125,1.0528564453125,0.8262295081967214,0.7039106145251397,0.7304347826086957,0.9509433962264151,0.9971387256560933,0.99676513671875,0.43573346734046936,1.3726829290390015,1.7814348936080933,1.0,0.011463921093614812,0.011463921093614812,0.022667978272956673,1.0,0.021046779445635773,0.021046779445635773,0.04122588674548849,0.44339622641509435,0.024036002863864172,0.023332009531374105,0.045600077617153394,1.0,0.02740052418394091,0.02740052418394091,0.05333951762523191,C:\Users\vaidy\OneDrive\Desktop\Programming\COMPUTER VISION\TumorDetetction\brisc2025\classification_task\test\pituitary\brisc2025_test_00762_pi_ax_t1.jpg,C:\Users\vaidy\OneDrive\Desktop\Programming\COMPUTER VISION\TumorDetetction\brisc2025\segmentation_task\test\masks\brisc2025_test_00762_pi_ax_t1.png
brisc2025_test_00763_pi_ax_t1.jpg,pituitary,2,pituitary,2,True,0.999984860420227,Small,0.7080078125,0.7293701171875,0.8726114649681529,0.7740112994350282,0.8598326359832636,0.8857758620689655,0.9989703712810425,0.9981689453125,0.3251969516277313,1.9377288818359375,1.9907094240188599,1.0,0.013192312066416467,0.013192312066416467,0.02604108205185767,1.0,0.029868039909880913,0.029868039909880913,0.05800362522657666,1.0,0.08829686013320646,0.08829686013320646,0.16226613044238503,1.0,0.03076923076923077,0.03076923076923077,0.05970149253731343,C:\Users\vaidy\OneDrive\Desktop\Programming\COMPUTER VISION\TumorDetetction\brisc2025\classification_task\test\pituitary\brisc2025_test_00763_pi_ax_t1.jpg,C:\Users\vaidy\OneDrive\Desktop\Programming\COMPUTER VISION\TumorDetetction\brisc2025\segmentation_task\test\masks\brisc2025_test_00763_pi_ax_t1.png
brisc2025_test_00764_pi_ax_t1.jpg,pituitary,2,pituitary,2,True,0.9999955892562866,Medium,0.897216796875,1.11083984375,0.8419452887537994,0.7270341207349081,0.760989010989011,0.9421768707482994,0.997320933670013,0.996826171875,0.2939645051956177,2.1767642498016357,2.6560704708099365,1.0,0.01920815366522932,0.01920815366522932,0.03769230769230769,1.0,0.044002095337873234,0.044002095337873234,0.08429503261414953,0.35714285714285715,0.04081632653061224,0.03802281368821293,0.07326007326007326,1.0,0.05447878470403353,0.05447878470403353,0.10332836562344759,C:\Users\vaidy\OneDrive\Desktop\Programming\COMPUTER VISION\TumorDetetction\brisc2025\classification_task\test\pituitary\brisc2025_test_00764_pi_ax_t1.jpg,C:\Users\vaidy\OneDrive\Desktop\Programming\COMPUTER VISION\TumorDetetction\brisc2025\segmentation_task\test\masks\brisc2025_test_00764_pi_ax_t1.png
brisc2025_test_00765_pi_ax_t1.jpg,pituitary,2,pituitary,2,True,0.999908447265625,Small,0.30059814453125,0.89874267578125,0.5012722646310432,0.33446519524617996,0.33446519524617996,1.0,0.9940005203630298,0.9940185546875,0.3714645206928253,0.6458297371864319,1.9181652069091797,1.0,0.005142528975670878,0.005142528975670878,0.010232437345799247,1.0,0.009630897091175752,0.009630897091175752,0.019078055394150688,0.9644670050761421,0.02367306254672315,0.02365243371094236,0.04621184482548948,1.0,0.0287949156685407,0.0287949156685407,0.05597795095989356,C:\Users\vaidy\OneDrive\Desktop\Programming\COMPUTER VISION\TumorDetetction\brisc2025\classification_task\test\pituitary\brisc2025_test_00765_pi_ax_t1.jpg,C:\Users\vaidy\OneDrive\Desktop\Programming\COMPUTER VISION\TumorDetetction\brisc2025\segmentation_task\test\masks\brisc2025_test_00765_pi_ax_t1.png
brisc2025_test_00766_pi_ax_t1.jpg,pituitary,2,pituitary,2,True,0.9999483823776245,Small,0.61798095703125,0.3753662109375,0.7219662058371735,0.5649038461538461,0.9552845528455285,0.5802469135802469,0.9998311096098632,0.9972381591796875,0.39298492670059204,1.363231897354126,0.8256296515464783,1.0,0.009152335540439763,0.009152335540439763,0.01813865997850233,1.0,0.01883983811694655,0.01883983811694655,0.036982923933887316,1.0,0.06021409455842997,0.06021409455842997,0.11358855700462768,1.0,0.011443457226589756,0.011443457226589756,0.022627972220944672,C:\Users\vaidy\OneDrive\Desktop\Programming\COMPUTER VISION\TumorDetetction\brisc2025\classification_task\test\pituitary\brisc2025_test_00766_pi_ax_t1.jpg,C:\Users\vaidy\OneDrive\Desktop\Programming\COMPUTER VISION\TumorDetetction\brisc2025\segmentation_task\test\masks\brisc2025_test_00766_pi_ax_t1.png
brisc2025_test_00767_pi_ax_t1.jpg,pituitary,2,pituitary,2,True,0.9998399019241333,Small,0.43182373046875,0.9185791015625,0.6372881355932203,0.46766169154228854,0.4684385382059801,0.9964664310954063,0.9950960109113757,0.9951019287109375,0.3625047206878662,1.0117281675338745,2.1775331497192383,1.0,0.007389805723835388,0.007389805723835388,0.014671194172995672,1.0,0.014221105527638191,0.014221105527638191,0.028043402863796266,0.9929328621908127,0.034635769752249475,0.03462723351817622,0.06693663649356836,1.0,0.030251256281407034,0.030251256281407034,0.0587259779533704,C:\Users\vaidy\OneDrive\Desktop\Programming\COMPUTER VISION\TumorDetetction\brisc2025\classification_task\test\pituitary\brisc2025_test_00767_pi_ax_t1.jpg,C:\Users\vaidy\OneDrive\Desktop\Programming\COMPUTER VISION\TumorDetetction\brisc2025\segmentation_task\test\masks\brisc2025_test_00767_pi_ax_t1.png
brisc2025_test_00768_pi_ax_t1.jpg,pituitary,2,pituitary,2,True,0.9998669624328613,Small,0.6500244140625,0.9552001953125,0.7946768060836502,0.6593059936908517,0.6677316293929713,0.9812206572769953,0.9968054062356013,0.9967041015625,0.3490625321865082,1.528229832649231,2.2421154975891113,1.0,0.011379420878298964,0.011379420878298964,0.022502773229095135,1.0,0.02367850591962648,0.02367850591962648,0.04626160612477602,0.9342723004694836,0.06514977901456867,0.06485253381130845,0.12180566182096404,1.0,0.03479517536546051,0.03479517536546051,0.06725036257184294,C:\Users\vaidy\OneDrive\Desktop\Programming\COMPUTER VISION\TumorDetetction\brisc2025\classification_task\test\pituitary\brisc2025_test_00768_pi_ax_t1.jpg,C:\Users\vaidy\OneDrive\Desktop\Programming\COMPUTER VISION\TumorDetetction\brisc2025\segmentation_task\test\masks\brisc2025_test_00768_pi_ax_t1.png
brisc2025_test_00769_pi_ax_t1.jpg,pituitary,2,pituitary,2,True,0.9971078038215637,Medium,1.1871337890625,1.04827880859375,0.8395904436860068,0.7235294117647059,0.8951965065502183,0.7904884318766067,0.9988881682572037,0.9964141845703125,0.3633871078491211,2.906846523284912,2.55210018157959,1.0,0.020938744751857034,0.020938744751857034,0.041018611272209626,1.0,0.03847295025220057,0.03847295025220057,0.07409523809523809,1.0,0.10224733867788145,0.10224733867788145,0.1855252175986646,1.0,0.0339729008011077,0.0339729008011077,0.06571332918838778,C:\Users\vaidy\OneDrive\Desktop\Programming\COMPUTER VISION\TumorDetetction\brisc2025\classification_task\test\pituitary\brisc2025_test_00769_pi_ax_t1.jpg,C:\Users\vaidy\OneDrive\Desktop\Programming\COMPUTER VISION\TumorDetetction\brisc2025\segmentation_task\test\masks\brisc2025_test_00769_pi_ax_t1.png
brisc2025_test_00770_pi_ax_t1.jpg,pituitary,2,pituitary,2,True,0.9990935325622559,Small,0.34027099609375,0.4425048828125,0.8304093567251462,0.71,0.7344827586206897,0.9551569506726457,0.9988210616569443,0.9986724853515625,0.3259205222129822,0.9696282148361206,1.2593621015548706,1.0,0.0068472119872267255,0.0068472119872267255,0.013601293037723765,1.0,0.012613122171945702,0.012613122171945702,0.024912025917444004,1.0,0.03759271746459879,0.03759271746459879,0.07246141348497157,1.0,0.016402714932126698,0.016402714932126698,0.032276015581524764,C:\Users\vaidy\OneDrive\Desktop\Programming\COMPUTER VISION\TumorDetetction\brisc2025\classification_task\test\pituitary\brisc2025_test_00770_pi_ax_t1.jpg,C:\Users\vaidy\OneDrive\Desktop\Programming\COMPUTER VISION\TumorDetetction\brisc2025\segmentation_task\test\masks\brisc2025_test_00770_pi_ax_t1.png
brisc2025_test_00771_pi_ax_t1.jpg,pituitary,2,pituitary,2,True,0.999891996383667,Small,0.55999755859375,0.7171630859375,0.7264038231780168,0.5703564727954972,0.6468085106382979,0.8283378746594006,0.9974527766269239,0.9965057373046875,0.30309051275253296,1.5579748153686523,1.9711464643478394,1.0,0.011955176232979347,0.011955176232979347,0.023627877032029614,1.0,0.02421962647660529,0.02421962647660529,0.04729381443298969,1.0,0.06211916046039269,0.06211916046039269,0.11697211155378485,1.0,0.03101696033788689,0.03101696033788689,0.06016770146578762,C:\Users\vaidy\OneDrive\Desktop\Programming\COMPUTER VISION\TumorDetetction\brisc2025\classification_task\test\pituitary\brisc2025_test_00771_pi_ax_t1.jpg,C:\Users\vaidy\OneDrive\Desktop\Programming\COMPUTER VISION\TumorDetetction\brisc2025\segmentation_task\test\masks\brisc2025_test_00771_pi_ax_t1.png
brisc2025_test_00772_pi_ax_t1.jpg,pituitary,2,pituitary,2,True,0.9999966621398926,Medium,1.190185546875,1.10626220703125,0.8730897009966777,0.7747641509433962,0.9062068965517242,0.8423076923076923,0.9989499042559763,0.9970855712890625,0.32322853803634644,2.972087860107422,2.7508387565612793,1.0,0.022855803322882177,0.022855803322882177,0.04469017675537858,1.0,0.0501188716828375,0.0501188716828375,0.09545371106895918,0.7717948717948718,0.11866745515474078,0.114644829556275,0.20570647531180591,1.0,0.046584848679560496,0.046584848679560496,0.08902259332023575,C:\Users\vaidy\OneDrive\Desktop\Programming\COMPUTER VISION\TumorDetetction\brisc2025\classification_task\test\pituitary\brisc2025_test_00772_pi_ax_t1.jpg,C:\Users\vaidy\OneDrive\Desktop\Programming\COMPUTER VISION\TumorDetetction\brisc2025\segmentation_task\test\masks\brisc2025_test_00772_pi_ax_t1.png
brisc2025_test_00773_pi_ax_t1.jpg,pituitary,2,pituitary,2,True,0.9999990463256836,Medium,1.73492431640625,1.10321044921875,0.5774193548387097,0.40589569160997735,0.7427385892116183,0.47229551451187335,0.9971117563937328,0.988006591796875,0.3889673948287964,3.6327414512634277,2.3500218391418457,1.0,0.027786602800654953,0.027786602800654953,0.054070762792467184,1.0,0.05143399981905365,0.05143399981905365,0.09783590758507937,0.7827616534740546,0.10649754696661481,0.10344026034402604,0.18748683378976194,1.0,0.03270605265538768,0.03270605265538768,0.06334048797582023,C:\Users\vaidy\OneDrive\Desktop\Programming\COMPUTER VISION\TumorDetetction\brisc2025\classification_task\test\pituitary\brisc2025_test_00773_pi_ax_t1.jpg,C:\Users\vaidy\OneDrive\Desktop\Programming\COMPUTER VISION\TumorDetetction\brisc2025\segmentation_task\test\masks\brisc2025_test_00773_pi_ax_t1.png
brisc2025_test_00774_pi_ax_t1.jpg,pituitary,2,pituitary,2,True,0.9999953508377075,Small,0.65460205078125,0.63629150390625,0.9078014184397163,0.8311688311688312,0.920863309352518,0.8951048951048951,0.9994931420584576,0.998809814453125,0.35364291071891785,1.4892557859420776,1.4504029750823975,1.0,0.011458639386735758,0.011458639386735758,0.022657652899545792,1.0,0.021738028882695718,0.021738028882695718,0.042551081134695495,0.9627039627039627,0.06236786469344609,0.06221753540222959,0.11714650404197986,1.0,0.021129972130732203,0.021129972130732203,0.04138547042477173,C:\Users\vaidy\OneDrive\Desktop\Programming\COMPUTER VISION\TumorDetetction\brisc2025\classification_task\test\pituitary\brisc2025_test_00774_pi_ax_t1.jpg,C:\Users\vaidy\OneDrive\Desktop\Programming\COMPUTER VISION\TumorDetetction\brisc2025\segmentation_task\test\masks\brisc2025_test_00774_pi_ax_t1.png
brisc2025_test_00775_pi_ax_t1.jpg,pituitary,2,pituitary,2,True,0.9998117089271545,Small,0.68817138671875,0.8026123046875,0.8536335721596725,0.7446428571428572,0.7927756653992395,0.9246119733924612,0.9983252669585926,0.9978179931640625,0.3278406262397766,1.648585557937622,1.9091556072235107,1.0,0.012472345132743362,0.012472345132743362,0.024637404058889405,1.0,0.029136249111699722,0.029136249111699722,0.05662272441933459,0.6430155210643016,0.055683563748079874,0.05401378282734215,0.10249160629086411,1.0,0.033981523354221846,0.033981523354221846,0.06572945954389253,C:\Users\vaidy\OneDrive\Desktop\Programming\COMPUTER VISION\TumorDetetction\brisc2025\classification_task\test\pituitary\brisc2025_test_00775_pi_ax_t1.jpg,C:\Users\vaidy\OneDrive\Desktop\Programming\COMPUTER VISION\TumorDetetction\brisc2025\segmentation_task\test\masks\brisc2025_test_00775_pi_ax_t1.png
brisc2025_test_00776_pi_ax_t1.jpg,pituitary,2,pituitary,2,True,0.9996285438537598,Medium,1.5899658203125,1.5045166015625,0.9240631163708086,0.8588450962419798,0.9503042596348884,0.8992322456813819,0.9992402394021149,0.997650146484375,0.23671282827854156,5.562278747558594,5.2405314445495605,1.0,0.04410955424797867,0.04410955424797867,0.08449219541860936,1.0,0.08550094362845655,0.08550094362845655,0.15753269332527023,0.753358925143954,0.14716910386201726,0.1404042210695761,0.24623588456712672,1.0,0.08090588331828998,0.08090588331828998,0.14970014423441888,C:\Users\vaidy\OneDrive\Desktop\Programming\COMPUTER VISION\TumorDetetction\brisc2025\classification_task\test\pituitary\brisc2025_test_00776_pi_ax_t1.jpg,C:\Users\vaidy\OneDrive\Desktop\Programming\COMPUTER VISION\TumorDetetction\brisc2025\segmentation_task\test\masks\brisc2025_test_00776_pi_ax_t1.png
brisc2025_test_00777_pi_ax_t1.jpg,pituitary,2,pituitary,2,True,0.9999786615371704,Small,0.57830810546875,1.09100341796875,0.6617915904936015,0.49453551912568305,0.5062937062937063,0.9551451187335093,0.9945823165584665,0.994354248046875,0.36594146490097046,1.4997316598892212,2.8206958770751953,1.0,0.010444223985890653,0.010444223985890653,0.02067253934055145,1.0,0.01786977226649064,0.01786977226649064,0.035112099314433945,1.0,0.04248878923766816,0.04248878923766816,0.08151414130551672,1.0,0.03371210335235042,0.03371210335235042,0.0652253238460135,C:\Users\vaidy\OneDrive\Desktop\Programming\COMPUTER VISION\TumorDetetction\brisc2025\classification_task\test\pituitary\brisc2025_test_00777_pi_ax_t1.jpg,C:\Users\vaidy\OneDrive\Desktop\Programming\COMPUTER VISION\TumorDetetction\brisc2025\segmentation_task\test\masks\brisc2025_test_00777_pi_ax_t1.png
brisc2025_test_00778_pi_ax_t1.jpg,pituitary,2,pituitary,2,True,0.9988652467727661,Small,0.70648193359375,0.3875732421875,0.6052998605299861,0.434,0.8543307086614174,0.468682505399568,0.9994314078035437,0.9956817626953125,0.2961219847202301,1.813503384590149,1.0144147872924805,1.0,0.014821691529547347,0.014821691529547347,0.02921043500205041,1.0,0.03341271559500614,0.03341271559500614,0.06466480446927374,0.5658747300215983,0.05231629392971246,0.05029756191207525,0.09577773715956864,1.0,0.018330085877173993,0.018330085877173993,0.036000283466798955,C:\Users\vaidy\OneDrive\Desktop\Programming\COMPUTER VISION\TumorDetetction\brisc2025\classification_task\test\pituitary\brisc2025_test_00778_pi_ax_t1.jpg,C:\Users\vaidy\OneDrive\Desktop\Programming\COMPUTER VISION\TumorDetetction\brisc2025\segmentation_task\test\masks\brisc2025_test_00778_pi_ax_t1.png
brisc2025_test_00779_pi_ax_t1.jpg,pituitary,2,pituitary,2,True,0.9999964237213135,Medium,0.7904052734375,0.75225830078125,0.7062314540059347,0.5458715596330275,0.7241379310344828,0.6891891891891891,0.9979082715555693,0.9954681396484375,0.3853365480899811,1.8522663116455078,1.716446876525879,1.0,0.012724771543676919,0.012724771543676919,0.025129772473681658,1.0,0.02319645336079889,0.02319645336079889,0.0453411527856799,1.0,0.05792887497204205,0.05792887497204205,0.10951374207188161,1.0,0.022076933410953382,0.022076933410953382,0.043200140203294775,C:\Users\vaidy\OneDrive\Desktop\Programming\COMPUTER VISION\TumorDetetction\brisc2025\classification_task\test\pituitary\brisc2025_test_00779_pi_ax_t1.jpg,C:\Users\vaidy\OneDrive\Desktop\Programming\COMPUTER VISION\TumorDetetction\brisc2025\segmentation_task\test\masks\brisc2025_test_00779_pi_ax_t1.png
brisc2025_test_00780_pi_ax_t1.jpg,pituitary,2,pituitary,2,True,0.9999948740005493,Medium,0.927734375,0.88043212890625,0.8641350210970464,0.7607726597325408,0.8873483535528596,0.8421052631578947,0.9989988910793495,0.9975433349609375,0.3479321599006653,2.299211263656616,2.197164535522461,1.0,0.016705591427393873,0.016705591427393873,0.0328622003621328,1.0,0.03527909945456655,0.03527909945456655,0.06815379441766618,0.9901315789473685,0.08661870503597122,0.08654399079930995,0.15930140248743055,1.0,0.033480329581060696,0.033480329581060696,0.06479142103194654,C:\Users\vaidy\OneDrive\Desktop\Programming\COMPUTER VISION\TumorDetetction\brisc2025\classification_task\test\pituitary\brisc2025_test_00780_pi_ax_t1.jpg,C:\Users\vaidy\OneDrive\Desktop\Programming\COMPUTER VISION\TumorDetetction\brisc2025\segmentation_task\test\masks\brisc2025_test_00780_pi_ax_t1.png
brisc2025_test_00781_pi_ax_t1.jpg,pituitary,2,pituitary,2,True,0.9998154044151306,Medium,0.787353515625,0.0,0.0,0.0,0.0,0.0,1.0,0.99212646484375,0.3822878897190094,1.9020828008651733,0.0,1.0,0.013552555549718969,0.013552555549718969,0.02674267945063488,1.0,0.021583636591793198,0.021583636591793198,0.04225525119764157,1.0,0.048509918210021624,0.048509918210021624,0.09253115753608894,0.0,0.0,0.0,0.0,C:\Users\vaidy\OneDrive\Desktop\Programming\COMPUTER VISION\TumorDetetction\brisc2025\classification_task\test\pituitary\brisc2025_test_00781_pi_ax_t1.jpg,C:\Users\vaidy\OneDrive\Desktop\Programming\COMPUTER VISION\TumorDetetction\brisc2025\segmentation_task\test\masks\brisc2025_test_00781_pi_ax_t1.png
brisc2025_test_00782_pi_ax_t1.jpg,pituitary,2,pituitary,2,True,0.9998778104782104,Small,0.49896240234375,0.65765380859375,0.8021108179419525,0.6696035242290749,0.7053364269141531,0.9296636085626911,0.9980524160775354,0.997711181640625,0.38743600249290466,1.0653088092803955,1.4214433431625366,1.0,0.008195694127672373,0.008195694127672373,0.01625814150052205,1.0,0.014544969308780357,0.014544969308780357,0.02867289227936341,0.8226299694189603,0.035596136032817256,0.035325016414970455,0.06823947234906139,1.0,0.01917089226937105,0.01917089226937105,0.03762056474490464,C:\Users\vaidy\OneDrive\Desktop\Programming\COMPUTER VISION\TumorDetetction\brisc2025\classification_task\test\pituitary\brisc2025_test_00782_pi_ax_t1.jpg,C:\Users\vaidy\OneDrive\Desktop\Programming\COMPUTER VISION\TumorDetetction\brisc2025\segmentation_task\test\masks\brisc2025_test_00782_pi_ax_t1.png
brisc2025_test_00783_pi_ax_t1.jpg,pituitary,2,pituitary,2,True,0.9999115467071533,Small,0.384521484375,0.238037109375,0.7107843137254902,0.5513307984790875,0.9294871794871795,0.5753968253968254,0.9998315054224619,0.998199462890625,0.42081308364868164,0.8486234545707703,0.5357247591018677,1.0,0.005539313740575473,0.005539313740575473,0.011017597551644989,1.0,0.011167242754586547,0.011167242754586547,0.02208782540099921,1.0,0.02664411080566716,0.02664411080566716,0.051905252317198766,1.0,0.0069130550385535765,0.0069130550385535765,0.013731185635067335,C:\Users\vaidy\OneDrive\Desktop\Programming\COMPUTER VISION\TumorDetetction\brisc2025\classification_task\test\pituitary\brisc2025_test_00783_pi_ax_t1.jpg,C:\Users\vaidy\OneDrive\Desktop\Programming\COMPUTER VISION\TumorDetetction\brisc2025\segmentation_task\test\masks\brisc2025_test_00783_pi_ax_t1.png
brisc2025_test_00784_pi_ax_t1.jpg,pituitary,2,pituitary,2,True,0.9998332262039185,Medium,1.09710693359375,1.4434814453125,0.7867867867867868,0.6485148514851485,0.6923890063424947,0.9109874826147427,0.9955104370766928,0.9945831298828125,0.37779897451400757,2.5976057052612305,3.327522039413452,1.0,0.017732070632336984,0.017732070632336984,0.03484624518380304,1.0,0.03388792006409954,0.03388792006409954,0.06555433989788476,1.0,0.09320715582058595,0.09320715582058595,0.1705205739357287,1.0,0.04458688787293208,0.04458688787293208,0.08536750439922393,C:\Users\vaidy\OneDrive\Desktop\Programming\COMPUTER VISION\TumorDetetction\brisc2025\classification_task\test\pituitary\brisc2025_test_00784_pi_ax_t1.jpg,C:\Users\vaidy\OneDrive\Desktop\Programming\COMPUTER VISION\TumorDetetction\brisc2025\segmentation_task\test\masks\brisc2025_test_00784_pi_ax_t1.png
brisc2025_test_00785_pi_ax_t1.jpg,pituitary,2,pituitary,2,True,0.9999828338623047,Small,0.65460205078125,0.6744384765625,0.9345579793340988,0.8771551724137931,0.920814479638009,0.9487179487179487,0.9994624233953339,0.9991302490234375,0.27872663736343384,2.09450101852417,2.158646583557129,1.0,0.015053159759991578,0.015053159759991578,0.029659845132743362,1.0,0.034504946513311346,0.034504946513311346,0.0667081324832841,1.0,0.08774800572714256,0.08774800572714256,0.16133884919142535,1.0,0.03555055095310866,0.03555055095310866,0.06866019417475729,C:\Users\vaidy\OneDrive\Desktop\Programming\COMPUTER VISION\TumorDetetction\brisc2025\classification_task\test\pituitary\brisc2025_test_00785_pi_ax_t1.jpg,C:\Users\vaidy\OneDrive\Desktop\Programming\COMPUTER VISION\TumorDetetction\brisc2025\segmentation_task\test\masks\brisc2025_test_00785_pi_ax_t1.png
brisc2025_test_00786_pi_ax_t1.jpg,pituitary,2,pituitary,2,True,0.9974379539489746,Medium,0.8056640625,0.85296630859375,0.8886844526218951,0.7996688741721855,0.8640429338103757,0.9147727272727273,0.9988309131183855,0.9981536865234375,0.3001747727394104,2.3563294410705566,2.4972243309020996,1.0,0.01593288874136214,0.01593288874136214,0.03136602607894971,1.0,0.03448501077656587,0.03448501077656587,0.06667087568659638,1.0,0.09166666666666666,0.09166666666666666,0.16793893129770993,1.0,0.03650969890928091,0.03650969890928091,0.07044738500315059,C:\Users\vaidy\OneDrive\Desktop\Programming\COMPUTER VISION\TumorDetetction\brisc2025\classification_task\test\pituitary\brisc2025_test_00786_pi_ax_t1.jpg,C:\Users\vaidy\OneDrive\Desktop\Programming\COMPUTER VISION\TumorDetetction\brisc2025\segmentation_task\test\masks\brisc2025_test_00786_pi_ax_t1.png
brisc2025_test_00787_pi_ax_t1.jpg,pituitary,2,pituitary,2,True,0.9923270344734192,Medium,1.00250244140625,1.104736328125,0.8921071687183201,0.8052287581699347,0.850828729281768,0.9375951293759512,0.9983353627522003,0.9977264404296875,0.2858368158340454,3.0899150371551514,3.401634454727173,1.0,0.020666876376218935,0.020666876376218935,0.04049681018275958,1.0,0.045960125918153204,0.045960125918153204,0.08788121990369181,1.0,0.1552824391396833,0.1552824391396833,0.26882160392798693,1.0,0.05064707939839105,0.05064707939839105,0.096411212464212,C:\Users\vaidy\OneDrive\Desktop\Programming\COMPUTER VISION\TumorDetetction\brisc2025\classification_task\test\pituitary\brisc2025_test_00787_pi_ax_t1.jpg,C:\Users\vaidy\OneDrive\Desktop\Programming\COMPUTER VISION\TumorDetetction\brisc2025\segmentation_task\test\masks\brisc2025_test_00787_pi_ax_t1.png
brisc2025_test_00788_pi_ax_t1.jpg,pituitary,2,pituitary,2,True,0.9983658194541931,Small,0.36773681640625,0.42266845703125,0.8146718146718147,0.6872964169381107,0.7617328519855595,0.8755186721991701,0.9989892028486101,0.99853515625,0.2706553339958191,1.2349448204040527,1.4072779417037964,1.0,0.0082627627112833,0.0082627627112833,0.016390097932535364,1.0,0.01657838618697118,0.01657838618697118,0.032616050886452835,1.0,0.04123887748117728,0.04123887748117728,0.07921117502054231,1.0,0.01905482561739011,0.01905482561739011,0.037397056838126094,C:\Users\vaidy\OneDrive\Desktop\Programming\COMPUTER VISION\TumorDetetction\brisc2025\classification_task\test\pituitary\brisc2025_test_00788_pi_ax_t1.jpg,C:\Users\vaidy\OneDrive\Desktop\Programming\COMPUTER VISION\TumorDetetction\brisc2025\segmentation_task\test\masks\brisc2025_test_00788_pi_ax_t1.png
brisc2025_test_00789_pi_ax_t1.jpg,pituitary,2,pituitary,2,True,0.9999982118606567,Small,0.2288818359375,0.35552978515625,0.7101827676240209,0.5506072874493927,0.5836909871244635,0.9066666666666666,0.998516502003487,0.9983062744140625,0.35397619009017944,0.5919002890586853,0.9257141351699829,1.0,0.004081077404434771,0.004081077404434771,0.008128979813033465,1.0,0.007901390644753476,0.007901390644753476,0.01567889620570712,1.0,0.02225519287833828,0.02225519287833828,0.04354136429608128,1.0,0.012273493468183733,0.012273493468183733,0.024249362543581204,C:\Users\vaidy\OneDrive\Desktop\Programming\COMPUTER VISION\TumorDetetction\brisc2025\classification_task\test\pituitary\brisc2025_test_00789_pi_ax_t1.jpg,C:\Users\vaidy\OneDrive\Desktop\Programming\COMPUTER VISION\TumorDetetction\brisc2025\segmentation_task\test\masks\brisc2025_test_00789_pi_ax_t1.png
brisc2025_test_00790_pi_ax_t1.jpg,pituitary,2,pituitary,2,True,0.9964587092399597,Small,0.57525634765625,0.61187744140625,0.897172236503856,0.8135198135198135,0.8703241895261845,0.9257294429708223,0.999201952147823,0.998779296875,0.20531609654426575,2.0137765407562256,2.138119697570801,1.0,0.017804014167650532,0.017804014167650532,0.034985152190051966,1.0,0.03951781970649895,0.03951781970649895,0.07603105777957044,0.3421750663129973,0.0391740054661403,0.03643038689635696,0.07029972752043596,1.0,0.0420335429769392,0.0420335429769392,0.0806759883311538,C:\Users\vaidy\OneDrive\Desktop\Programming\COMPUTER VISION\TumorDetetction\brisc2025\classification_task\test\pituitary\brisc2025_test_00790_pi_ax_t1.jpg,C:\Users\vaidy\OneDrive\Desktop\Programming\COMPUTER VISION\TumorDetetction\brisc2025\segmentation_task\test\masks\brisc2025_test_00790_pi_ax_t1.png
brisc2025_test_00791_pi_ax_t1.jpg,pituitary,2,pituitary,2,True,0.9999266862869263,Medium,0.7232666015625,0.56915283203125,0.8429752066115702,0.7285714285714285,0.9571045576407506,0.7531645569620253,0.9997540807230026,0.9979705810546875,0.4026429355144501,1.584585428237915,1.2459630966186523,1.0,0.011127282971031504,0.011127282971031504,0.022009658246656762,1.0,0.019407140517523746,0.019407140517523746,0.03807534741746325,1.0,0.05544508129605802,0.05544508129605802,0.10506483431231298,1.0,0.015271863740583033,0.015271863740583033,0.030084284389240636,C:\Users\vaidy\OneDrive\Desktop\Programming\COMPUTER VISION\TumorDetetction\brisc2025\classification_task\test\pituitary\brisc2025_test_00791_pi_ax_t1.jpg,C:\Users\vaidy\OneDrive\Desktop\Programming\COMPUTER VISION\TumorDetetction\brisc2025\segmentation_task\test\masks\brisc2025_test_00791_pi_ax_t1.png
brisc2025_test_00792_pi_ax_t1.jpg,pituitary,2,pituitary,2,True,0.9995707869529724,Medium,0.83770751953125,0.83160400390625,0.8793418647166362,0.7846655791190864,0.8825688073394495,0.8761384335154827,0.9990151876529152,0.99798583984375,0.4899752736091614,0.9414248466491699,0.9274221062660217,1.0,0.010766394728584877,0.010766394728584877,0.021303428338604217,0.8506375227686703,0.013059649319052546,0.013029770374710528,0.02572435826815027,0.0,0.0,0.0,0.0,0.8532110091743119,0.013003719343382085,0.012974692374229192,0.025617011899515204,C:\Users\vaidy\OneDrive\Desktop\Programming\COMPUTER VISION\TumorDetetction\brisc2025\classification_task\test\pituitary\brisc2025_test_00792_pi_ax_t1.jpg,C:\Users\vaidy\OneDrive\Desktop\Programming\COMPUTER VISION\TumorDetetction\brisc2025\segmentation_task\test\masks\brisc2025_test_00792_pi_ax_t1.png
brisc2025_test_00793_pi_ax_t1.jpg,pituitary,2,pituitary,2,True,0.9998106360435486,Small,0.457763671875,1.22222900390625,0.45776566757493187,0.2968197879858657,0.3146067415730337,0.84,0.9915844012508431,0.9908905029296875,0.4093923270702362,0.968364417552948,2.3440628051757812,1.0,0.006911168448212311,0.006911168448212311,0.013727464079802324,1.0,0.012661967669775884,0.012661967669775884,0.025007293794023257,1.0,0.0314828418511911,0.0314828418511911,0.06104384983212941,1.0,0.03380745367830161,0.03380745367830161,0.06540377235241283,C:\Users\vaidy\OneDrive\Desktop\Programming\COMPUTER VISION\TumorDetetction\brisc2025\classification_task\test\pituitary\brisc2025_test_00793_pi_ax_t1.jpg,C:\Users\vaidy\OneDrive\Desktop\Programming\COMPUTER VISION\TumorDetetction\brisc2025\segmentation_task\test\masks\brisc2025_test_00793_pi_ax_t1.png
brisc2025_test_00794_pi_ax_t1.jpg,pituitary,2,pituitary,2,True,0.9999927282333374,Small,0.55389404296875,0.6988525390625,0.830694275274056,0.7104166666666667,0.7445414847161572,0.9393939393939394,0.9982047780522609,0.9978790283203125,0.33688879013061523,1.4233731031417847,1.7707860469818115,1.0,0.009952567652784251,0.009952567652784251,0.019708980345314365,1.0,0.021765199664228324,0.021765199664228324,0.04260313361891908,1.0,0.06191369606003752,0.06191369606003752,0.1166077738515901,1.0,0.02746132629811728,0.02746132629811728,0.0534547152194211,C:\Users\vaidy\OneDrive\Desktop\Programming\COMPUTER VISION\TumorDetetction\brisc2025\classification_task\test\pituitary\brisc2025_test_00794_pi_ax_t1.jpg,C:\Users\vaidy\OneDrive\Desktop\Programming\COMPUTER VISION\TumorDetetction\brisc2025\segmentation_task\test\masks\brisc2025_test_00794_pi_ax_t1.png
brisc2025_test_00795_pi_ax_t1.jpg,pituitary,2,pituitary,2,True,0.9999847412109375,Small,0.29449462890625,0.30975341796875,0.8383838383838383,0.7217391304347827,0.8177339901477833,0.8601036269430051,0.9994337572502028,0.9990234375,0.31350764632225037,0.8305935263633728,0.8775711059570312,1.0,0.006179163731830697,0.006179163731830697,0.012282432303433354,1.0,0.01168634574629125,0.01168634574629125,0.02310270529087862,1.0,0.028831789662384224,0.028831789662384224,0.05604762596195731,1.0,0.012291855888586134,0.012291855888586134,0.02428520157913626,C:\Users\vaidy\OneDrive\Desktop\Programming\COMPUTER VISION\TumorDetetction\brisc2025\classification_task\test\pituitary\brisc2025_test_00795_pi_ax_t1.jpg,C:\Users\vaidy\OneDrive\Desktop\Programming\COMPUTER VISION\TumorDetetction\brisc2025\segmentation_task\test\masks\brisc2025_test_00795_pi_ax_t1.png
brisc2025_test_00796_pi_ax_t1.jpg,pituitary,2,pituitary,2,True,0.9991249442100525,Medium,1.1505126953125,1.1749267578125,0.8740157480314961,0.7762237762237763,0.8649350649350649,0.883289124668435,0.9983946157883362,0.9970703125,0.3765206038951874,2.1391654014587402,2.197463035583496,1.0,0.01783897603331204,0.01783897603331204,0.03505264870644569,1.0,0.03828382838283828,0.03828382838283828,0.07374443738080101,0.34748010610079577,0.05384299219071106,0.04889884285181038,0.09323843416370106,1.0,0.039096217314039096,0.039096217314039096,0.07525042755924749,C:\Users\vaidy\OneDrive\Desktop\Programming\COMPUTER VISION\TumorDetetction\brisc2025\classification_task\test\pituitary\brisc2025_test_00796_pi_ax_t1.jpg,C:\Users\vaidy\OneDrive\Desktop\Programming\COMPUTER VISION\TumorDetetction\brisc2025\segmentation_task\test\masks\brisc2025_test_00796_pi_ax_t1.png
brisc2025_test_00797_pi_ax_t1.jpg,pituitary,2,pituitary,2,True,0.9999583959579468,Medium,1.93634033203125,1.8829345703125,0.8773471833799441,0.7814946619217081,0.8897893030794165,0.8652482269503546,0.9978838284033796,0.9953155517578125,0.30346405506134033,3.3334906101226807,3.2257609367370605,1.0,0.03815393866506314,0.03815393866506314,0.07350343189782502,0.6674546887312844,0.061265822784810124,0.05945111251491542,0.11223002517556645,0.0,0.0,0.0,0.0,0.6572123176661264,0.05866184448462929,0.056920269511510385,0.10770967527724284,C:\Users\vaidy\OneDrive\Desktop\Programming\COMPUTER VISION\TumorDetetction\brisc2025\classification_task\test\pituitary\brisc2025_test_00797_pi_ax_t1.jpg,C:\Users\vaidy\OneDrive\Desktop\Programming\COMPUTER VISION\TumorDetetction\brisc2025\segmentation_task\test\masks\brisc2025_test_00797_pi_ax_t1.png
brisc2025_test_00798_pi_ax_t1.jpg,pituitary,2,pituitary,2,True,0.9777140021324158,Large,2.9327392578125,2.85186767578125,0.9596412556053812,0.9224137931034483,0.9732477260567148,0.9464099895941728,0.9992140094947654,0.9976654052734375,0.26482701301574707,10.110479354858398,9.861156463623047,1.0,0.07051658350454945,0.07051658350454945,0.1317430941120022,1.0,0.15380921895006402,0.15380921895006402,0.26661118046885834,1.0,0.3652603572786013,0.3652603572786013,0.5350779510022272,1.0,0.14956786171574904,0.14956786171574904,0.2602158022972503,C:\Users\vaidy\OneDrive\Desktop\Programming\COMPUTER VISION\TumorDetetction\brisc2025\classification_task\test\pituitary\brisc2025_test_00798_pi_ax_t1.jpg,C:\Users\vaidy\OneDrive\Desktop\Programming\COMPUTER VISION\TumorDetetction\brisc2025\segmentation_task\test\masks\brisc2025_test_00798_pi_ax_t1.png
brisc2025_test_00799_pi_ax_t1.jpg,pituitary,2,pituitary,2,True,0.9999809265136719,Medium,0.75836181640625,1.0345458984375,0.8136170212765957,0.6857962697274032,0.7050147492625368,0.9617706237424547,0.996924921969895,0.9966583251953125,0.34235817193984985,1.9592937231063843,2.6717276573181152,1.0,0.01452239721824504,0.01452239721824504,0.028629032258064516,1.0,0.027336230130355865,0.027336230130355865,0.053217689260092085,1.0,0.06723484848484848,0.06723484848484848,0.12599822537710736,1.0,0.03729167812551565,0.03729167812551565,0.07190200965056472,C:\Users\vaidy\OneDrive\Desktop\Programming\COMPUTER VISION\TumorDetetction\brisc2025\classification_task\test\pituitary\brisc2025_test_00799_pi_ax_t1.jpg,C:\Users\vaidy\OneDrive\Desktop\Programming\COMPUTER VISION\TumorDetetction\brisc2025\segmentation_task\test\masks\brisc2025_test_00799_pi_ax_t1.png
brisc2025_test_00800_pi_ax_t1.jpg,pituitary,2,pituitary,2,True,0.9999955892562866,Medium,1.23291015625,1.6754150390625,0.8247639034627492,0.7017857142857142,0.7158469945355191,0.9727722772277227,0.9951798294401186,0.994903564453125,0.36638787388801575,2.363797426223755,3.251720666885376,1.0,0.019786947471531775,0.019786947471531775,0.03880604183176044,1.0,0.04208990988175236,0.04208990988175236,0.08077980504873782,0.2722772277227723,0.03820771101076763,0.034667507091081,0.06701187937861712,1.0,0.05719643694327239,0.05719643694327239,0.1082039911308204,C:\Users\vaidy\OneDrive\Desktop\Programming\COMPUTER VISION\TumorDetetction\brisc2025\classification_task\test\pituitary\brisc2025_test_00800_pi_ax_t1.jpg,C:\Users\vaidy\OneDrive\Desktop\Programming\COMPUTER VISION\TumorDetetction\brisc2025\segmentation_task\test\masks\brisc2025_test_00800_pi_ax_t1.png
brisc2025_test_00801_pi_ax_t1.jpg,pituitary,2,pituitary,2,True,0.9999985694885254,Medium,1.544189453125,1.76544189453125,0.9073305670816044,0.830379746835443,0.8504753673293,0.9723320158102767,0.9973188271030934,0.9969329833984375,0.27571606636047363,4.565915584564209,5.19288444519043,1.0,0.03706280900933895,0.03706280900933895,0.07147649821661899,1.0,0.07796610169491526,0.07796610169491526,0.14465408805031446,0.7747035573122529,0.18043728423475258,0.17144106713317298,0.2927011386970319,1.0,0.0891371340523883,0.0891371340523883,0.16368394991865318,C:\Users\vaidy\OneDrive\Desktop\Programming\COMPUTER VISION\TumorDetetction\brisc2025\classification_task\test\pituitary\brisc2025_test_00801_pi_ax_t1.jpg,C:\Users\vaidy\OneDrive\Desktop\Programming\COMPUTER VISION\TumorDetetction\brisc2025\segmentation_task\test\masks\brisc2025_test_00801_pi_ax_t1.png
brisc2025_test_00802_pi_ax_t1.jpg,pituitary,2,pituitary,2,True,0.999992847442627,Small,0.54168701171875,0.91552734375,0.7036649214659686,0.5428109854604201,0.56,0.9464788732394366,0.9959497399548949,0.9956817626953125,0.36799630522727966,1.102260947227478,1.8606350421905518,1.0,0.008889667952121,0.008889667952121,0.01762267616470997,1.0,0.018106702029990818,0.018106702029990818,0.03556936025249236,0.504225352112676,0.02732824427480916,0.026613143027059173,0.05184648805213613,1.0,0.03060287667040702,0.03060287667040702,0.059388300504800554,C:\Users\vaidy\OneDrive\Desktop\Programming\COMPUTER VISION\TumorDetetction\brisc2025\classification_task\test\pituitary\brisc2025_test_00802_pi_ax_t1.jpg,C:\Users\vaidy\OneDrive\Desktop\Programming\COMPUTER VISION\TumorDetetction\brisc2025\segmentation_task\test\masks\brisc2025_test_00802_pi_ax_t1.png
brisc2025_test_00803_pi_ax_t1.jpg,pituitary,2,pituitary,2,True,0.9999991655349731,Medium,0.76446533203125,0.74005126953125,0.9148073022312373,0.8429906542056075,0.9298969072164949,0.9001996007984032,0.9994772045821481,0.99871826171875,0.327335387468338,2.0075302124023438,1.946636438369751,1.0,0.014423492154887002,0.014423492154887002,0.028436825973436258,1.0,0.03162878787878788,0.03162878787878788,0.06131815678355058,1.0,0.08285100049611377,0.08285100049611377,0.15302382406841783,1.0,0.030618686868686868,0.030618686868686868,0.05941807044410413,C:\Users\vaidy\OneDrive\Desktop\Programming\COMPUTER VISION\TumorDetetction\brisc2025\classification_task\test\pituitary\brisc2025_test_00803_pi_ax_t1.jpg,C:\Users\vaidy\OneDrive\Desktop\Programming\COMPUTER VISION\TumorDetetction\brisc2025\segmentation_task\test\masks\brisc2025_test_00803_pi_ax_t1.png
brisc2025_test_00804_pi_ax_t1.jpg,pituitary,2,pituitary,2,True,0.9999991655349731,Small,0.335693359375,0.3570556640625,0.8325991189427313,0.7132075471698113,0.8076923076923077,0.8590909090909091,0.9993110417049421,0.99884033203125,0.25644999742507935,0.9722231030464172,1.0441968441009521,1.0,0.008808456117873158,0.008808456117873158,0.01746308937926655,1.0,0.01878415300546448,0.01878415300546448,0.03687562856185048,0.4318181818181818,0.02095280105866784,0.020390641768619877,0.03996634413125789,1.0,0.019979508196721313,0.019979508196721313,0.03917629331993973,C:\Users\vaidy\OneDrive\Desktop\Programming\COMPUTER VISION\TumorDetetction\brisc2025\classification_task\test\pituitary\brisc2025_test_00804_pi_ax_t1.jpg,C:\Users\vaidy\OneDrive\Desktop\Programming\COMPUTER VISION\TumorDetetction\brisc2025\segmentation_task\test\masks\brisc2025_test_00804_pi_ax_t1.png
brisc2025_test_00805_pi_ax_t1.jpg,pituitary,2,meningioma,1,False,0.9236294627189636,Small,0.42877197265625,0.57525634765625,0.7659574468085106,0.6206896551724138,0.6684350132625995,0.896797153024911,0.9980844379741016,0.997650146484375,0.3081057667732239,1.249062418937683,1.7070415019989014,1.0,0.009001217246460375,0.009001217246460375,0.017841836248769803,1.0,0.019818040764510898,0.019818040764510898,0.038865836791147995,1.0,0.04892913111614139,0.04892913111614139,0.09329349269588313,1.0,0.026588616968756612,0.026588616968756612,0.05179994503984611,C:\Users\vaidy\OneDrive\Desktop\Programming\COMPUTER VISION\TumorDetetction\brisc2025\classification_task\test\pituitary\brisc2025_test_00805_pi_ax_t1.jpg,C:\Users\vaidy\OneDrive\Desktop\Programming\COMPUTER VISION\TumorDetetction\brisc2025\segmentation_task\test\masks\brisc2025_test_00805_pi_ax_t1.png
brisc2025_test_00806_pi_ax_t1.jpg,pituitary,2,pituitary,2,True,0.9999152421951294,Small,0.41656494140625,0.677490234375,0.7280334728033473,0.5723684210526315,0.5878378378378378,0.9560439560439561,0.99719596095797,0.9970245361328125,0.3550577461719513,0.9775362014770508,1.582141637802124,1.0,0.0073385124055804956,0.0073385124055804956,0.014570101937343224,1.0,0.013413256031051934,0.013413256031051934,0.02647144380878503,0.9743589743589743,0.038741625400524324,0.038702167903390074,0.07452024093010226,1.0,0.021814965852699847,0.021814965852699847,0.04269846612492186,C:\Users\vaidy\OneDrive\Desktop\Programming\COMPUTER VISION\TumorDetetction\brisc2025\classification_task\test\pituitary\brisc2025_test_00806_pi_ax_t1.jpg,C:\Users\vaidy\OneDrive\Desktop\Programming\COMPUTER VISION\TumorDetetction\brisc2025\segmentation_task\test\masks\brisc2025_test_00806_pi_ax_t1.png
brisc2025_test_00807_pi_ax_t1.jpg,pituitary,2,pituitary,2,True,0.9991716146469116,Medium,0.9979248046875,0.9857177734375,0.8815384615384615,0.7881705639614855,0.8869969040247678,0.8761467889908257,0.9988748805523874,0.997650146484375,0.29172801971435547,2.403482675552368,2.376769781112671,1.0,0.02296025839067547,0.02296025839067547,0.04488983458027318,1.0,0.04467213114754098,0.04467213114754098,0.08552373479795998,0.27522935779816515,0.03331482509716824,0.030627871362940276,0.05943536404160475,1.0,0.04412568306010929,0.04412568306010929,0.08452178463953945,C:\Users\vaidy\OneDrive\Desktop\Programming\COMPUTER VISION\TumorDetetction\brisc2025\classification_task\test\pituitary\brisc2025_test_00807_pi_ax_t1.jpg,C:\Users\vaidy\OneDrive\Desktop\Programming\COMPUTER VISION\TumorDetetction\brisc2025\segmentation_task\test\masks\brisc2025_test_00807_pi_ax_t1.png
brisc2025_test_00808_pi_ax_t1.jpg,pituitary,2,pituitary,2,True,0.9988638162612915,Medium,0.79803466796875,0.74005126953125,0.8928571428571429,0.8064516129032258,0.9278350515463918,0.8604206500956023,0.999461646132312,0.99835205078125,0.3685404062271118,2.011007785797119,1.8654476404190063,1.0,0.01352854445277943,0.01352854445277943,0.026695931805420858,1.0,0.024704770902220122,0.024704770902220122,0.048218319273498365,1.0,0.06901557139086831,0.06901557139086831,0.12911986174546353,1.0,0.02290977798771847,0.02290977798771847,0.04479335026552759,C:\Users\vaidy\OneDrive\Desktop\Programming\COMPUTER VISION\TumorDetetction\brisc2025\classification_task\test\pituitary\brisc2025_test_00808_pi_ax_t1.jpg,C:\Users\vaidy\OneDrive\Desktop\Programming\COMPUTER VISION\TumorDetetction\brisc2025\segmentation_task\test\masks\brisc2025_test_00808_pi_ax_t1.png
brisc2025_test_00809_pi_ax_t1.jpg,pituitary,2,pituitary,2,True,0.9999653100967407,Medium,1.88446044921875,1.7791748046875,0.9129529362765514,0.8398467432950192,0.9399656946826758,0.8874493927125506,0.9989113699631421,0.9968109130859375,0.3315557837486267,4.424468994140625,4.17569637298584,1.0,0.036905331102079844,0.036905331102079844,0.07118360759676072,1.0,0.07234915055653193,0.07234915055653193,0.13493580988800874,0.6307692307692307,0.10899678186651741,0.10245955543864264,0.18587449296110714,1.0,0.068306971294669,0.068306971294669,0.1278789208159684,C:\Users\vaidy\OneDrive\Desktop\Programming\COMPUTER VISION\TumorDetetction\brisc2025\classification_task\test\pituitary\brisc2025_test_00809_pi_ax_t1.jpg,C:\Users\vaidy\OneDrive\Desktop\Programming\COMPUTER VISION\TumorDetetction\brisc2025\segmentation_task\test\masks\brisc2025_test_00809_pi_ax_t1.png
brisc2025_test_00810_pi_ax_t1.jpg,pituitary,2,pituitary,2,True,0.9999960660934448,Medium,0.97198486328125,0.92010498046875,0.9225806451612903,0.8562874251497006,0.9485903814262023,0.8979591836734694,0.999522334704695,0.99853515625,0.29816848039627075,2.3206536769866943,2.1784188747406006,1.0,0.021350762527233117,0.021350762527233117,0.041808873720136516,1.0,0.04499223054103687,0.04499223054103687,0.08611017235552551,0.29984301412872844,0.03638788340636312,0.03353819139596137,0.06489976214746856,1.0,0.042590761406978386,0.042590761406978386,0.08170178172210554,C:\Users\vaidy\OneDrive\Desktop\Programming\COMPUTER VISION\TumorDetetction\brisc2025\classification_task\test\pituitary\brisc2025_test_00810_pi_ax_t1.jpg,C:\Users\vaidy\OneDrive\Desktop\Programming\COMPUTER VISION\TumorDetetction\brisc2025\segmentation_task\test\masks\brisc2025_test_00810_pi_ax_t1.png
brisc2025_test_00811_pi_ax_t1.jpg,pituitary,2,pituitary,2,True,0.999932050704956,Medium,0.99334716796875,1.15966796875,0.8334514528703048,0.7144592952612394,0.7736842105263158,0.9032258064516129,0.9973491561994298,0.9964141845703125,0.2900385558605194,2.3073437213897705,2.7527284622192383,1.0,0.02262380538662033,0.02262380538662033,0.044246584653027936,1.0,0.04408776919951239,0.04408776919951239,0.08445222805993384,0.1490015360983103,0.016502211636611093,0.01508084577114428,0.02971358554143054,1.0,0.051469592306650415,0.051469592306650415,0.09790029627721242,C:\Users\vaidy\OneDrive\Desktop\Programming\COMPUTER VISION\TumorDetetction\brisc2025\classification_task\test\pituitary\brisc2025_test_00811_pi_ax_t1.jpg,C:\Users\vaidy\OneDrive\Desktop\Programming\COMPUTER VISION\TumorDetetction\brisc2025\segmentation_task\test\masks\brisc2025_test_00811_pi_ax_t1.png
brisc2025_test_00812_pi_ax_t1.jpg,pituitary,2,pituitary,2,True,0.999701201915741,Small,0.41961669921875,0.46844482421875,0.8350515463917526,0.7168141592920354,0.7915309446254072,0.8836363636363637,0.9990193224130798,0.99853515625,0.2802574932575226,1.0629141330718994,1.184080719947815,1.0,0.0098739722092564,0.0098739722092564,0.019554860271634788,1.0,0.0191291040623261,0.0191291040623261,0.037540099651900895,0.13818181818181818,0.006533700137551582,0.006277878737815959,0.012477425710064029,1.0,0.021355036171396773,0.021355036171396773,0.041817067356807194,C:\Users\vaidy\OneDrive\Desktop\Programming\COMPUTER VISION\TumorDetetction\brisc2025\classification_task\test\pituitary\brisc2025_test_00812_pi_ax_t1.jpg,C:\Users\vaidy\OneDrive\Desktop\Programming\COMPUTER VISION\TumorDetetction\brisc2025\segmentation_task\test\masks\brisc2025_test_00812_pi_ax_t1.png
brisc2025_test_00813_pi_ax_t1.jpg,pituitary,2,pituitary,2,True,0.9999988079071045,Medium,0.73394775390625,0.0,0.0,0.0,0.0,0.0,1.0,0.9926605224609375,0.31374579668045044,1.9406722784042358,0.0,1.0,0.01541518443739384,0.01541518443739384,0.03036232798889029,1.0,0.027215118252800725,0.027215118252800725,0.05298815753236023,0.896049896049896,0.06211269635394149,0.061668335956503076,0.11617250673854447,0.0,0.0,0.0,0.0,C:\Users\vaidy\OneDrive\Desktop\Programming\COMPUTER VISION\TumorDetetction\brisc2025\classification_task\test\pituitary\brisc2025_test_00813_pi_ax_t1.jpg,C:\Users\vaidy\OneDrive\Desktop\Programming\COMPUTER VISION\TumorDetetction\brisc2025\segmentation_task\test\masks\brisc2025_test_00813_pi_ax_t1.png
brisc2025_test_00814_pi_ax_t1.jpg,pituitary,2,pituitary,2,True,0.9997963309288025,Small,0.5035400390625,0.57373046875,0.8385269121813032,0.7219512195121951,0.7872340425531915,0.896969696969697,0.9987731190381254,0.998260498046875,0.3520430326461792,1.2481368780136108,1.410326361656189,1.0,0.008475882262290029,0.008475882262290029,0.016809290953545233,1.0,0.0180623973727422,0.0180623973727422,0.035483870967741936,1.0,0.050474151116549404,0.050474151116549404,0.09609784507862551,1.0,0.020580186097427476,0.020580186097427476,0.04033036576209375,C:\Users\vaidy\OneDrive\Desktop\Programming\COMPUTER VISION\TumorDetetction\brisc2025\classification_task\test\pituitary\brisc2025_test_00814_pi_ax_t1.jpg,C:\Users\vaidy\OneDrive\Desktop\Programming\COMPUTER VISION\TumorDetetction\brisc2025\segmentation_task\test\masks\brisc2025_test_00814_pi_ax_t1.png
brisc2025_test_00815_pi_ax_t1.jpg,pituitary,2,pituitary,2,True,0.9759169220924377,Small,0.29296875,0.81787109375,0.5137362637362637,0.3456561922365989,0.34888059701492535,0.9739583333333334,0.9946590352595495,0.994598388671875,0.26395711302757263,0.7938883304595947,2.2435412406921387,1.0,0.007885657959586003,0.007885657959586003,0.015647921760391197,1.0,0.016198430777018477,0.016198430777018477,0.03188044831880448,0.3333333333333333,0.011676701331873745,0.011410233553218043,0.022563017803631236,1.0,0.04522061925250991,0.04522061925250991,0.08652837194285252,C:\Users\vaidy\OneDrive\Desktop\Programming\COMPUTER VISION\TumorDetetction\brisc2025\classification_task\test\pituitary\brisc2025_test_00815_pi_ax_t1.jpg,C:\Users\vaidy\OneDrive\Desktop\Programming\COMPUTER VISION\TumorDetetction\brisc2025\segmentation_task\test\masks\brisc2025_test_00815_pi_ax_t1.png
brisc2025_test_00816_pi_ax_t1.jpg,pituitary,2,pituitary,2,True,0.9994686245918274,Medium,0.8697509765625,1.177978515625,0.7615499254843517,0.614921780986763,0.6619170984455959,0.8964912280701754,0.9959825139303635,0.9951171875,0.40596434473991394,1.7671101093292236,2.357764959335327,1.0,0.013617143266681,0.013617143266681,0.026868415470550803,1.0,0.023696682464454975,0.023696682464454975,0.046296296296296294,0.7894736842105263,0.043331728454501686,0.042836744407425034,0.08215426745778183,1.0,0.03209445414484077,0.03209445414484077,0.06219286232175945,C:\Users\vaidy\OneDrive\Desktop\Programming\COMPUTER VISION\TumorDetetction\brisc2025\classification_task\test\pituitary\brisc2025_test_00816_pi_ax_t1.jpg,C:\Users\vaidy\OneDrive\Desktop\Programming\COMPUTER VISION\TumorDetetction\brisc2025\segmentation_task\test\masks\brisc2025_test_00816_pi_ax_t1.png
brisc2025_test_00817_pi_ax_t1.jpg,pituitary,2,pituitary,2,True,0.9994608759880066,Small,0.5767822265625,0.58441162109375,0.8620236530880421,0.7575057736720554,0.856396866840731,0.8677248677248677,0.9991558979710856,0.9983978271484375,0.2501815855503082,2.1141176223754883,2.143542528152466,1.0,0.015275195991271317,0.015275195991271317,0.030090749880592262,1.0,0.0334187958624348,0.0334187958624348,0.06467619129095731,1.0,0.07840696950840075,0.07840696950840075,0.1454125793421812,1.0,0.03386084342675272,0.03386084342675272,0.06550367709936719,C:\Users\vaidy\OneDrive\Desktop\Programming\COMPUTER VISION\TumorDetetction\brisc2025\classification_task\test\pituitary\brisc2025_test_00817_pi_ax_t1.jpg,C:\Users\vaidy\OneDrive\Desktop\Programming\COMPUTER VISION\TumorDetetction\brisc2025\segmentation_task\test\masks\brisc2025_test_00817_pi_ax_t1.png
brisc2025_test_00818_pi_ax_t1.jpg,pituitary,2,pituitary,2,True,0.9999914169311523,Small,0.6439208984375,0.63018798828125,0.8982035928143712,0.8152173913043478,0.9079903147699758,0.8886255924170616,0.9994164081457136,0.9987030029296875,0.23504650592803955,1.9589331150054932,1.9231760501861572,1.0,0.01690976117967623,0.01690976117967623,0.03325715186381906,1.0,0.03551889571584883,0.03551889571584883,0.06860115419003496,0.31990521327014215,0.036300080666845924,0.033699450823764354,0.06520164211543106,1.0,0.03476138372190893,0.03476138372190893,0.0671872458109647,C:\Users\vaidy\OneDrive\Desktop\Programming\COMPUTER VISION\TumorDetetction\brisc2025\classification_task\test\pituitary\brisc2025_test_00818_pi_ax_t1.jpg,C:\Users\vaidy\OneDrive\Desktop\Programming\COMPUTER VISION\TumorDetetction\brisc2025\segmentation_task\test\masks\brisc2025_test_00818_pi_ax_t1.png
brisc2025_test_00819_pi_ax_t1.jpg,pituitary,2,pituitary,2,True,0.9930047392845154,Medium,1.40228271484375,1.79595947265625,0.8358778625954199,0.7180327868852459,0.7442650807136788,0.9532100108813928,0.9953417831220887,0.9947509765625,0.2985875606536865,3.403996229171753,4.374283790588379,1.0,0.03072242837562264,0.03072242837562264,0.05961338868707836,1.0,0.052995790323510754,0.052995790323510754,0.10065717415115005,0.3394994559303591,0.04893350062735257,0.04467993698983245,0.08553803975325565,1.0,0.06787382503892508,0.06787382503892508,0.12711955934766173,C:\Users\vaidy\OneDrive\Desktop\Programming\COMPUTER VISION\TumorDetetction\brisc2025\classification_task\test\pituitary\brisc2025_test_00819_pi_ax_t1.jpg,C:\Users\vaidy\OneDrive\Desktop\Programming\COMPUTER VISION\TumorDetetction\brisc2025\segmentation_task\test\masks\brisc2025_test_00819_pi_ax_t1.png
brisc2025_test_00820_pi_ax_t1.jpg,pituitary,2,glioma,0,False,0.9684962630271912,Small,0.347900390625,0.9002685546875,0.0,0.0,0.0,0.0,0.990965884730814,0.987518310546875,0.3555349111557007,0.2453496903181076,1.2164945602416992,0.5087719298245614,0.002649490658261386,0.0026427302136966327,0.005271529197909566,0.0,0.0,0.0,0.0,0.0,0.0,0.0,0.0,0.38305084745762713,0.012594037336305378,0.012343656125402808,0.02438629619638522,C:\Users\vaidy\OneDrive\Desktop\Programming\COMPUTER VISION\TumorDetetction\brisc2025\classification_task\test\pituitary\brisc2025_test_00820_pi_ax_t1.jpg,C:\Users\vaidy\OneDrive\Desktop\Programming\COMPUTER VISION\TumorDetetction\brisc2025\segmentation_task\test\masks\brisc2025_test_00820_pi_ax_t1.png
brisc2025_test_00821_pi_ax_t1.jpg,pituitary,2,pituitary,2,True,0.9997139573097229,Medium,1.16424560546875,1.1627197265625,0.939016393442623,0.8850432632880099,0.9396325459317585,0.9384010484927916,0.9992898275516033,0.9985809326171875,0.2376849353313446,4.3123650550842285,4.319092273712158,1.0,0.0351985975919177,0.0351985975919177,0.0680035650623886,1.0,0.07161629434954007,0.07161629434954007,0.1336603310852238,0.9973787680209698,0.185655037814101,0.185564496464277,0.3130399012751954,1.0,0.07152243288905576,0.07152243288905576,0.1334968465311843,C:\Users\vaidy\OneDrive\Desktop\Programming\COMPUTER VISION\TumorDetetction\brisc2025\classification_task\test\pituitary\brisc2025_test_00821_pi_ax_t1.jpg,C:\Users\vaidy\OneDrive\Desktop\Programming\COMPUTER VISION\TumorDetetction\brisc2025\segmentation_task\test\masks\brisc2025_test_00821_pi_ax_t1.png
brisc2025_test_00822_pi_ax_t1.jpg,pituitary,2,pituitary,2,True,0.9965544939041138,Medium,0.7965087890625,0.799560546875,0.9273422562141491,0.8645276292335116,0.9255725190839694,0.9291187739463601,0.9994001292029409,0.99884033203125,0.3320213854312897,1.9314581155776978,1.9417362213134766,1.0,0.01607835889854001,0.01607835889854001,0.031647871953437615,1.0,0.026750025622629906,0.026750025622629906,0.05210620882411659,0.8160919540229885,0.05166767738023044,0.05107301282819806,0.09718261663054636,1.0,0.02685251614225684,0.02685251614225684,0.052300628805269984,C:\Users\vaidy\OneDrive\Desktop\Programming\COMPUTER VISION\TumorDetetction\brisc2025\classification_task\test\pituitary\brisc2025_test_00822_pi_ax_t1.jpg,C:\Users\vaidy\OneDrive\Desktop\Programming\COMPUTER VISION\TumorDetetction\brisc2025\segmentation_task\test\masks\brisc2025_test_00822_pi_ax_t1.png
brisc2025_test_00823_pi_ax_t1.jpg,pituitary,2,pituitary,2,True,0.9999865293502808,Small,0.67291259765625,0.6805419921875,0.8906426155580609,0.8028455284552846,0.8856502242152466,0.8956916099773242,0.99921652968738,0.9985198974609375,0.2331651896238327,2.4627695083618164,2.501798629760742,1.0,0.02065767284991568,0.02065767284991568,0.040479140850888065,1.0,0.03969039690396904,0.03969039690396904,0.07635041551246538,0.9931972789115646,0.1044349070100143,0.1043602573266619,0.1889967637540453,1.0,0.040140401404014044,0.040140401404014044,0.07718265985982521,C:\Users\vaidy\OneDrive\Desktop\Programming\COMPUTER VISION\TumorDetetction\brisc2025\classification_task\test\pituitary\brisc2025_test_00823_pi_ax_t1.jpg,C:\Users\vaidy\OneDrive\Desktop\Programming\COMPUTER VISION\TumorDetetction\brisc2025\segmentation_task\test\masks\brisc2025_test_00823_pi_ax_t1.png
brisc2025_test_00824_pi_ax_t1.jpg,pituitary,2,pituitary,2,True,0.999713122844696,Medium,0.7293701171875,0.70343017578125,0.8562300319488818,0.7486033519553073,0.8720173535791758,0.8410041841004184,0.999093116911064,0.9979400634765625,0.27544814348220825,2.152587652206421,2.103531837463379,1.0,0.017043428652927333,0.017043428652927333,0.03351563595568644,1.0,0.03319213943476147,0.03319213943476147,0.06425162981383158,0.7866108786610879,0.06533449174630755,0.06419668772409083,0.12064816300336917,1.0,0.03201166585653774,0.03201166585653774,0.06203741084645405,C:\Users\vaidy\OneDrive\Desktop\Programming\COMPUTER VISION\TumorDetetction\brisc2025\classification_task\test\pituitary\brisc2025_test_00824_pi_ax_t1.jpg,C:\Users\vaidy\OneDrive\Desktop\Programming\COMPUTER VISION\TumorDetetction\brisc2025\segmentation_task\test\masks\brisc2025_test_00824_pi_ax_t1.png
brisc2025_test_00825_pi_co_t1.jpg,pituitary,2,pituitary,2,True,0.9999984502792358,Medium,1.54571533203125,1.48162841796875,0.9082661290322581,0.8319482917820868,0.9279093717816684,0.8894373149062191,0.998915115540195,0.997222900390625,0.30851513147354126,4.60835075378418,4.438039779663086,1.0,0.03460290350128096,0.03460290350128096,0.06689117802430006,1.0,0.07059233449477352,0.07059233449477352,0.13187528477510904,1.0,0.16914342962097179,0.16914342962097179,0.289345901171094,1.0,0.06766550522648083,0.06766550522648083,0.1267541283206057,C:\Users\vaidy\OneDrive\Desktop\Programming\COMPUTER VISION\TumorDetetction\brisc2025\classification_task\test\pituitary\brisc2025_test_00825_pi_co_t1.jpg,C:\Users\vaidy\OneDrive\Desktop\Programming\COMPUTER VISION\TumorDetetction\brisc2025\segmentation_task\test\masks\brisc2025_test_00825_pi_co_t1.png
brisc2025_test_00826_pi_co_t1.jpg,pituitary,2,meningioma,1,False,0.9954307079315186,Medium,1.104736328125,1.10626220703125,0.8944099378881988,0.8089887640449438,0.8937931034482759,0.8950276243093923,0.9988119484046164,0.9976654052734375,0.3008590340614319,3.3939664363861084,3.3966469764709473,1.0,0.02330222079176054,0.02330222079176054,0.04554318424860036,1.0,0.05830246416492189,0.05830246416492189,0.11018109876731091,1.0,0.17667154709614447,0.17667154709614447,0.3002903359601825,1.0,0.05838299243034305,0.05838299243034305,0.11032488777295898,C:\Users\vaidy\OneDrive\Desktop\Programming\COMPUTER VISION\TumorDetetction\brisc2025\classification_task\test\pituitary\brisc2025_test_00826_pi_co_t1.jpg,C:\Users\vaidy\OneDrive\Desktop\Programming\COMPUTER VISION\TumorDetetction\brisc2025\segmentation_task\test\masks\brisc2025_test_00826_pi_co_t1.png
brisc2025_test_00827_pi_co_t1.jpg,pituitary,2,pituitary,2,True,1.0,Small,0.628662109375,0.62713623046875,0.8845686512758202,0.7930283224400871,0.8856447688564477,0.883495145631068,0.9992782998587311,0.9985504150390625,0.4278799891471863,1.2349385023117065,1.2278183698654175,1.0,0.009272596326971552,0.009272596326971552,0.018374810454018373,1.0,0.016127138215837476,0.016127138215837476,0.03174236295697061,1.0,0.04089330024813896,0.04089330024813896,0.07857347191761228,1.0,0.01608799467647865,0.01608799467647865,0.03166653825410278,C:\Users\vaidy\OneDrive\Desktop\Programming\COMPUTER VISION\TumorDetetction\brisc2025\classification_task\test\pituitary\brisc2025_test_00827_pi_co_t1.jpg,C:\Users\vaidy\OneDrive\Desktop\Programming\COMPUTER VISION\TumorDetetction\brisc2025\segmentation_task\test\masks\brisc2025_test_00827_pi_co_t1.png
brisc2025_test_00828_pi_co_t1.jpg,pituitary,2,pituitary,2,True,1.0,Large,2.5054931640625,2.386474609375,0.9114160948222083,0.8372492836676217,0.9341432225063938,0.889768574908648,0.9983879550505524,0.99566650390625,0.40975791215896606,3.207581043243408,3.063598871231079,1.0,0.03908686233902259,0.03908686233902259,0.07523309889807793,0.5730816077953715,0.039344399381193294,0.03822406369323259,0.07363355373840917,0.0,0.0,0.0,0.0,0.5824808184143222,0.038090061462558014,0.03707773707773708,0.07150425807464385,C:\Users\vaidy\OneDrive\Desktop\Programming\COMPUTER VISION\TumorDetetction\brisc2025\classification_task\test\pituitary\brisc2025_test_00828_pi_co_t1.jpg,C:\Users\vaidy\OneDrive\Desktop\Programming\COMPUTER VISION\TumorDetetction\brisc2025\segmentation_task\test\masks\brisc2025_test_00828_pi_co_t1.png
brisc2025_test_00829_pi_co_t1.jpg,pituitary,2,pituitary,2,True,0.9999997615814209,Medium,1.61590576171875,1.666259765625,0.8888888888888888,0.8,0.8754578754578755,0.902738432483475,0.9978907207221179,0.9963531494140625,0.35167816281318665,4.135716915130615,4.309708595275879,1.0,0.03054602094089821,0.03054602094089821,0.05928123600537394,1.0,0.05832461309687724,0.05832461309687724,0.11022064945878435,0.9981114258734656,0.13432456474774432,0.13429043323592937,0.2367831541218638,1.0,0.06014209395825301,0.06014209395825301,0.11346043950335083,C:\Users\vaidy\OneDrive\Desktop\Programming\COMPUTER VISION\TumorDetetction\brisc2025\classification_task\test\pituitary\brisc2025_test_00829_pi_co_t1.jpg,C:\Users\vaidy\OneDrive\Desktop\Programming\COMPUTER VISION\TumorDetetction\brisc2025\segmentation_task\test\masks\brisc2025_test_00829_pi_co_t1.png
brisc2025_test_00830_pi_co_t1.jpg,pituitary,2,pituitary,2,True,0.999996542930603,Small,0.53253173828125,0.48675537109375,0.7964071856287425,0.6616915422885572,0.8338557993730408,0.7621776504297995,0.999186954454109,0.9979248046875,0.38477450609207153,0.9761936664581299,0.8856613039970398,1.0,0.009041919270428519,0.009041919270428519,0.017921791152078467,1.0,0.015706570657065707,0.015706570657065707,0.030927378262218086,0.12034383954154727,0.004596191726854892,0.004446797247220751,0.008854221566353957,1.0,0.014356435643564357,0.014356435643564357,0.028306490971205467,C:\Users\vaidy\OneDrive\Desktop\Programming\COMPUTER VISION\TumorDetetction\brisc2025\classification_task\test\pituitary\brisc2025_test_00830_pi_co_t1.jpg,C:\Users\vaidy\OneDrive\Desktop\Programming\COMPUTER VISION\TumorDetetction\brisc2025\segmentation_task\test\masks\brisc2025_test_00830_pi_co_t1.png
brisc2025_test_00831_pi_co_t1.jpg,pituitary,2,pituitary,2,True,0.9999737739562988,Small,0.482177734375,0.5340576171875,0.8438438438438438,0.7298701298701299,0.8028571428571428,0.8892405063291139,0.9989420423183073,0.9984130859375,0.2998461425304413,1.0471121072769165,1.151603102684021,1.0,0.010801572380789609,0.010801572380789609,0.021372290419667917,1.0,0.018566392479435957,0.018566392479435957,0.03645592985694508,0.015822784810126583,0.000785299198994817,0.0007487271638215035,0.0014963339817447255,1.0,0.020564042303172738,0.020564042303172738,0.04029936672423719,C:\Users\vaidy\OneDrive\Desktop\Programming\COMPUTER VISION\TumorDetetction\brisc2025\classification_task\test\pituitary\brisc2025_test_00831_pi_co_t1.jpg,C:\Users\vaidy\OneDrive\Desktop\Programming\COMPUTER VISION\TumorDetetction\brisc2025\segmentation_task\test\masks\brisc2025_test_00831_pi_co_t1.png
brisc2025_test_00832_pi_co_t1.jpg,pituitary,2,pituitary,2,True,0.9999189376831055,Medium,0.8331298828125,0.8270263671875,0.8805147058823529,0.7865353037766831,0.8837638376383764,0.8772893772893773,0.9990306200953993,0.998016357421875,0.3718971312046051,1.7774783372879028,1.766357183456421,1.0,0.013869836915104405,0.013869836915104405,0.02736019242333133,1.0,0.02590501494520093,0.02590501494520093,0.05050178051149239,0.8644688644688645,0.05725376031052887,0.056744409713873525,0.1073947667804323,1.0,0.02571523461593206,0.02571523461593206,0.050141079605902215,C:\Users\vaidy\OneDrive\Desktop\Programming\COMPUTER VISION\TumorDetetction\brisc2025\classification_task\test\pituitary\brisc2025_test_00832_pi_co_t1.jpg,C:\Users\vaidy\OneDrive\Desktop\Programming\COMPUTER VISION\TumorDetetction\brisc2025\segmentation_task\test\masks\brisc2025_test_00832_pi_co_t1.png
brisc2025_test_00833_pi_co_t1.jpg,pituitary,2,pituitary,2,True,0.9999806880950928,Medium,0.92926025390625,0.9613037109375,0.8813559322033898,0.7878787878787878,0.8666666666666667,0.896551724137931,0.9987062393149229,0.9977569580078125,0.38235247135162354,0.7696591019630432,0.7784433364868164,0.8949096880131363,0.011658003379751439,0.011642065238288509,0.02301617466953841,0.0,0.0,0.0,0.0,0.0,0.0,0.0,0.0,0.0,0.0,0.0,0.0,C:\Users\vaidy\OneDrive\Desktop\Programming\COMPUTER VISION\TumorDetetction\brisc2025\classification_task\test\pituitary\brisc2025_test_00833_pi_co_t1.jpg,C:\Users\vaidy\OneDrive\Desktop\Programming\COMPUTER VISION\TumorDetetction\brisc2025\segmentation_task\test\masks\brisc2025_test_00833_pi_co_t1.png
brisc2025_test_00834_pi_co_t1.jpg,pituitary,2,pituitary,2,True,0.9999980926513672,Large,2.16064453125,2.05230712890625,0.9402390438247012,0.8872180451127819,0.9650557620817843,0.9166666666666666,0.9992669993761697,0.9974822998046875,0.41701194643974304,3.504791021347046,3.3153653144836426,1.0,0.033585541139916034,0.033585541139916034,0.06498841131789705,0.9865819209039548,0.059348315561408724,0.05930044995330673,0.11196153075535965,0.2598870056497175,0.03395460417051117,0.030960794211677602,0.06006202056471356,0.995539033457249,0.0568843196397468,0.056869823741771075,0.1076193538016396,C:\Users\vaidy\OneDrive\Desktop\Programming\COMPUTER VISION\TumorDetetction\brisc2025\classification_task\test\pituitary\brisc2025_test_00834_pi_co_t1.jpg,C:\Users\vaidy\OneDrive\Desktop\Programming\COMPUTER VISION\TumorDetetction\brisc2025\segmentation_task\test\masks\brisc2025_test_00834_pi_co_t1.png
brisc2025_test_00835_pi_co_t1.jpg,pituitary,2,pituitary,2,True,0.9999563694000244,Medium,1.24359130859375,0.87890625,0.6484543493889289,0.4797872340425532,0.7829861111111112,0.5533742331288344,0.9980686330557316,0.9925384521484375,0.2997875511646271,1.9047293663024902,1.3898565769195557,1.0,0.025738196747197222,0.025738196747197222,0.05018472906403941,0.2343558282208589,0.013556675420540848,0.012981716849045062,0.02563070316693505,0.0,0.0,0.0,0.0,0.2795138888888889,0.011427354673859039,0.0111003861003861,0.021957040572792363,C:\Users\vaidy\OneDrive\Desktop\Programming\COMPUTER VISION\TumorDetetction\brisc2025\classification_task\test\pituitary\brisc2025_test_00835_pi_co_t1.jpg,C:\Users\vaidy\OneDrive\Desktop\Programming\COMPUTER VISION\TumorDetetction\brisc2025\segmentation_task\test\masks\brisc2025_test_00835_pi_co_t1.png
brisc2025_test_00836_pi_co_t1.jpg,pituitary,2,pituitary,2,True,0.999293327331543,Medium,2.00958251953125,0.860595703125,0.5082402977139819,0.3406985032074127,0.8475177304964538,0.36294608959757024,0.9986608324639126,0.9858856201171875,0.2846215069293976,2.3471922874450684,1.2194311618804932,0.8367501898253606,0.040777058279370955,0.04045521292217327,0.07776444852162868,0.002277904328018223,0.00018407166523499817,0.00017033840563252328,0.00034061879080329264,0.0,0.0,0.0,0.0,0.0,0.0,0.0,0.0,C:\Users\vaidy\OneDrive\Desktop\Programming\COMPUTER VISION\TumorDetetction\brisc2025\classification_task\test\pituitary\brisc2025_test_00836_pi_co_t1.jpg,C:\Users\vaidy\OneDrive\Desktop\Programming\COMPUTER VISION\TumorDetetction\brisc2025\segmentation_task\test\masks\brisc2025_test_00836_pi_co_t1.png
brisc2025_test_00837_pi_co_t1.jpg,pituitary,2,pituitary,2,True,0.9999796152114868,Medium,1.35650634765625,0.57220458984375,0.5854430379746836,0.41387024608501116,0.9866666666666667,0.4161979752530934,0.9999226568904976,0.99200439453125,0.40530145168304443,1.5029563903808594,0.5591285824775696,1.0,0.019076025148595584,0.019076025148595584,0.03743788427524636,0.265466816647919,0.01014573750053738,0.009868696161244458,0.019544513457556936,0.0,0.0,0.0,0.0,0.0,0.0,0.0,0.0,C:\Users\vaidy\OneDrive\Desktop\Programming\COMPUTER VISION\TumorDetetction\brisc2025\classification_task\test\pituitary\brisc2025_test_00837_pi_co_t1.jpg,C:\Users\vaidy\OneDrive\Desktop\Programming\COMPUTER VISION\TumorDetetction\brisc2025\segmentation_task\test\masks\brisc2025_test_00837_pi_co_t1.png
brisc2025_test_00838_pi_co_t1.jpg,pituitary,2,pituitary,2,True,0.9999418258666992,Small,0.12969970703125,0.13885498046875,0.7613636363636364,0.6146788990825688,0.7362637362637363,0.788235294117647,0.9996333134711464,0.999359130859375,0.48241254687309265,0.24788063764572144,0.2649059295654297,1.0,0.0017263089483732076,0.0017263089483732076,0.003446667883137684,1.0,0.002818489289740699,0.002818489289740699,0.005621135469364812,1.0,0.005852785237209943,0.005852785237209943,0.011637458926615553,1.0,0.003017441474898866,0.003017441474898866,0.006016727825713246,C:\Users\vaidy\OneDrive\Desktop\Programming\COMPUTER VISION\TumorDetetction\brisc2025\classification_task\test\pituitary\brisc2025_test_00838_pi_co_t1.jpg,C:\Users\vaidy\OneDrive\Desktop\Programming\COMPUTER VISION\TumorDetetction\brisc2025\segmentation_task\test\masks\brisc2025_test_00838_pi_co_t1.png
brisc2025_test_00839_pi_co_t1.jpg,pituitary,2,pituitary,2,True,0.9991976618766785,Medium,0.92010498046875,0.0,0.0,0.0,0.0,0.0,1.0,0.9907989501953125,0.4379473328590393,0.8555417656898499,0.0,1.0,0.012193395749499524,0.012193395749499524,0.024093015822279046,0.0,0.0,0.0,0.0,0.0,0.0,0.0,0.0,0.0,0.0,0.0,0.0,C:\Users\vaidy\OneDrive\Desktop\Programming\COMPUTER VISION\TumorDetetction\brisc2025\classification_task\test\pituitary\brisc2025_test_00839_pi_co_t1.jpg,C:\Users\vaidy\OneDrive\Desktop\Programming\COMPUTER VISION\TumorDetetction\brisc2025\segmentation_task\test\masks\brisc2025_test_00839_pi_co_t1.png
brisc2025_test_00840_pi_co_t1.jpg,pituitary,2,pituitary,2,True,0.9999971389770508,Medium,1.5472412109375,1.0955810546875,0.7829099307159353,0.6432637571157496,0.9442896935933147,0.6686390532544378,0.9993800564148663,0.9942626953125,0.40757280588150024,1.7709623575210571,1.251157283782959,1.0,0.02633492624142946,0.02633492624142946,0.05131838655802419,0.39250493096646943,0.015836383893044724,0.01545751126301072,0.03044442744588082,0.0,0.0,0.0,0.0,0.3746518105849582,0.010703485596052841,0.010515617059536376,0.02081237911025145,C:\Users\vaidy\OneDrive\Desktop\Programming\COMPUTER VISION\TumorDetetction\brisc2025\classification_task\test\pituitary\brisc2025_test_00840_pi_co_t1.jpg,C:\Users\vaidy\OneDrive\Desktop\Programming\COMPUTER VISION\TumorDetetction\brisc2025\segmentation_task\test\masks\brisc2025_test_00840_pi_co_t1.png
brisc2025_test_00841_pi_co_t1.jpg,pituitary,2,pituitary,2,True,0.9999977350234985,Medium,1.70440673828125,1.5838623046875,0.8593967517401392,0.7534580960130187,0.8921001926782274,0.8290062667860341,0.9982613825113709,0.9953765869140625,0.3718727231025696,3.9456441402435303,3.676586627960205,1.0,0.029135583494183315,0.029135583494183315,0.056621467494614115,1.0,0.05342452649703463,0.05342452649703463,0.10143019296254256,0.9928379588182632,0.12329071706503614,0.1231811618349439,0.21934335443037975,1.0,0.04964606849052994,0.04964606849052994,0.09459582611865489,C:\Users\vaidy\OneDrive\Desktop\Programming\COMPUTER VISION\TumorDetetction\brisc2025\classification_task\test\pituitary\brisc2025_test_00841_pi_co_t1.jpg,C:\Users\vaidy\OneDrive\Desktop\Programming\COMPUTER VISION\TumorDetetction\brisc2025\segmentation_task\test\masks\brisc2025_test_00841_pi_co_t1.png
brisc2025_test_00842_pi_co_t1.jpg,pituitary,2,pituitary,2,True,0.9997866749763489,Medium,0.84381103515625,2.630615234375,0.17303469477382522,0.09471153846153846,0.1142691415313225,0.3562386980108499,0.9765015465583307,0.9712677001953125,0.3399394452571869,1.4114753007888794,5.41008996963501,1.0,0.015259381898454745,0.015259381898454745,0.030060065773380808,0.8679927667269439,0.0262840871755558,0.02617943823288792,0.05102311985118257,0.0,0.0,0.0,0.0,0.9721577726218097,0.091775271054649,0.09153468050245768,0.16771740218152706,C:\Users\vaidy\OneDrive\Desktop\Programming\COMPUTER VISION\TumorDetetction\brisc2025\classification_task\test\pituitary\brisc2025_test_00842_pi_co_t1.jpg,C:\Users\vaidy\OneDrive\Desktop\Programming\COMPUTER VISION\TumorDetetction\brisc2025\segmentation_task\test\masks\brisc2025_test_00842_pi_co_t1.png
brisc2025_test_00843_pi_co_t1.jpg,pituitary,2,pituitary,2,True,0.9999988079071045,Medium,0.91094970703125,1.611328125,0.5856019358741682,0.41402908468776733,0.4583333333333333,0.8107202680067002,0.9911917337809328,0.9895477294921875,0.38835883140563965,1.379687786102295,2.8345093727111816,1.0,0.014666502886623266,0.014666502886623266,0.028909011670137038,0.9731993299832495,0.027097616715638262,0.027077410635223936,0.052727107723023865,0.0,0.0,0.0,0.0,1.0,0.04925143416818245,0.04925143416818245,0.09387918389118549,C:\Users\vaidy\OneDrive\Desktop\Programming\COMPUTER VISION\TumorDetetction\brisc2025\classification_task\test\pituitary\brisc2025_test_00843_pi_co_t1.jpg,C:\Users\vaidy\OneDrive\Desktop\Programming\COMPUTER VISION\TumorDetetction\brisc2025\segmentation_task\test\masks\brisc2025_test_00843_pi_co_t1.png
brisc2025_test_00844_pi_co_t1.jpg,pituitary,2,pituitary,2,True,0.999743640422821,Medium,1.00250244140625,1.28631591796875,0.8293333333333334,0.7084282460136674,0.7378410438908659,0.9467275494672754,0.9965936589651505,0.99609375,0.33616888523101807,2.443037986755371,3.0825347900390625,1.0,0.019210526315789473,0.019210526315789473,0.03769687580686806,1.0,0.03669571045576407,0.03669571045576407,0.07079359948278649,0.8310502283105022,0.07158778025435951,0.07056086844145774,0.13182037662964752,1.0,0.04708445040214477,0.04708445040214477,0.08993438950232037,C:\Users\vaidy\OneDrive\Desktop\Programming\COMPUTER VISION\TumorDetetction\brisc2025\classification_task\test\pituitary\brisc2025_test_00844_pi_co_t1.jpg,C:\Users\vaidy\OneDrive\Desktop\Programming\COMPUTER VISION\TumorDetetction\brisc2025\segmentation_task\test\masks\brisc2025_test_00844_pi_co_t1.png
brisc2025_test_00845_pi_co_t1.jpg,pituitary,2,pituitary,2,True,0.9857537746429443,Medium,1.0498046875,0.9521484375,0.8902439024390244,0.8021978021978022,0.9358974358974359,0.8488372093023255,0.9993831729583025,0.997802734375,0.27810564637184143,3.2536261081695557,2.94907546043396,1.0,0.023482831592600176,0.023482831592600176,0.04588808110451544,1.0,0.044742147362944656,0.044742147362944656,0.08565203859321506,0.998546511627907,0.12793296089385475,0.1279091416868367,0.2268075272367118,1.0,0.04058008714313585,0.04058008714313585,0.07799512530466846,C:\Users\vaidy\OneDrive\Desktop\Programming\COMPUTER VISION\TumorDetetction\brisc2025\classification_task\test\pituitary\brisc2025_test_00845_pi_co_t1.jpg,C:\Users\vaidy\OneDrive\Desktop\Programming\COMPUTER VISION\TumorDetetction\brisc2025\segmentation_task\test\masks\brisc2025_test_00845_pi_co_t1.png
brisc2025_test_00846_pi_co_t1.jpg,pituitary,2,pituitary,2,True,0.9996861219406128,Medium,0.92010498046875,1.3519287109375,0.7750167897918065,0.6326754385964912,0.6512415349887133,0.956882255389718,0.9952412486717077,0.9948883056640625,0.2797296941280365,2.9429714679718018,4.3357038497924805,1.0,0.020009291213166976,0.020009291213166976,0.03923354695988809,1.0,0.03873827572915328,0.03873827572915328,0.07458717298534231,1.0,0.10490605427974947,0.10490605427974947,0.189891355692017,1.0,0.0569189258640627,0.0569189258640627,0.10770726963287139,C:\Users\vaidy\OneDrive\Desktop\Programming\COMPUTER VISION\TumorDetetction\brisc2025\classification_task\test\pituitary\brisc2025_test_00846_pi_co_t1.jpg,C:\Users\vaidy\OneDrive\Desktop\Programming\COMPUTER VISION\TumorDetetction\brisc2025\segmentation_task\test\masks\brisc2025_test_00846_pi_co_t1.png
brisc2025_test_00847_pi_co_t1.jpg,pituitary,2,pituitary,2,True,0.999990701675415,Medium,0.85601806640625,1.55029296875,0.6759670259987318,0.5105363984674329,0.5246062992125984,0.9500891265597148,0.9925663716814159,0.9922027587890625,0.39509642124176025,1.9579472541809082,3.429156541824341,1.0,0.013773293069161082,0.013773293069161082,0.027172333623946526,1.0,0.023574400134470732,0.023574400134470732,0.04606289514738484,1.0,0.06228488953036527,0.06228488953036527,0.11726588628762542,1.0,0.04269445728453166,0.04269445728453166,0.0818925563212832,C:\Users\vaidy\OneDrive\Desktop\Programming\COMPUTER VISION\TumorDetetction\brisc2025\classification_task\test\pituitary\brisc2025_test_00847_pi_co_t1.jpg,C:\Users\vaidy\OneDrive\Desktop\Programming\COMPUTER VISION\TumorDetetction\brisc2025\segmentation_task\test\masks\brisc2025_test_00847_pi_co_t1.png
brisc2025_test_00848_pi_co_t1.jpg,pituitary,2,pituitary,2,True,0.9998651742935181,Medium,1.18560791015625,1.00555419921875,0.8551532033426184,0.7469586374695864,0.9317147192716236,0.7902187902187903,0.9993051158912275,0.996826171875,0.4838455319404602,1.9250895977020264,1.639028787612915,1.0,0.01532483925683405,0.01532483925683405,0.030187066570834708,1.0,0.023776009791921664,0.023776009791921664,0.046447679110500045,0.8622908622908623,0.049567211659391874,0.0491779213153259,0.09374562753602911,1.0,0.020165238678090575,0.020165238678090575,0.03953327934251177,C:\Users\vaidy\OneDrive\Desktop\Programming\COMPUTER VISION\TumorDetetction\brisc2025\classification_task\test\pituitary\brisc2025_test_00848_pi_co_t1.jpg,C:\Users\vaidy\OneDrive\Desktop\Programming\COMPUTER VISION\TumorDetetction\brisc2025\segmentation_task\test\masks\brisc2025_test_00848_pi_co_t1.png
brisc2025_test_00849_pi_co_t1.jpg,pituitary,2,pituitary,2,True,0.9999682903289795,Medium,1.16729736328125,1.129150390625,0.8943521594684385,0.8088942307692307,0.9094594594594595,0.8797385620915033,0.9989655864507264,0.9975738525390625,0.3674958646297455,2.702545642852783,2.6189146041870117,1.0,0.019503862529638222,0.019503862529638222,0.03826147844353306,1.0,0.03664144075102979,0.03664144075102979,0.07069260268909117,1.0,0.09725400457665904,0.09725400457665904,0.1772679874869656,1.0,0.03544400804674777,0.03544400804674777,0.06846146729577204,C:\Users\vaidy\OneDrive\Desktop\Programming\COMPUTER VISION\TumorDetetction\brisc2025\classification_task\test\pituitary\brisc2025_test_00849_pi_co_t1.jpg,C:\Users\vaidy\OneDrive\Desktop\Programming\COMPUTER VISION\TumorDetetction\brisc2025\segmentation_task\test\masks\brisc2025_test_00849_pi_co_t1.png
brisc2025_test_00850_pi_co_t1.jpg,pituitary,2,pituitary,2,True,0.9999990463256836,Medium,0.738525390625,0.7843017578125,0.8657314629258517,0.7632508833922261,0.8404669260700389,0.8925619834710744,0.9987394699624915,0.997955322265625,0.40725842118263245,1.3604354858398438,1.4315543174743652,1.0,0.011447222156524207,0.011447222156524207,0.02263533263182509,1.0,0.02087826762143042,0.02087826762143042,0.04090256063551086,0.4855371900826446,0.022130144081363594,0.021623113728376886,0.04233090155813744,1.0,0.02217237511862652,0.02217237511862652,0.04338284942606347,C:\Users\vaidy\OneDrive\Desktop\Programming\COMPUTER VISION\TumorDetetction\brisc2025\classification_task\test\pituitary\brisc2025_test_00850_pi_co_t1.jpg,C:\Users\vaidy\OneDrive\Desktop\Programming\COMPUTER VISION\TumorDetetction\brisc2025\segmentation_task\test\masks\brisc2025_test_00850_pi_co_t1.png
brisc2025_test_00851_pi_co_t1.jpg,pituitary,2,pituitary,2,True,0.999932050704956,Medium,1.4373779296875,1.58538818359375,0.8026249369005553,0.6703204047217538,0.7651588065447545,0.8439490445859873,0.9962225593708394,0.9940338134765625,0.3629237413406372,2.4792003631591797,2.6824533939361572,1.0,0.0240299992347134,0.0240299992347134,0.04693221732307003,0.8779193205944799,0.0404876138255165,0.040260941531571004,0.07740546611755897,0.15817409766454352,0.01692412539754657,0.015525685109930187,0.0305766468294685,0.9027911453320501,0.04592186429061001,0.045695912700345884,0.08739808991381319,C:\Users\vaidy\OneDrive\Desktop\Programming\COMPUTER VISION\TumorDetetction\brisc2025\classification_task\test\pituitary\brisc2025_test_00851_pi_co_t1.jpg,C:\Users\vaidy\OneDrive\Desktop\Programming\COMPUTER VISION\TumorDetetction\brisc2025\segmentation_task\test\masks\brisc2025_test_00851_pi_co_t1.png
brisc2025_test_00852_pi_co_t1.jpg,pituitary,2,pituitary,2,True,0.9999904632568359,Medium,1.25274658203125,1.1322021484375,0.8841970569417786,0.7924311926605505,0.931266846361186,0.8416565164433617,0.9992119292281542,0.9972381591796875,0.34861063957214355,3.2372031211853027,2.9435040950775146,1.0,0.022587833934024817,0.022587833934024817,0.04417778734395179,1.0,0.04271814350382434,0.04271814350382434,0.08193612774451098,0.9987819732034104,0.10742827197694223,0.10741419963321981,0.19399101017269932,1.0,0.03860762786825537,0.03860762786825537,0.07434497269675867,C:\Users\vaidy\OneDrive\Desktop\Programming\COMPUTER VISION\TumorDetetction\brisc2025\classification_task\test\pituitary\brisc2025_test_00852_pi_co_t1.jpg,C:\Users\vaidy\OneDrive\Desktop\Programming\COMPUTER VISION\TumorDetetction\brisc2025\segmentation_task\test\masks\brisc2025_test_00852_pi_co_t1.png
brisc2025_test_00853_pi_co_t1.jpg,pituitary,2,pituitary,2,True,0.997395396232605,Medium,1.3916015625,1.0955810546875,0.841717791411043,0.7266949152542372,0.9554317548746518,0.7521929824561403,0.9995048279277049,0.996063232421875,0.3894970118999481,1.6924545764923096,1.389590859413147,1.0,0.0216884661117717,0.0216884661117717,0.04245612401657278,0.3717105263157895,0.015399990914459637,0.015009297795094306,0.029574700109051253,0.0,0.0,0.0,0.0,0.47075208913649025,0.015354563212647072,0.015094002590095119,0.029739122783863446,C:\Users\vaidy\OneDrive\Desktop\Programming\COMPUTER VISION\TumorDetetction\brisc2025\classification_task\test\pituitary\brisc2025_test_00853_pi_co_t1.jpg,C:\Users\vaidy\OneDrive\Desktop\Programming\COMPUTER VISION\TumorDetetction\brisc2025\segmentation_task\test\masks\brisc2025_test_00853_pi_co_t1.png
brisc2025_test_00854_pi_co_t1.jpg,pituitary,2,pituitary,2,True,0.9999985694885254,Medium,1.44500732421875,2.1942138671875,0.7756813417190775,0.6335616438356164,0.6432545201668984,0.9767687434002112,0.9920574710864078,0.9918365478515625,0.3241177797317505,3.1783711910247803,4.707703590393066,1.0,0.02985874637406987,0.02985874637406987,0.0579861004806662,1.0,0.05467983139904151,0.05467983139904151,0.10368991569035366,0.36642027455121434,0.047638660076880834,0.044013191273465244,0.08431539302636375,0.9756606397774688,0.08100929614873838,0.0808459144865737,0.14959748360612038,C:\Users\vaidy\OneDrive\Desktop\Programming\COMPUTER VISION\TumorDetetction\brisc2025\classification_task\test\pituitary\brisc2025_test_00854_pi_co_t1.jpg,C:\Users\vaidy\OneDrive\Desktop\Programming\COMPUTER VISION\TumorDetetction\brisc2025\segmentation_task\test\masks\brisc2025_test_00854_pi_co_t1.png
brisc2025_test_00855_pi_co_t1.jpg,pituitary,2,pituitary,2,True,0.9999978542327881,Medium,0.77056884765625,0.6805419921875,0.7234490010515248,0.5667215815485996,0.7713004484304933,0.6811881188118812,0.9984315172763759,0.9959869384765625,0.42578089237213135,1.4181196689605713,1.2730238437652588,1.0,0.012016656751933374,0.012016656751933374,0.02374794262873266,1.0,0.018782311154089338,0.018782311154089338,0.03687207943925234,0.7386138613861386,0.029737702304073986,0.029428007889546352,0.057173513182096874,1.0,0.016587942128166028,0.016587942128166028,0.03263454432371127,C:\Users\vaidy\OneDrive\Desktop\Programming\COMPUTER VISION\TumorDetetction\brisc2025\classification_task\test\pituitary\brisc2025_test_00855_pi_co_t1.jpg,C:\Users\vaidy\OneDrive\Desktop\Programming\COMPUTER VISION\TumorDetetction\brisc2025\segmentation_task\test\masks\brisc2025_test_00855_pi_co_t1.png
brisc2025_test_00856_pi_co_t1.jpg,pituitary,2,pituitary,2,True,0.9999972581863403,Large,2.26593017578125,2.23388671875,0.9399796541200407,0.8867562380038387,0.9467213114754098,0.9333333333333333,0.9987822204181043,0.9972991943359375,0.330464243888855,5.654433250427246,5.576744079589844,1.0,0.043756261417879666,0.043756261417879666,0.08384383027976174,1.0,0.08735294117647059,0.08735294117647059,0.1606708141736543,0.8606060606060606,0.2258748674443266,0.21790281329923275,0.35783284334313314,1.0,0.08611764705882353,0.08611764705882353,0.158578856152513,C:\Users\vaidy\OneDrive\Desktop\Programming\COMPUTER VISION\TumorDetetction\brisc2025\classification_task\test\pituitary\brisc2025_test_00856_pi_co_t1.jpg,C:\Users\vaidy\OneDrive\Desktop\Programming\COMPUTER VISION\TumorDetetction\brisc2025\segmentation_task\test\masks\brisc2025_test_00856_pi_co_t1.png
brisc2025_test_00857_pi_co_t1.jpg,pituitary,2,pituitary,2,True,0.9999985694885254,Small,0.66070556640625,0.72479248046875,0.9118942731277533,0.8380566801619433,0.871578947368421,0.9561200923787528,0.9990630232093759,0.998779296875,0.4032326340675354,1.311051607131958,1.4354708194732666,1.0,0.010399154618377444,0.010399154618377444,0.0205842504337905,1.0,0.019278717720391806,0.019278717720391806,0.037828157078582975,0.8175519630484989,0.032629735459489356,0.03239385065885798,0.06275483070377592,1.0,0.021148708815672306,0.021148708815672306,0.04142140832788315,C:\Users\vaidy\OneDrive\Desktop\Programming\COMPUTER VISION\TumorDetetction\brisc2025\classification_task\test\pituitary\brisc2025_test_00857_pi_co_t1.jpg,C:\Users\vaidy\OneDrive\Desktop\Programming\COMPUTER VISION\TumorDetetction\brisc2025\segmentation_task\test\masks\brisc2025_test_00857_pi_co_t1.png
brisc2025_test_00858_pi_co_t1.jpg,pituitary,2,pituitary,2,True,1.0,Medium,0.8087158203125,0.92315673828125,0.8634361233480177,0.7596899224806202,0.8099173553719008,0.9245283018867925,0.998230932529305,0.9976348876953125,0.43409767746925354,1.4494727849960327,1.6390893459320068,1.0,0.011747755735343013,0.011747755735343013,0.023222696899989046,1.0,0.02068615588774833,0.02068615588774833,0.04053382279836335,0.690566037735849,0.0313222079589217,0.030888682589248036,0.059926320098239866,1.0,0.023613442098278755,0.023613442098278755,0.046137420880042704,C:\Users\vaidy\OneDrive\Desktop\Programming\COMPUTER VISION\TumorDetetction\brisc2025\classification_task\test\pituitary\brisc2025_test_00858_pi_co_t1.jpg,C:\Users\vaidy\OneDrive\Desktop\Programming\COMPUTER VISION\TumorDetetction\brisc2025\segmentation_task\test\masks\brisc2025_test_00858_pi_co_t1.png
brisc2025_test_00859_pi_co_t1.jpg,pituitary,2,pituitary,2,True,0.9999991655349731,Large,3.25164794921875,3.009033203125,0.8837436022422618,0.7917030567685589,0.9193711967545639,0.8507742843735335,0.9974923113319139,0.9927215576171875,0.38929808139801025,4.418346405029297,4.196280479431152,1.0,0.04852998109813031,0.04852998109813031,0.09256765561878286,0.5748474894415767,0.059993143640726776,0.05744431418522861,0.10864745011086474,0.0,0.0,0.0,0.0,0.6480730223123732,0.06258876536559087,0.060531426135556295,0.11415300790496181,C:\Users\vaidy\OneDrive\Desktop\Programming\COMPUTER VISION\TumorDetetction\brisc2025\classification_task\test\pituitary\brisc2025_test_00859_pi_co_t1.jpg,C:\Users\vaidy\OneDrive\Desktop\Programming\COMPUTER VISION\TumorDetetction\brisc2025\segmentation_task\test\masks\brisc2025_test_00859_pi_co_t1.png
brisc2025_test_00860_pi_co_t1.jpg,pituitary,2,pituitary,2,True,0.9999994039535522,Medium,1.69830322265625,1.629638671875,0.9188445667125172,0.8498727735368957,0.9382022471910112,0.9002695417789758,0.9989755211648014,0.9972991943359375,0.38187509775161743,3.6155667304992676,3.49515962600708,1.0,0.02880658436213992,0.02880658436213992,0.056,1.0,0.05040989175234386,0.05040989175234386,0.09598137288720249,0.825696316262354,0.09835188356164383,0.09635143635982386,0.175767428516783,1.0,0.04837175596720866,0.04837175596720866,0.09227977707694301,C:\Users\vaidy\OneDrive\Desktop\Programming\COMPUTER VISION\TumorDetetction\brisc2025\classification_task\test\pituitary\brisc2025_test_00860_pi_co_t1.jpg,C:\Users\vaidy\OneDrive\Desktop\Programming\COMPUTER VISION\TumorDetetction\brisc2025\segmentation_task\test\masks\brisc2025_test_00860_pi_co_t1.png
brisc2025_test_00861_pi_co_t1.jpg,pituitary,2,pituitary,2,True,0.999997615814209,Medium,1.72576904296875,1.76544189453125,0.9187062937062938,0.8496362166531932,0.9083837510803803,0.9292661361626879,0.9983541650492974,0.997161865234375,0.3302711546421051,4.734111785888672,4.861391544342041,1.0,0.03195005508630187,0.03195005508630187,0.06192170818505338,1.0,0.07305257718641002,0.07305257718641002,0.13615843014506712,1.0,0.17915412640582923,0.17915412640582923,0.30386888769478776,1.0,0.0747319467769022,0.0747319467769022,0.13907085762365526,C:\Users\vaidy\OneDrive\Desktop\Programming\COMPUTER VISION\TumorDetetction\brisc2025\classification_task\test\pituitary\brisc2025_test_00861_pi_co_t1.jpg,C:\Users\vaidy\OneDrive\Desktop\Programming\COMPUTER VISION\TumorDetetction\brisc2025\segmentation_task\test\masks\brisc2025_test_00861_pi_co_t1.png
brisc2025_test_00862_pi_co_t1.jpg,pituitary,2,pituitary,2,True,0.9998273849487305,Medium,1.31378173828125,1.1810302734375,0.8281345565749235,0.7066805845511482,0.8746770025839793,0.7862950058072009,0.9985001932740626,0.9957122802734375,0.3530847430229187,3.0402297973632812,2.785318613052368,1.0,0.023225075528700907,0.023225075528700907,0.04539582948883558,1.0,0.04907940489083965,0.04907940489083965,0.09356661595305368,0.7491289198606271,0.08469012605042017,0.0823544433094995,0.15217647752742716,1.0,0.04412016188793251,0.04412016188793251,0.08451165583883824,C:\Users\vaidy\OneDrive\Desktop\Programming\COMPUTER VISION\TumorDetetction\brisc2025\classification_task\test\pituitary\brisc2025_test_00862_pi_co_t1.jpg,C:\Users\vaidy\OneDrive\Desktop\Programming\COMPUTER VISION\TumorDetetction\brisc2025\segmentation_task\test\masks\brisc2025_test_00862_pi_co_t1.png
brisc2025_test_00863_pi_co_t1.jpg,pituitary,2,pituitary,2,True,1.0,Medium,0.77056884765625,0.634765625,0.7861020629750272,0.6475849731663685,0.8701923076923077,0.7168316831683168,0.9991696267933755,0.9969940185546875,0.3784005045890808,1.6439828872680664,1.3747223615646362,1.0,0.01328422990924635,0.01328422990924635,0.026220145379023882,1.0,0.023527767424524785,0.023527767424524785,0.04597387227456871,0.7702970297029703,0.0426581862046277,0.042122360584731997,0.08083956774729842,1.0,0.019381289601192696,0.019381289601192696,0.038025594149908595,C:\Users\vaidy\OneDrive\Desktop\Programming\COMPUTER VISION\TumorDetetction\brisc2025\classification_task\test\pituitary\brisc2025_test_00863_pi_co_t1.jpg,C:\Users\vaidy\OneDrive\Desktop\Programming\COMPUTER VISION\TumorDetetction\brisc2025\segmentation_task\test\masks\brisc2025_test_00863_pi_co_t1.png
brisc2025_test_00864_pi_co_t1.jpg,pituitary,2,pituitary,2,True,0.9999998807907104,Medium,0.84228515625,0.65155029296875,0.7742594484167518,0.6316666666666667,0.8875878220140515,0.6865942028985508,0.9992613566416348,0.9966278076171875,0.3313749432563782,1.8228473663330078,1.4087512493133545,1.0,0.016391495427010332,0.016391495427010332,0.03225429472946126,1.0,0.027989047763918466,0.027989047763918466,0.05445398046759396,0.3079710144927536,0.026214340786430222,0.024756079801951363,0.048316043768651416,1.0,0.021650948179697798,0.021650948179697798,0.04238423743113802,C:\Users\vaidy\OneDrive\Desktop\Programming\COMPUTER VISION\TumorDetetction\brisc2025\classification_task\test\pituitary\brisc2025_test_00864_pi_co_t1.jpg,C:\Users\vaidy\OneDrive\Desktop\Programming\COMPUTER VISION\TumorDetetction\brisc2025\segmentation_task\test\masks\brisc2025_test_00864_pi_co_t1.png
brisc2025_test_00865_pi_co_t1.jpg,pituitary,2,pituitary,2,True,0.9999841451644897,Medium,0.8392333984375,0.83160400390625,0.8821917808219178,0.7892156862745098,0.8862385321100917,0.8781818181818182,0.9990459483581079,0.9980316162109375,0.37099194526672363,1.82024347782135,1.8132858276367188,1.0,0.014159929972709952,0.014159929972709952,0.027924451665312752,1.0,0.02629565882577931,0.02629565882577931,0.051243827448057395,0.8818181818181818,0.06018863241499131,0.05970700480118183,0.11268587360594795,1.0,0.026056607381908587,0.026056607381908587,0.05078980476212665,C:\Users\vaidy\OneDrive\Desktop\Programming\COMPUTER VISION\TumorDetetction\brisc2025\classification_task\test\pituitary\brisc2025_test_00865_pi_co_t1.jpg,C:\Users\vaidy\OneDrive\Desktop\Programming\COMPUTER VISION\TumorDetetction\brisc2025\segmentation_task\test\masks\brisc2025_test_00865_pi_co_t1.png
brisc2025_test_00866_pi_co_t1.jpg,pituitary,2,pituitary,2,True,0.9999642372131348,Medium,0.95367431640625,0.970458984375,0.8913560666137986,0.804005722460658,0.8836477987421384,0.8992,0.9988599775076643,0.9979095458984375,0.42175206542015076,1.1962515115737915,1.2002049684524536,1.0,0.013310333077774938,0.013310333077774938,0.026270990521426618,0.6416,0.01613422386738553,0.015990110854135098,0.03147690254719573,0.0,0.0,0.0,0.0,0.6053459119496856,0.015490464311579626,0.015335590519816769,0.030207924676343666,C:\Users\vaidy\OneDrive\Desktop\Programming\COMPUTER VISION\TumorDetetction\brisc2025\classification_task\test\pituitary\brisc2025_test_00866_pi_co_t1.jpg,C:\Users\vaidy\OneDrive\Desktop\Programming\COMPUTER VISION\TumorDetetction\brisc2025\segmentation_task\test\masks\brisc2025_test_00866_pi_co_t1.png
brisc2025_test_00867_pi_co_t1.jpg,pituitary,2,pituitary,2,True,0.9999936819076538,Small,0.52490234375,0.6744384765625,0.7735368956743003,0.6307053941908713,0.6877828054298643,0.8837209302325582,0.9978831758497975,0.997283935546875,0.37750333547592163,0.9200524687767029,1.2092643976211548,1.0,0.00901018884727206,0.00901018884727206,0.01785946058198998,1.0,0.01653846153846154,0.01653846153846154,0.03253878168747635,0.00872093023255814,0.0003193527783691718,0.0003081664098613251,0.0006161429451632779,1.0,0.02125,0.02125,0.0416156670746634,C:\Users\vaidy\OneDrive\Desktop\Programming\COMPUTER VISION\TumorDetetction\brisc2025\classification_task\test\pituitary\brisc2025_test_00867_pi_co_t1.jpg,C:\Users\vaidy\OneDrive\Desktop\Programming\COMPUTER VISION\TumorDetetction\brisc2025\segmentation_task\test\masks\brisc2025_test_00867_pi_co_t1.png
brisc2025_test_00868_pi_co_t1.jpg,pituitary,2,pituitary,2,True,0.9960072636604309,Medium,0.9796142578125,0.97503662109375,0.8227946916471507,0.6989389920424404,0.8247261345852895,0.8208722741433022,0.9982741085462447,0.9965362548828125,0.30867651104927063,1.5996899604797363,1.6625487804412842,0.9922118380062306,0.020644283121597096,0.020640938401218365,0.040447012508730715,0.4797507788161994,0.018511840365428536,0.018147537119962292,0.03564814814814815,0.0,0.0,0.0,0.0,0.5633802816901409,0.02163721601153985,0.0212803688597269,0.041673901719048445,C:\Users\vaidy\OneDrive\Desktop\Programming\COMPUTER VISION\TumorDetetction\brisc2025\classification_task\test\pituitary\brisc2025_test_00868_pi_co_t1.jpg,C:\Users\vaidy\OneDrive\Desktop\Programming\COMPUTER VISION\TumorDetetction\brisc2025\segmentation_task\test\masks\brisc2025_test_00868_pi_co_t1.png
brisc2025_test_00869_pi_co_t1.jpg,pituitary,2,pituitary,2,True,0.9999995231628418,Medium,1.5960693359375,1.4678955078125,0.8635458167330677,0.7598597721297108,0.9012474012474012,0.8288718929254302,0.9985269033958754,0.995819091796875,0.38195982575416565,3.496601104736328,3.2513391971588135,1.0,0.0249606261633179,0.0249606261633179,0.04870553175637921,1.0,0.0523,0.0523,0.09940131141309512,0.8967495219885278,0.12348604528699315,0.12175493250259606,0.21707937977320066,1.0,0.0481,0.0481,0.0917851350062017,C:\Users\vaidy\OneDrive\Desktop\Programming\COMPUTER VISION\TumorDetetction\brisc2025\classification_task\test\pituitary\brisc2025_test_00869_pi_co_t1.jpg,C:\Users\vaidy\OneDrive\Desktop\Programming\COMPUTER VISION\TumorDetetction\brisc2025\segmentation_task\test\masks\brisc2025_test_00869_pi_co_t1.png
brisc2025_test_00870_pi_co_t1.jpg,pituitary,2,pituitary,2,True,0.9999997615814209,Medium,1.94854736328125,1.89361572265625,0.9324861000794281,0.8735119047619048,0.9460112812248187,0.9193422083007048,0.9989573444964908,0.997406005859375,0.41552823781967163,4.392895698547363,4.264179229736328,1.0,0.03025349443259891,0.03025349443259891,0.05873019523075862,1.0,0.051053452204853474,0.051053452204853474,0.09714720426017497,1.0,0.12390840287211333,0.12390840287211333,0.22049555382888716,1.0,0.049614200615679845,0.049614200615679845,0.09453797516568904,C:\Users\vaidy\OneDrive\Desktop\Programming\COMPUTER VISION\TumorDetetction\brisc2025\classification_task\test\pituitary\brisc2025_test_00870_pi_co_t1.jpg,C:\Users\vaidy\OneDrive\Desktop\Programming\COMPUTER VISION\TumorDetetction\brisc2025\segmentation_task\test\masks\brisc2025_test_00870_pi_co_t1.png
brisc2025_test_00871_pi_co_t1.jpg,pituitary,2,pituitary,2,True,0.9999998807907104,Large,2.75421142578125,2.7191162109375,0.9484248675773627,0.9019088016967126,0.9545454545454546,0.942382271468144,0.9987290329666881,0.9971771240234375,0.37066805362701416,6.520847797393799,6.447885036468506,1.0,0.04713901438980439,0.04713901438980439,0.0900339185953711,1.0,0.09009683537985425,0.09009683537985425,0.1653006090022437,0.9667590027700831,0.23241875332978157,0.23057610993657504,0.3747449801352947,1.0,0.0889487870619946,0.0889487870619946,0.16336633663366337,C:\Users\vaidy\OneDrive\Desktop\Programming\COMPUTER VISION\TumorDetetction\brisc2025\classification_task\test\pituitary\brisc2025_test_00871_pi_co_t1.jpg,C:\Users\vaidy\OneDrive\Desktop\Programming\COMPUTER VISION\TumorDetetction\brisc2025\segmentation_task\test\masks\brisc2025_test_00871_pi_co_t1.png
brisc2025_test_00872_pi_co_t1.jpg,pituitary,2,pituitary,2,True,1.0,Medium,1.93023681640625,1.78985595703125,0.9081214109926169,0.8317054845980466,0.9437340153452686,0.8750988142292491,0.9989730982869413,0.99658203125,0.398887574672699,2.5958609580993652,2.4120185375213623,1.0,0.030190210257511754,0.030190210257511754,0.05861094379835982,0.6482213438735178,0.034710463934981374,0.0340687190992563,0.06589256297962956,0.0,0.0,0.0,0.0,0.6581415174765558,0.03267863189976295,0.03213319458896982,0.062265596644755415,C:\Users\vaidy\OneDrive\Desktop\Programming\COMPUTER VISION\TumorDetetction\brisc2025\classification_task\test\pituitary\brisc2025_test_00872_pi_co_t1.jpg,C:\Users\vaidy\OneDrive\Desktop\Programming\COMPUTER VISION\TumorDetetction\brisc2025\segmentation_task\test\masks\brisc2025_test_00872_pi_co_t1.png
brisc2025_test_00873_pi_co_t1.jpg,pituitary,2,pituitary,2,True,0.9982131719589233,Large,2.35443115234375,1.90582275390625,0.8467048710601719,0.7341614906832298,0.9463570856685348,0.7660401814646792,0.9989530104855219,0.99346923828125,0.31907927989959717,5.108653545379639,4.258688926696777,1.0,0.04621005660207841,0.04621005660207841,0.08833800881662564,0.9812054439403759,0.0923170731707317,0.0921541177186682,0.16875661817979157,0.3609850939727803,0.08566594893878807,0.07438568376068376,0.1384711000621504,0.9919935948759008,0.07554878048780488,0.07550274223034735,0.14040455549889513,C:\Users\vaidy\OneDrive\Desktop\Programming\COMPUTER VISION\TumorDetetction\brisc2025\classification_task\test\pituitary\brisc2025_test_00873_pi_co_t1.jpg,C:\Users\vaidy\OneDrive\Desktop\Programming\COMPUTER VISION\TumorDetetction\brisc2025\segmentation_task\test\masks\brisc2025_test_00873_pi_co_t1.png
brisc2025_test_00874_pi_co_t1.jpg,pituitary,2,pituitary,2,True,0.999951958656311,Medium,0.88348388671875,0.982666015625,0.856909239574816,0.7496423462088698,0.8136645962732919,0.9050086355785838,0.9981526240435981,0.9973297119140625,0.31505894660949707,2.4152002334594727,2.6435487270355225,1.0,0.01726554346205457,0.01726554346205457,0.03394500791463915,1.0,0.03600522355574902,0.03600522355574902,0.0695078031212485,1.0,0.10346676197283775,0.10346676197283775,0.18753036437246964,1.0,0.04004726074249114,0.04004726074249114,0.07701046337817638,C:\Users\vaidy\OneDrive\Desktop\Programming\COMPUTER VISION\TumorDetetction\brisc2025\classification_task\test\pituitary\brisc2025_test_00874_pi_co_t1.jpg,C:\Users\vaidy\OneDrive\Desktop\Programming\COMPUTER VISION\TumorDetetction\brisc2025\segmentation_task\test\masks\brisc2025_test_00874_pi_co_t1.png
brisc2025_test_00875_pi_co_t1.jpg,pituitary,2,pituitary,2,True,0.9999998807907104,Medium,1.15203857421875,1.09710693359375,0.9240162822252375,0.8587641866330391,0.9471488178025035,0.9019867549668874,0.9994134082524196,0.998291015625,0.35431939363479614,3.065779685974121,2.9246864318847656,1.0,0.020036623231867518,0.020036623231867518,0.03928608596107815,1.0,0.04149491618576532,0.04149491618576532,0.07968337730870713,1.0,0.09772197773750971,0.09772197773750971,0.17804504185827144,1.0,0.03951635064578181,0.03951635064578181,0.07602833879665856,C:\Users\vaidy\OneDrive\Desktop\Programming\COMPUTER VISION\TumorDetetction\brisc2025\classification_task\test\pituitary\brisc2025_test_00875_pi_co_t1.jpg,C:\Users\vaidy\OneDrive\Desktop\Programming\COMPUTER VISION\TumorDetetction\brisc2025\segmentation_task\test\masks\brisc2025_test_00875_pi_co_t1.png
brisc2025_test_00876_pi_co_t1.jpg,pituitary,2,pituitary,2,True,0.9700957536697388,Small,0.396728515625,0.33721923828125,0.7775467775467776,0.6360544217687075,0.8461538461538461,0.7192307692307692,0.9994791347509039,0.9983673095703125,0.3575921952724457,0.6579699516296387,0.5409138798713684,1.0,0.007768614796223258,0.007768614796223258,0.015417457305502846,0.9653846153846154,0.011946692051404093,0.011941576668728294,0.023601316408086506,0.0,0.0,0.0,0.0,0.918552036199095,0.009662065683008092,0.009653794940079893,0.01912298054731289,C:\Users\vaidy\OneDrive\Desktop\Programming\COMPUTER VISION\TumorDetetction\brisc2025\classification_task\test\pituitary\brisc2025_test_00876_pi_co_t1.jpg,C:\Users\vaidy\OneDrive\Desktop\Programming\COMPUTER VISION\TumorDetetction\brisc2025\segmentation_task\test\masks\brisc2025_test_00876_pi_co_t1.png
brisc2025_test_00877_pi_co_t1.jpg,pituitary,2,pituitary,2,True,0.9999744892120361,Medium,2.099609375,1.96075439453125,0.9071777527245396,0.8301237964236589,0.9392996108949416,0.8771802325581395,0.998784289276808,0.9962310791015625,0.34867849946022034,4.650075912475586,4.3586201667785645,1.0,0.03844756768839588,0.03844756768839588,0.07404816359478003,0.9992732558139535,0.07270516074450084,0.0727013165547507,0.1355481072555205,0.6119186046511628,0.09819241982507289,0.09243605225601054,0.1692292231936489,1.0,0.06794627749576988,0.06794627749576988,0.12724662078526514,C:\Users\vaidy\OneDrive\Desktop\Programming\COMPUTER VISION\TumorDetetction\brisc2025\classification_task\test\pituitary\brisc2025_test_00877_pi_co_t1.jpg,C:\Users\vaidy\OneDrive\Desktop\Programming\COMPUTER VISION\TumorDetetction\brisc2025\segmentation_task\test\masks\brisc2025_test_00877_pi_co_t1.png
brisc2025_test_00878_pi_co_t1.jpg,pituitary,2,pituitary,2,True,0.9993094205856323,Medium,1.3580322265625,1.09100341796875,0.8361370716510903,0.7184154175588865,0.9384615384615385,0.7539325842696629,0.9993193701079727,0.9959869384765625,0.2917235791683197,4.083256244659424,3.280010461807251,1.0,0.031062404020661735,0.031062404020661735,0.06025319883555616,1.0,0.06208580397628183,0.06208580397628183,0.11691297208538588,0.9932584269662922,0.1408989480395282,0.14076433121019108,0.2467895030709101,1.0,0.049877921171956746,0.049877921171956746,0.09501661129568106,C:\Users\vaidy\OneDrive\Desktop\Programming\COMPUTER VISION\TumorDetetction\brisc2025\classification_task\test\pituitary\brisc2025_test_00878_pi_co_t1.jpg,C:\Users\vaidy\OneDrive\Desktop\Programming\COMPUTER VISION\TumorDetetction\brisc2025\segmentation_task\test\masks\brisc2025_test_00878_pi_co_t1.png
brisc2025_test_00879_pi_co_t1.jpg,pituitary,2,pituitary,2,True,0.9999997615814209,Medium,0.7110595703125,0.78582763671875,0.7543323139653415,0.6055646481178396,0.7184466019417476,0.7939914163090128,0.9977716305517136,0.9963226318359375,0.3643651604652405,1.4079020023345947,1.544632911682129,1.0,0.0118358224118663,0.0118358224118663,0.02339474873236608,1.0,0.024152586296257904,0.024152586296257904,0.047165991902834006,0.21888412017167383,0.017119838872104734,0.016134134767478645,0.031755915317559155,1.0,0.026692235928267857,0.026692235928267857,0.0519965672169216,C:\Users\vaidy\OneDrive\Desktop\Programming\COMPUTER VISION\TumorDetetction\brisc2025\classification_task\test\pituitary\brisc2025_test_00879_pi_co_t1.jpg,C:\Users\vaidy\OneDrive\Desktop\Programming\COMPUTER VISION\TumorDetetction\brisc2025\segmentation_task\test\masks\brisc2025_test_00879_pi_co_t1.png
brisc2025_test_00880_pi_co_t1.jpg,pituitary,2,pituitary,2,True,0.9999997615814209,Medium,0.8087158203125,1.28936767578125,0.5818181818181818,0.41025641025641024,0.47337278106508873,0.7547169811320755,0.9931544780481801,0.9912261962890625,0.37043529748916626,1.5524420738220215,2.279031753540039,1.0,0.012356328538456158,0.012356328538456158,0.024411026414572923,1.0,0.030683726046430847,0.030683726046430847,0.059540526877492554,0.20943396226415095,0.019161056447436563,0.017868641339343207,0.03510991617902894,1.0,0.04892028020610201,0.04892028020610201,0.09327740368694117,C:\Users\vaidy\OneDrive\Desktop\Programming\COMPUTER VISION\TumorDetetction\brisc2025\classification_task\test\pituitary\brisc2025_test_00880_pi_co_t1.jpg,C:\Users\vaidy\OneDrive\Desktop\Programming\COMPUTER VISION\TumorDetetction\brisc2025\segmentation_task\test\masks\brisc2025_test_00880_pi_co_t1.png
brisc2025_test_00881_pi_co_t1.jpg,pituitary,2,pituitary,2,True,0.9999042749404907,Large,5.1422119140625,4.9163818359375,0.9635922330097088,0.9297423887587822,0.9857231533209186,0.942433234421365,0.9992600456841361,0.996337890625,0.28903043270111084,15.317654609680176,14.702413558959961,1.0,0.12289402669389542,0.12289402669389542,0.21888802286308132,0.9994065281899109,0.2406229906408516,0.24058861347239088,0.38786203719698276,0.829080118694362,0.5048789302493676,0.4572831423895254,0.6275831087151842,1.0,0.23019218403943703,0.23019218403943703,0.374237760613276,C:\Users\vaidy\OneDrive\Desktop\Programming\COMPUTER VISION\TumorDetetction\brisc2025\classification_task\test\pituitary\brisc2025_test_00881_pi_co_t1.jpg,C:\Users\vaidy\OneDrive\Desktop\Programming\COMPUTER VISION\TumorDetetction\brisc2025\segmentation_task\test\masks\brisc2025_test_00881_pi_co_t1.png
brisc2025_test_00882_pi_co_t1.jpg,pituitary,2,pituitary,2,True,0.9430556297302246,Medium,1.44195556640625,1.18560791015625,0.8524970963995354,0.742914979757085,0.9446589446589446,0.7767195767195767,0.9993342725766747,0.996124267578125,0.2613055109977722,3.2610292434692383,2.6107707023620605,1.0,0.036799065420560745,0.036799065420560745,0.07098591549295774,0.801058201058201,0.06674896393616084,0.06566050828345911,0.12322969233273645,0.005291005291005291,0.0009986019572598363,0.0008407600470825626,0.0016801075268817205,0.7567567567567568,0.0518472797813244,0.050997398091934085,0.09704571711503548,C:\Users\vaidy\OneDrive\Desktop\Programming\COMPUTER VISION\TumorDetetction\brisc2025\classification_task\test\pituitary\brisc2025_test_00882_pi_co_t1.jpg,C:\Users\vaidy\OneDrive\Desktop\Programming\COMPUTER VISION\TumorDetetction\brisc2025\segmentation_task\test\masks\brisc2025_test_00882_pi_co_t1.png
brisc2025_test_00883_pi_co_t1.jpg,pituitary,2,pituitary,2,True,0.9920788407325745,Medium,1.48162841796875,1.11083984375,0.8145968216597999,0.6871896722939425,0.9505494505494505,0.7126673532440783,0.9994424223650584,0.9951934814453125,0.3435543179512024,2.3681023120880127,1.7368600368499756,1.0,0.026183798942940352,0.026183798942940352,0.05103140191827618,0.7188465499485067,0.03381291478951703,0.033371581564352645,0.06458776718793374,0.0,0.0,0.0,0.0,0.6991758241758241,0.02465726880782832,0.024398427763397564,0.04763464507978101,C:\Users\vaidy\OneDrive\Desktop\Programming\COMPUTER VISION\TumorDetetction\brisc2025\classification_task\test\pituitary\brisc2025_test_00883_pi_co_t1.jpg,C:\Users\vaidy\OneDrive\Desktop\Programming\COMPUTER VISION\TumorDetetction\brisc2025\segmentation_task\test\masks\brisc2025_test_00883_pi_co_t1.png
brisc2025_test_00884_pi_co_t1.jpg,pituitary,2,pituitary,2,True,0.9999992847442627,Large,2.16827392578125,1.9561767578125,0.9049204587495375,0.8263513513513514,0.9539781591263651,0.860661505981703,0.9990797785229666,0.9960784912109375,0.2684466540813446,7.063088417053223,6.408367156982422,1.0,0.053523673208030434,0.053523673208030434,0.1016088666428316,1.0,0.10633839706652698,0.10633839706652698,0.19223484848484848,0.9922589725545391,0.29042224510813597,0.28976572133168926,0.44933078393881454,1.0,0.09593654119583926,0.09593654119583926,0.17507681802663025,C:\Users\vaidy\OneDrive\Desktop\Programming\COMPUTER VISION\TumorDetetction\brisc2025\classification_task\test\pituitary\brisc2025_test_00884_pi_co_t1.jpg,C:\Users\vaidy\OneDrive\Desktop\Programming\COMPUTER VISION\TumorDetetction\brisc2025\segmentation_task\test\masks\brisc2025_test_00884_pi_co_t1.png
brisc2025_test_00885_pi_co_t1.jpg,pituitary,2,pituitary,2,True,0.9999992847442627,Medium,1.36566162109375,1.02691650390625,0.7844387755102041,0.6453305351521511,0.9138187221396731,0.6871508379888268,0.9991027366532077,0.994842529296875,0.3704909682273865,2.538630485534668,1.987493634223938,1.0,0.022201825759079183,0.022201825759079183,0.043439221491494165,1.0,0.04694220077625092,0.04694220077625092,0.08967486598867792,0.3027932960893855,0.03626873661670236,0.03347332015810277,0.06477829568543086,1.0,0.035298437008287005,0.035298437008287005,0.0681898779066822,C:\Users\vaidy\OneDrive\Desktop\Programming\COMPUTER VISION\TumorDetetction\brisc2025\classification_task\test\pituitary\brisc2025_test_00885_pi_co_t1.jpg,C:\Users\vaidy\OneDrive\Desktop\Programming\COMPUTER VISION\TumorDetetction\brisc2025\segmentation_task\test\masks\brisc2025_test_00885_pi_co_t1.png
brisc2025_test_00886_pi_co_t1.jpg,pituitary,2,pituitary,2,True,1.0,Small,0.22125244140625,0.0,0.0,0.0,0.0,0.0,1.0,0.9977874755859375,0.5050743222236633,0.343807190656662,0.0,1.0,0.0026933150064082324,0.0026933150064082324,0.005372161090733948,1.0,0.004752228631358154,0.004752228631358154,0.009459503539159083,0.9172413793103448,0.008936370355439092,0.008929170862705607,0.017700292786797977,0.0,0.0,0.0,0.0,C:\Users\vaidy\OneDrive\Desktop\Programming\COMPUTER VISION\TumorDetetction\brisc2025\classification_task\test\pituitary\brisc2025_test_00886_pi_co_t1.jpg,C:\Users\vaidy\OneDrive\Desktop\Programming\COMPUTER VISION\TumorDetetction\brisc2025\segmentation_task\test\masks\brisc2025_test_00886_pi_co_t1.png
brisc2025_test_00887_pi_co_t1.jpg,pituitary,2,pituitary,2,True,1.0,Medium,0.86669921875,1.29241943359375,0.7434628975265017,0.5916760404949382,0.6210153482880756,0.926056338028169,0.9950591060214259,0.9944610595703125,0.44825834035873413,1.293538212776184,1.8303712606430054,1.0,0.012357766029197397,0.012357766029197397,0.024413831639122304,1.0,0.020126142725533272,0.020126142725533272,0.03945814518930184,0.09683098591549295,0.005172575942819524,0.004934505652251929,0.009820551736452103,0.9988193624557261,0.029976613989086527,0.029975551854870143,0.05820633664728749,C:\Users\vaidy\OneDrive\Desktop\Programming\COMPUTER VISION\TumorDetetction\brisc2025\classification_task\test\pituitary\brisc2025_test_00887_pi_co_t1.jpg,C:\Users\vaidy\OneDrive\Desktop\Programming\COMPUTER VISION\TumorDetetction\brisc2025\segmentation_task\test\masks\brisc2025_test_00887_pi_co_t1.png
brisc2025_test_00888_pi_co_t1.jpg,pituitary,2,pituitary,2,True,0.9999997615814209,Small,0.2838134765625,0.4241943359375,0.6896551724137931,0.5263157894736842,0.5755395683453237,0.8602150537634409,0.9981943381790359,0.997802734375,0.3641023337841034,0.6580153703689575,0.9700844883918762,1.0,0.004814661420583972,0.004814661420583972,0.00958318305940543,1.0,0.009163012956303266,0.009163012956303266,0.018159628996826948,1.0,0.021505376344086023,0.021505376344086023,0.042105263157894736,1.0,0.01369525592393714,0.01369525592393714,0.027020459736599115,C:\Users\vaidy\OneDrive\Desktop\Programming\COMPUTER VISION\TumorDetetction\brisc2025\classification_task\test\pituitary\brisc2025_test_00888_pi_co_t1.jpg,C:\Users\vaidy\OneDrive\Desktop\Programming\COMPUTER VISION\TumorDetetction\brisc2025\segmentation_task\test\masks\brisc2025_test_00888_pi_co_t1.png
brisc2025_test_00889_pi_co_t1.jpg,pituitary,2,pituitary,2,True,0.9998559951782227,Small,0.5462646484375,0.54779052734375,0.8842398884239888,0.7925,0.883008356545961,0.8854748603351955,0.9993556107889165,0.9987335205078125,0.3335011303424835,1.1937505006790161,1.1950700283050537,1.0,0.010773721749074603,0.010773721749074603,0.021317771756929765,1.0,0.020660203139427517,0.020660203139427517,0.040483998642994456,0.2905027932960894,0.016597510373443983,0.015950920245398775,0.03140096618357488,1.0,0.02071791320406279,0.02071791320406279,0.04059478713179171,C:\Users\vaidy\OneDrive\Desktop\Programming\COMPUTER VISION\TumorDetetction\brisc2025\classification_task\test\pituitary\brisc2025_test_00889_pi_co_t1.jpg,C:\Users\vaidy\OneDrive\Desktop\Programming\COMPUTER VISION\TumorDetetction\brisc2025\segmentation_task\test\masks\brisc2025_test_00889_pi_co_t1.png
brisc2025_test_00890_pi_co_t1.jpg,pituitary,2,pituitary,2,True,0.999893307685852,Small,0.36163330078125,0.4638671875,0.7911275415896488,0.654434250764526,0.7039473684210527,0.9029535864978903,0.9986217246818481,0.9982757568359375,0.3320143222808838,0.651135265827179,0.8517167568206787,1.0,0.006033604887983707,0.006033604887983707,0.01199483766480249,0.9493670886075949,0.01795117280995692,0.017934002869440458,0.035236081747709654,0.0,0.0,0.0,0.0,0.9901315789473685,0.024014680070209033,0.02400893355667225,0.04689203925845147,C:\Users\vaidy\OneDrive\Desktop\Programming\COMPUTER VISION\TumorDetetction\brisc2025\classification_task\test\pituitary\brisc2025_test_00890_pi_co_t1.jpg,C:\Users\vaidy\OneDrive\Desktop\Programming\COMPUTER VISION\TumorDetetction\brisc2025\segmentation_task\test\masks\brisc2025_test_00890_pi_co_t1.png
brisc2025_test_00891_pi_co_t1.jpg,pituitary,2,pituitary,2,True,0.9999995231628418,Medium,1.5228271484375,1.49688720703125,0.9146033350176856,0.8426443202979516,0.9225280326197758,0.906813627254509,0.9988223992066689,0.9974212646484375,0.4266345500946045,2.744727373123169,2.6909844875335693,1.0,0.02286211715116945,0.02286211715116945,0.044702246310273,1.0,0.043771929824561406,0.043771929824561406,0.08387259433565845,0.5531062124248497,0.050917812009962184,0.048905820855851864,0.09325111918236338,1.0,0.04302631578947368,0.04302631578947368,0.08250283840040368,C:\Users\vaidy\OneDrive\Desktop\Programming\COMPUTER VISION\TumorDetetction\brisc2025\classification_task\test\pituitary\brisc2025_test_00891_pi_co_t1.jpg,C:\Users\vaidy\OneDrive\Desktop\Programming\COMPUTER VISION\TumorDetetction\brisc2025\segmentation_task\test\masks\brisc2025_test_00891_pi_co_t1.png
brisc2025_test_00892_pi_co_t1.jpg,pituitary,2,pituitary,2,True,0.9999984502792358,Medium,0.9429931640625,0.8392333984375,0.8458904109589042,0.7329376854599406,0.8981818181818182,0.7993527508090615,0.9991373733017037,0.99725341796875,0.31682997941970825,1.9915779829025269,1.8452800512313843,1.0,0.01947131289580642,0.01947131289580642,0.038198844145007266,0.9676375404530745,0.03738200912671126,0.03733533121058875,0.07198314775804995,0.23462783171521034,0.022335181762168824,0.0208183776022972,0.040787623066104076,1.0,0.03438144652122273,0.03438144652122273,0.06647730706472472,C:\Users\vaidy\OneDrive\Desktop\Programming\COMPUTER VISION\TumorDetetction\brisc2025\classification_task\test\pituitary\brisc2025_test_00892_pi_co_t1.jpg,C:\Users\vaidy\OneDrive\Desktop\Programming\COMPUTER VISION\TumorDetetction\brisc2025\segmentation_task\test\masks\brisc2025_test_00892_pi_co_t1.png
brisc2025_test_00893_pi_co_t1.jpg,pituitary,2,pituitary,2,True,0.9999948740005493,Medium,1.72271728515625,1.72119140625,0.8914488258750554,0.8041566746602717,0.8918439716312057,0.8910540301151462,0.998105795953856,0.9962615966796875,0.43847060203552246,2.7313759326934814,2.787092924118042,1.0,0.02527197027353718,0.02527197027353718,0.04929808091173067,1.0,0.03878259077324723,0.03878259077324723,0.07466931216931216,0.23737821080602303,0.02127659574468085,0.01991528572490154,0.0390528233151184,1.0,0.03874823949709732,0.03874823949709732,0.07460564172095638,C:\Users\vaidy\OneDrive\Desktop\Programming\COMPUTER VISION\TumorDetetction\brisc2025\classification_task\test\pituitary\brisc2025_test_00893_pi_co_t1.jpg,C:\Users\vaidy\OneDrive\Desktop\Programming\COMPUTER VISION\TumorDetetction\brisc2025\segmentation_task\test\masks\brisc2025_test_00893_pi_co_t1.png
brisc2025_test_00894_pi_co_t1.jpg,pituitary,2,pituitary,2,True,1.0,Large,2.7252197265625,2.38037109375,0.9085475194261805,0.8324205914567361,0.9743589743589743,0.851063829787234,0.9993725490196078,0.995330810546875,0.4257246255874634,5.466743469238281,4.848698139190674,1.0,0.039810975881592436,0.039810975881592436,0.07657348653747213,1.0,0.0738230066548175,0.0738230066548175,0.13749566957927556,0.8533034714445689,0.14636957356895888,0.1427768409218662,0.249877029021151,1.0,0.06448146157979581,0.06448146157979581,0.12115093387178193,C:\Users\vaidy\OneDrive\Desktop\Programming\COMPUTER VISION\TumorDetetction\brisc2025\classification_task\test\pituitary\brisc2025_test_00894_pi_co_t1.jpg,C:\Users\vaidy\OneDrive\Desktop\Programming\COMPUTER VISION\TumorDetetction\brisc2025\segmentation_task\test\masks\brisc2025_test_00894_pi_co_t1.png
brisc2025_test_00895_pi_co_t1.jpg,pituitary,2,pituitary,2,True,0.9999997615814209,Medium,0.76141357421875,0.78125,0.8862512363996043,0.7957371225577264,0.875,0.8977955911823647,0.9990159447699002,0.9982452392578125,0.3428546190261841,1.6022708415985107,1.6667872667312622,1.0,0.014512563983248022,0.014512563983248022,0.028609924605108507,1.0,0.026764642780519203,0.026764642780519203,0.05213393929896046,0.3306613226452906,0.020697441043652783,0.019865157717312787,0.038956439617518594,1.0,0.027461918043338338,0.027461918043338338,0.05345583629150136,C:\Users\vaidy\OneDrive\Desktop\Programming\COMPUTER VISION\TumorDetetction\brisc2025\classification_task\test\pituitary\brisc2025_test_00895_pi_co_t1.jpg,C:\Users\vaidy\OneDrive\Desktop\Programming\COMPUTER VISION\TumorDetetction\brisc2025\segmentation_task\test\masks\brisc2025_test_00895_pi_co_t1.png
brisc2025_test_00896_pi_co_t1.jpg,pituitary,2,pituitary,2,True,0.9999842643737793,Medium,1.82342529296875,1.5472412109375,0.8791308284291535,0.784329563812601,0.9575936883629191,0.8125523012552301,0.9993316858612704,0.9959259033203125,0.39864835143089294,3.2098119258880615,2.7824840545654297,1.0,0.029346758349705303,0.029346758349705303,0.057020159847310035,1.0,0.050530677829929385,0.050530677829929385,0.09620028980840445,0.3196652719665272,0.04014291719209752,0.03698325104075903,0.07132854075249744,1.0,0.042877077254852215,0.042877077254852215,0.08222843936260796,C:\Users\vaidy\OneDrive\Desktop\Programming\COMPUTER VISION\TumorDetetction\brisc2025\classification_task\test\pituitary\brisc2025_test_00896_pi_co_t1.jpg,C:\Users\vaidy\OneDrive\Desktop\Programming\COMPUTER VISION\TumorDetetction\brisc2025\segmentation_task\test\masks\brisc2025_test_00896_pi_co_t1.png
brisc2025_test_00897_pi_co_t1.jpg,pituitary,2,pituitary,2,True,0.9999979734420776,Medium,0.762939453125,0.6805419921875,0.86892177589852,0.7682242990654206,0.92152466367713,0.822,0.9994618365213113,0.99810791015625,0.3879917860031128,1.6586025953292847,1.4839587211608887,1.0,0.012958403524685759,0.012958403524685759,0.02558526288857618,1.0,0.02250528874285457,0.02250528874285457,0.044019896993441034,0.982,0.046904852884982806,0.04686456046578219,0.08953318745441284,1.0,0.020074717558626276,0.020074717558626276,0.0393593081233729,C:\Users\vaidy\OneDrive\Desktop\Programming\COMPUTER VISION\TumorDetetction\brisc2025\classification_task\test\pituitary\brisc2025_test_00897_pi_co_t1.jpg,C:\Users\vaidy\OneDrive\Desktop\Programming\COMPUTER VISION\TumorDetetction\brisc2025\segmentation_task\test\masks\brisc2025_test_00897_pi_co_t1.png
brisc2025_test_00898_pi_co_t1.jpg,pituitary,2,pituitary,2,True,0.9999113082885742,Medium,1.18560791015625,1.15203857421875,0.9190600522193212,0.8502415458937198,0.9324503311258279,0.9060489060489061,0.9992124646767244,0.99810791015625,0.36545220017433167,2.707472801208496,2.6175458431243896,1.0,0.02084227467811159,0.02084227467811159,0.040833486612186984,1.0,0.03897667419112114,0.03897667419112114,0.07502896871378911,0.8494208494208494,0.08391608391608392,0.08268604359809571,0.15274242073594074,1.0,0.037873087534487086,0.037873087534487086,0.07298211696471725,C:\Users\vaidy\OneDrive\Desktop\Programming\COMPUTER VISION\TumorDetetction\brisc2025\classification_task\test\pituitary\brisc2025_test_00898_pi_co_t1.jpg,C:\Users\vaidy\OneDrive\Desktop\Programming\COMPUTER VISION\TumorDetetction\brisc2025\segmentation_task\test\masks\brisc2025_test_00898_pi_co_t1.png
brisc2025_test_00899_pi_co_t1.jpg,pituitary,2,pituitary,2,True,0.999998927116394,Small,0.5889892578125,0.5401611328125,0.7918918918918919,0.6554809843400448,0.827683615819209,0.7590673575129534,0.9990636991557943,0.997650146484375,0.36979183554649353,1.2311638593673706,1.1301158666610718,1.0,0.01013655462184874,0.01013655462184874,0.020069671918057506,1.0,0.01873695451677103,0.01873695451677103,0.03678467622814123,0.7253886010362695,0.031574199368516014,0.031201248049921998,0.060514372163388806,1.0,0.017183631862530944,0.017183631862530944,0.03378668575518969,C:\Users\vaidy\OneDrive\Desktop\Programming\COMPUTER VISION\TumorDetetction\brisc2025\classification_task\test\pituitary\brisc2025_test_00899_pi_co_t1.jpg,C:\Users\vaidy\OneDrive\Desktop\Programming\COMPUTER VISION\TumorDetetction\brisc2025\segmentation_task\test\masks\brisc2025_test_00899_pi_co_t1.png
brisc2025_test_00900_pi_co_t1.jpg,pituitary,2,pituitary,2,True,0.99998939037323,Medium,0.84686279296875,0.97503662109375,0.847571189279732,0.7354651162790697,0.7918622848200313,0.9117117117117117,0.997953247872455,0.997222900390625,0.3171108663082123,1.833770990371704,2.116677761077881,1.0,0.017469310670443813,0.017469310670443813,0.03433874709976798,1.0,0.033928353099400906,0.033928353099400906,0.06562998876603796,0.27387387387387385,0.02364286825322756,0.02224824355971897,0.043528064146620846,1.0,0.03906345519012104,0.03906345519012104,0.07518973936577043,C:\Users\vaidy\OneDrive\Desktop\Programming\COMPUTER VISION\TumorDetetction\brisc2025\classification_task\test\pituitary\brisc2025_test_00900_pi_co_t1.jpg,C:\Users\vaidy\OneDrive\Desktop\Programming\COMPUTER VISION\TumorDetetction\brisc2025\segmentation_task\test\masks\brisc2025_test_00900_pi_co_t1.png
brisc2025_test_00901_pi_co_t1.jpg,pituitary,2,pituitary,2,True,0.9999972581863403,Medium,1.51214599609375,1.3214111328125,0.9057619816908993,0.827755905511811,0.9711316397228638,0.8486377396569122,0.9996126733286854,0.9973297119140625,0.37975335121154785,3.3895089626312256,3.0021958351135254,1.0,0.024991803898822284,0.024991803898822284,0.04876488534593052,1.0,0.04738905891354246,0.04738905891354246,0.09048988723005981,0.9122098890010091,0.11016329514989033,0.10900759676835886,0.19658584320974232,1.0,0.04141162968630451,0.04141162968630451,0.07952980071631922,C:\Users\vaidy\OneDrive\Desktop\Programming\COMPUTER VISION\TumorDetetction\brisc2025\classification_task\test\pituitary\brisc2025_test_00901_pi_co_t1.jpg,C:\Users\vaidy\OneDrive\Desktop\Programming\COMPUTER VISION\TumorDetetction\brisc2025\segmentation_task\test\masks\brisc2025_test_00901_pi_co_t1.png
brisc2025_test_00902_pi_co_t1.jpg,pituitary,2,pituitary,2,True,0.9969773292541504,Small,0.5615234375,0.90179443359375,0.7028154327424401,0.5418006430868167,0.5702199661590525,0.9157608695652174,0.9961023815369506,0.9956512451171875,0.3606291711330414,1.3956063985824585,2.1677701473236084,1.0,0.009520606421235091,0.009520606421235091,0.018861638604853796,1.0,0.01926096514184026,0.01926096514184026,0.037793981719215365,1.0,0.046213738540750976,0.046213738540750976,0.08834473652622735,1.0,0.030932691301161937,0.030932691301161937,0.060009138447479314,C:\Users\vaidy\OneDrive\Desktop\Programming\COMPUTER VISION\TumorDetetction\brisc2025\classification_task\test\pituitary\brisc2025_test_00902_pi_co_t1.jpg,C:\Users\vaidy\OneDrive\Desktop\Programming\COMPUTER VISION\TumorDetetction\brisc2025\segmentation_task\test\masks\brisc2025_test_00902_pi_co_t1.png
brisc2025_test_00903_pi_co_t1.jpg,pituitary,2,pituitary,2,True,0.9943605065345764,Small,0.34942626953125,0.72479248046875,0.6278409090909091,0.4575569358178054,0.4652631578947368,0.9650655021834061,0.9961106772627742,0.996002197265625,0.36162179708480835,0.6760632395744324,1.4426876306533813,1.0,0.0055540733913802725,0.0055540733913802725,0.01104679208876025,1.0,0.010720973782771535,0.010720973782771535,0.021214507388021678,0.10043668122270742,0.004124820659971305,0.003977862331373227,0.007924203273040482,1.0,0.022237827715355804,0.022237827715355804,0.04350812915044653,C:\Users\vaidy\OneDrive\Desktop\Programming\COMPUTER VISION\TumorDetetction\brisc2025\classification_task\test\pituitary\brisc2025_test_00903_pi_co_t1.jpg,C:\Users\vaidy\OneDrive\Desktop\Programming\COMPUTER VISION\TumorDetetction\brisc2025\segmentation_task\test\masks\brisc2025_test_00903_pi_co_t1.png
brisc2025_test_00904_pi_co_t1.jpg,pituitary,2,pituitary,2,True,0.9999743700027466,Large,3.55987548828125,3.48663330078125,0.9549588566478995,0.9138002486531289,0.9649890590809628,0.9451350192884698,0.9987342372988623,0.996826171875,0.3382040560245514,9.16945743560791,9.01815414428711,1.0,0.06596917856637918,0.06596917856637918,0.12377314446389728,1.0,0.136929217044254,0.136929217044254,0.2408755355944453,0.9901414487783969,0.3810623556581986,0.37962202136400985,0.5503275759380584,1.0,0.1341119849747623,0.1341119849747623,0.23650571857372044,C:\Users\vaidy\OneDrive\Desktop\Programming\COMPUTER VISION\TumorDetetction\brisc2025\classification_task\test\pituitary\brisc2025_test_00904_pi_co_t1.jpg,C:\Users\vaidy\OneDrive\Desktop\Programming\COMPUTER VISION\TumorDetetction\brisc2025\segmentation_task\test\masks\brisc2025_test_00904_pi_co_t1.png
brisc2025_test_00905_pi_co_t1.jpg,pituitary,2,pituitary,2,True,0.9999935626983643,Medium,1.41754150390625,0.85906982421875,0.707774798927614,0.5477178423236515,0.9378330373001776,0.5683530678148547,0.9994582630365131,0.99334716796875,0.42850473523139954,2.602900743484497,1.5919904708862305,1.0,0.02129024865360376,0.02129024865360376,0.041692846243604705,1.0,0.03664260639766497,0.03664260639766497,0.07069477208736016,0.7158234660925726,0.052694136291600635,0.05161440546414157,0.09816222599453835,1.0,0.02220644499664734,0.02220644499664734,0.043448062972680966,C:\Users\vaidy\OneDrive\Desktop\Programming\COMPUTER VISION\TumorDetetction\brisc2025\classification_task\test\pituitary\brisc2025_test_00905_pi_co_t1.jpg,C:\Users\vaidy\OneDrive\Desktop\Programming\COMPUTER VISION\TumorDetetction\brisc2025\segmentation_task\test\masks\brisc2025_test_00905_pi_co_t1.png
brisc2025_test_00906_pi_co_t1.jpg,pituitary,2,pituitary,2,True,0.9999991655349731,Medium,1.29547119140625,1.25732421875,0.9061566049013747,0.8284153005464481,0.9199029126213593,0.8928150765606596,0.9989797022585681,0.9976043701171875,0.28802236914634705,4.023102760314941,3.913667678833008,1.0,0.029645924994762204,0.029645924994762204,0.05758469834164208,1.0,0.058673116793365586,0.058673116793365586,0.11084274430445852,1.0,0.17141126589945488,0.17141126589945488,0.29265770423991727,1.0,0.056945404284727025,0.056945404284727025,0.10775467503596181,C:\Users\vaidy\OneDrive\Desktop\Programming\COMPUTER VISION\TumorDetetction\brisc2025\classification_task\test\pituitary\brisc2025_test_00906_pi_co_t1.jpg,C:\Users\vaidy\OneDrive\Desktop\Programming\COMPUTER VISION\TumorDetetction\brisc2025\segmentation_task\test\masks\brisc2025_test_00906_pi_co_t1.png
brisc2025_test_00907_pi_co_t1.jpg,pituitary,2,pituitary,2,True,0.9999788999557495,Large,2.5970458984375,2.4932861328125,0.9112709832134293,0.8370044052863436,0.9302325581395349,0.8930669800235017,0.9982141178682207,0.9954833984375,0.3309726417064667,6.069769382476807,5.818308353424072,1.0,0.049891540130151846,0.049891540130151846,0.09504132231404959,0.9982373678025852,0.09724130036630037,0.09722460658082975,0.17721915093355586,0.5875440658049353,0.16002560409665548,0.14386419220256078,0.2515406867060747,1.0,0.09352106227106227,0.09352106227106227,0.17104574479221188,C:\Users\vaidy\OneDrive\Desktop\Programming\COMPUTER VISION\TumorDetetction\brisc2025\classification_task\test\pituitary\brisc2025_test_00907_pi_co_t1.jpg,C:\Users\vaidy\OneDrive\Desktop\Programming\COMPUTER VISION\TumorDetetction\brisc2025\segmentation_task\test\masks\brisc2025_test_00907_pi_co_t1.png
brisc2025_test_00908_pi_co_t1.jpg,pituitary,2,pituitary,2,True,0.9999949932098389,Medium,1.9012451171875,1.8646240234375,0.9230145867098866,0.8570353649360422,0.9320785597381342,0.9141252006420546,0.9987089749572251,0.997100830078125,0.31751519441604614,5.203647136688232,5.120116233825684,1.0,0.03853290450272143,0.03853290450272143,0.07420642010600917,1.0,0.07761305593621527,0.07761305593621527,0.14404624277456649,0.9654895666131621,0.1998006975585451,0.1983839050131926,0.3310857300123847,1.0,0.07611810140774884,0.07611810140774884,0.14146793239175734,C:\Users\vaidy\OneDrive\Desktop\Programming\COMPUTER VISION\TumorDetetction\brisc2025\classification_task\test\pituitary\brisc2025_test_00908_pi_co_t1.jpg,C:\Users\vaidy\OneDrive\Desktop\Programming\COMPUTER VISION\TumorDetetction\brisc2025\segmentation_task\test\masks\brisc2025_test_00908_pi_co_t1.png
brisc2025_test_00909_pi_co_t1.jpg,pituitary,2,pituitary,2,True,0.9997618794441223,Small,0.70953369140625,0.78887939453125,0.8757637474541752,0.7789855072463768,0.8317214700193424,0.9247311827956989,0.9986629988781485,0.998138427734375,0.32105398178100586,1.8995951414108276,2.1190500259399414,1.0,0.014397176295745866,0.014397176295745866,0.028385678967127553,1.0,0.027475774048688253,0.027475774048688253,0.05348208637644488,1.0,0.06716741297125524,0.06716741297125524,0.12587980508933405,1.0,0.030548333727251242,0.030548333727251242,0.05928559142251018,C:\Users\vaidy\OneDrive\Desktop\Programming\COMPUTER VISION\TumorDetetction\brisc2025\classification_task\test\pituitary\brisc2025_test_00909_pi_co_t1.jpg,C:\Users\vaidy\OneDrive\Desktop\Programming\COMPUTER VISION\TumorDetetction\brisc2025\segmentation_task\test\masks\brisc2025_test_00909_pi_co_t1.png
brisc2025_test_00910_pi_co_t1.jpg,pituitary,2,pituitary,2,True,0.9999887943267822,Medium,0.89569091796875,0.59967041015625,0.0020408163265306124,0.0010214504596527069,0.002544529262086514,0.0017035775127768314,0.993964495219326,0.985076904296875,0.26568448543548584,1.771619200706482,1.16257643699646,1.0,0.022161815230112885,0.022161815230112885,0.04336263573908547,0.5945485519591142,0.02523864622505062,0.024811602445613538,0.04842178286507111,0.0,0.0,0.0,0.0,0.5877862595419847,0.016705235753543535,0.016511794138670478,0.032487166865902535,C:\Users\vaidy\OneDrive\Desktop\Programming\COMPUTER VISION\TumorDetetction\brisc2025\classification_task\test\pituitary\brisc2025_test_00910_pi_co_t1.jpg,C:\Users\vaidy\OneDrive\Desktop\Programming\COMPUTER VISION\TumorDetetction\brisc2025\segmentation_task\test\masks\brisc2025_test_00910_pi_co_t1.png
brisc2025_test_00911_pi_co_t1.jpg,pituitary,2,pituitary,2,True,0.9987718462944031,Medium,0.78125,0.15411376953125,0.3295269168026101,0.197265625,1.0,0.197265625,1.0,0.9937286376953125,0.3339858651161194,0.9077253937721252,0.18400679528713226,1.0,0.012928313511602656,0.012928313511602656,0.025526610993393994,0.015625,0.0005599496045355918,0.0005408694476370766,0.0010811541320359483,0.0,0.0,0.0,0.0,0.0,0.0,0.0,0.0,C:\Users\vaidy\OneDrive\Desktop\Programming\COMPUTER VISION\TumorDetetction\brisc2025\classification_task\test\pituitary\brisc2025_test_00911_pi_co_t1.jpg,C:\Users\vaidy\OneDrive\Desktop\Programming\COMPUTER VISION\TumorDetetction\brisc2025\segmentation_task\test\masks\brisc2025_test_00911_pi_co_t1.png
brisc2025_test_00912_pi_co_t1.jpg,pituitary,2,pituitary,2,True,0.9999971389770508,Small,0.60272216796875,0.7904052734375,0.8214676889375685,0.6970260223048327,0.7239382239382239,0.9493670886075949,0.9978047619778634,0.9975128173828125,0.3115638494491577,1.8217447996139526,2.3487887382507324,1.0,0.01258202204242849,0.01258202204242849,0.02485136367926012,1.0,0.024607525541988536,0.024607525541988536,0.048033075940901074,1.0,0.0573794305636258,0.0573794305636258,0.1085313916746806,1.0,0.03227012210316472,0.03227012210316472,0.06252263126131563,C:\Users\vaidy\OneDrive\Desktop\Programming\COMPUTER VISION\TumorDetetction\brisc2025\classification_task\test\pituitary\brisc2025_test_00912_pi_co_t1.jpg,C:\Users\vaidy\OneDrive\Desktop\Programming\COMPUTER VISION\TumorDetetction\brisc2025\segmentation_task\test\masks\brisc2025_test_00912_pi_co_t1.png
brisc2025_test_00913_pi_co_t1.jpg,pituitary,2,pituitary,2,True,0.9999997615814209,Medium,1.78680419921875,1.85089111328125,0.9052013422818792,0.8268199233716476,0.8895300906842539,0.9214346712211785,0.9979181232036044,0.996551513671875,0.37533342838287354,4.3001556396484375,4.436986923217773,1.0,0.029515551746735896,0.029515551746735896,0.05733871954951646,1.0,0.05776725371219969,0.05776725371219969,0.10922488573827069,1.0,0.14044135284240825,0.14044135284240825,0.2462929855925965,1.0,0.05983917912288491,0.05983917912288491,0.11292124371625395,C:\Users\vaidy\OneDrive\Desktop\Programming\COMPUTER VISION\TumorDetetction\brisc2025\classification_task\test\pituitary\brisc2025_test_00913_pi_co_t1.jpg,C:\Users\vaidy\OneDrive\Desktop\Programming\COMPUTER VISION\TumorDetetction\brisc2025\segmentation_task\test\masks\brisc2025_test_00913_pi_co_t1.png
brisc2025_test_00914_pi_co_t1.jpg,pituitary,2,pituitary,2,True,0.9998267292976379,Medium,1.4495849609375,1.4862060546875,0.8659043659043659,0.763519706691109,0.8552361396303901,0.8768421052631579,0.9978168643359242,0.996063232421875,0.35234326124191284,1.6563860177993774,1.6899665594100952,1.0,0.02453385672227674,0.02453385672227674,0.04789272030651341,0.0010526315789473684,5.43685097591475e-05,5.1700961637886464e-05,0.00010339657757328233,0.0,0.0,0.0,0.0,0.0,0.0,0.0,0.0,C:\Users\vaidy\OneDrive\Desktop\Programming\COMPUTER VISION\TumorDetetction\brisc2025\classification_task\test\pituitary\brisc2025_test_00914_pi_co_t1.jpg,C:\Users\vaidy\OneDrive\Desktop\Programming\COMPUTER VISION\TumorDetetction\brisc2025\segmentation_task\test\masks\brisc2025_test_00914_pi_co_t1.png
brisc2025_test_00915_pi_sa_t1.jpg,pituitary,2,pituitary,2,True,0.9999958276748657,Small,0.59051513671875,0.634765625,0.8144458281444583,0.6869747899159664,0.7860576923076923,0.8449612403100775,0.9986339007505871,0.9977264404296875,0.38425296545028687,0.772820770740509,0.8519260287284851,1.0,0.010328538258293522,0.010328538258293522,0.02044590025359256,0.5452196382428941,0.00924020144514999,0.009169527617226544,0.018172422702609596,0.0,0.0,0.0,0.0,0.6153846153846154,0.011210860521129844,0.011132854968471407,0.0220205582555589,C:\Users\vaidy\OneDrive\Desktop\Programming\COMPUTER VISION\TumorDetetction\brisc2025\classification_task\test\pituitary\brisc2025_test_00915_pi_sa_t1.jpg,C:\Users\vaidy\OneDrive\Desktop\Programming\COMPUTER VISION\TumorDetetction\brisc2025\segmentation_task\test\masks\brisc2025_test_00915_pi_sa_t1.png
brisc2025_test_00916_pi_sa_t1.jpg,pituitary,2,pituitary,2,True,0.9999996423721313,Medium,0.787353515625,0.76751708984375,0.9106967615309126,0.836036036036036,0.9224652087475149,0.8992248062015504,0.9994001845585974,0.9986114501953125,0.3393339514732361,1.4889007806777954,1.455104947090149,1.0,0.014561873853534642,0.014561873853534642,0.028705738366109426,0.998062015503876,0.03035303825072199,0.03035124941065535,0.058914373963278616,0.001937984496124031,0.000166472448809722,0.00015332720024532353,0.00030660738923808065,1.0,0.02964578299051099,0.02964578299051099,0.05758443045220378,C:\Users\vaidy\OneDrive\Desktop\Programming\COMPUTER VISION\TumorDetetction\brisc2025\classification_task\test\pituitary\brisc2025_test_00916_pi_sa_t1.jpg,C:\Users\vaidy\OneDrive\Desktop\Programming\COMPUTER VISION\TumorDetetction\brisc2025\segmentation_task\test\masks\brisc2025_test_00916_pi_sa_t1.png
brisc2025_test_00917_pi_sa_t1.jpg,pituitary,2,pituitary,2,True,0.9895681738853455,Medium,0.885009765625,0.7965087890625,0.8911070780399274,0.8036006546644845,0.9406130268199234,0.846551724137931,0.9995227538641542,0.9981689453125,0.3209981620311737,2.2236759662628174,2.0008387565612793,1.0,0.01676591316413251,0.01676591316413251,0.0329789048729175,1.0,0.03745318352059925,0.03745318352059925,0.07220216606498195,0.9275862068965517,0.09029875797247398,0.08966666666666667,0.16457632303456715,1.0,0.033707865168539325,0.033707865168539325,0.06521739130434782,C:\Users\vaidy\OneDrive\Desktop\Programming\COMPUTER VISION\TumorDetetction\brisc2025\classification_task\test\pituitary\brisc2025_test_00917_pi_sa_t1.jpg,C:\Users\vaidy\OneDrive\Desktop\Programming\COMPUTER VISION\TumorDetetction\brisc2025\segmentation_task\test\masks\brisc2025_test_00917_pi_sa_t1.png
brisc2025_test_00918_pi_sa_t1.jpg,pituitary,2,pituitary,2,True,0.9996808767318726,Small,0.29754638671875,0.29449462890625,0.8195876288659794,0.6943231441048034,0.8238341968911918,0.8153846153846154,0.9994796528978742,0.998931884765625,0.2540348172187805,0.9352158904075623,0.9334630370140076,1.0,0.007602042805348719,0.007602042805348719,0.015089375531997214,1.0,0.015085873433390067,0.015085873433390067,0.029723344257297463,0.841025641025641,0.034439311213775727,0.03421656582516169,0.06616905386322372,1.0,0.014931146526380938,0.014931146526380938,0.029422974312066467,C:\Users\vaidy\OneDrive\Desktop\Programming\COMPUTER VISION\TumorDetetction\brisc2025\classification_task\test\pituitary\brisc2025_test_00918_pi_sa_t1.jpg,C:\Users\vaidy\OneDrive\Desktop\Programming\COMPUTER VISION\TumorDetetction\brisc2025\segmentation_task\test\masks\brisc2025_test_00918_pi_sa_t1.png
brisc2025_test_00919_pi_sa_t1.jpg,pituitary,2,pituitary,2,True,0.9956947565078735,Small,0.61492919921875,1.67388916015625,0.456,0.29533678756476683,0.31175934366453967,0.8486352357320099,0.9884083337171633,0.987548828125,0.35721418261528015,0.7889355421066284,2.730691909790039,1.0,0.01128314248117143,0.01128314248117143,0.02231450719822813,0.20347394540942929,0.0036328194222931065,0.0035818809243000045,0.007138193688792166,0.0,0.0,0.0,0.0,0.7301731996353692,0.035486443381180226,0.03502711212174217,0.06768346782711564,C:\Users\vaidy\OneDrive\Desktop\Programming\COMPUTER VISION\TumorDetetction\brisc2025\classification_task\test\pituitary\brisc2025_test_00919_pi_sa_t1.jpg,C:\Users\vaidy\OneDrive\Desktop\Programming\COMPUTER VISION\TumorDetetction\brisc2025\segmentation_task\test\masks\brisc2025_test_00919_pi_sa_t1.png
brisc2025_test_00920_pi_sa_t1.jpg,pituitary,2,pituitary,2,True,0.999618649482727,Medium,1.5380859375,1.50909423828125,0.9223835753630446,0.8559479553903345,0.9312436804853387,0.9136904761904762,0.9989461939003224,0.9976348876953125,0.2557562589645386,4.707419395446777,4.6331329345703125,1.0,0.038329911019849415,0.038329911019849415,0.07382992748846408,1.0,0.08820441022051102,0.08820441022051102,0.16211000321646832,0.6646825396825397,0.16453831041257366,0.15192743764172337,0.2637795275590551,1.0,0.08654182709135456,0.08654182709135456,0.15929773697350408,C:\Users\vaidy\OneDrive\Desktop\Programming\COMPUTER VISION\TumorDetetction\brisc2025\classification_task\test\pituitary\brisc2025_test_00920_pi_sa_t1.jpg,C:\Users\vaidy\OneDrive\Desktop\Programming\COMPUTER VISION\TumorDetetction\brisc2025\segmentation_task\test\masks\brisc2025_test_00920_pi_sa_t1.png
brisc2025_test_00921_pi_sa_t1.jpg,pituitary,2,pituitary,2,True,0.9999964237213135,Medium,1.63726806640625,1.593017578125,0.8974964572508266,0.8140531276778064,0.9099616858237548,0.8853681267474371,0.9985417991716178,0.9966888427734375,0.47199952602386475,2.6677541732788086,2.615694761276245,1.0,0.02043459216515264,0.02043459216515264,0.04005076331603897,1.0,0.038246301906968455,0.038246301906968455,0.0736748146113705,0.6057781919850885,0.062320230105465,0.0598912743020363,0.11301399634877858,1.0,0.037212618071644984,0.037212618071644984,0.07175504312862985,C:\Users\vaidy\OneDrive\Desktop\Programming\COMPUTER VISION\TumorDetetction\brisc2025\classification_task\test\pituitary\brisc2025_test_00921_pi_sa_t1.jpg,C:\Users\vaidy\OneDrive\Desktop\Programming\COMPUTER VISION\TumorDetetction\brisc2025\segmentation_task\test\masks\brisc2025_test_00921_pi_sa_t1.png
brisc2025_test_00922_pi_sa_t1.jpg,pituitary,2,pituitary,2,True,0.9999974966049194,Medium,2.04925537109375,2.032470703125,0.9420560747663551,0.8904593639575972,0.9459459459459459,0.9381980640357409,0.998878382378141,0.9976348876953125,0.4752795398235321,3.5357065200805664,3.5059776306152344,1.0,0.025757575757575757,0.025757575757575757,0.050221565731166914,1.0,0.045399229261037115,0.045399229261037115,0.08685529506871463,0.8771407297096053,0.11016552885064995,0.10849143488671947,0.19574609504818877,1.0,0.04502738151578663,0.04502738151578663,0.08617454874814,C:\Users\vaidy\OneDrive\Desktop\Programming\COMPUTER VISION\TumorDetetction\brisc2025\classification_task\test\pituitary\brisc2025_test_00922_pi_sa_t1.jpg,C:\Users\vaidy\OneDrive\Desktop\Programming\COMPUTER VISION\TumorDetetction\brisc2025\segmentation_task\test\masks\brisc2025_test_00922_pi_sa_t1.png
brisc2025_test_00923_pi_sa_t1.jpg,pituitary,2,pituitary,2,True,0.9999475479125977,Medium,1.10626220703125,1.04827880859375,0.8895184135977338,0.8010204081632653,0.9141193595342066,0.8662068965517241,0.9990896607057443,0.99761962890625,0.32683369517326355,0.9485938549041748,0.8984718322753906,0.6813793103448276,0.01569699088049315,0.01558261308434799,0.0306870418685551,0.0,0.0,0.0,0.0,0.0,0.0,0.0,0.0,0.0,0.0,0.0,0.0,C:\Users\vaidy\OneDrive\Desktop\Programming\COMPUTER VISION\TumorDetetction\brisc2025\classification_task\test\pituitary\brisc2025_test_00923_pi_sa_t1.jpg,C:\Users\vaidy\OneDrive\Desktop\Programming\COMPUTER VISION\TumorDetetction\brisc2025\segmentation_task\test\masks\brisc2025_test_00923_pi_sa_t1.png
brisc2025_test_00924_pi_sa_t1.jpg,pituitary,2,pituitary,2,True,0.9999586343765259,Small,0.506591796875,0.5615234375,0.84,0.7241379310344828,0.7989130434782609,0.8855421686746988,0.998865100300595,0.998291015625,0.36893972754478455,0.6365228891372681,0.6989299654960632,1.0,0.009960697248807417,0.009960697248807417,0.01972492053589995,0.34036144578313254,0.005451826120519129,0.005394824787548935,0.010731753644522533,0.0,0.0,0.0,0.0,0.30434782608695654,0.005403579871664978,0.005337654291569366,0.01061863000711069,C:\Users\vaidy\OneDrive\Desktop\Programming\COMPUTER VISION\TumorDetetction\brisc2025\classification_task\test\pituitary\brisc2025_test_00924_pi_sa_t1.jpg,C:\Users\vaidy\OneDrive\Desktop\Programming\COMPUTER VISION\TumorDetetction\brisc2025\segmentation_task\test\masks\brisc2025_test_00924_pi_sa_t1.png
brisc2025_test_00925_pi_sa_t1.jpg,pituitary,2,pituitary,2,True,0.9999655485153198,Large,2.21710205078125,2.20184326171875,0.9426795580110497,0.89157413455258,0.9459459459459459,0.9394356503785272,0.998782828519264,0.997467041015625,0.32603564858436584,5.7033281326293945,5.678349494934082,1.0,0.045719140366885874,0.045719140366885874,0.08744057290726365,1.0,0.08336680245567732,0.08336680245567732,0.1539031882215867,0.8802477632484514,0.17559033498077978,0.1714936980423706,0.2927778413643127,1.0,0.08279304607263756,0.08279304607263756,0.15292496820686732,C:\Users\vaidy\OneDrive\Desktop\Programming\COMPUTER VISION\TumorDetetction\brisc2025\classification_task\test\pituitary\brisc2025_test_00925_pi_sa_t1.jpg,C:\Users\vaidy\OneDrive\Desktop\Programming\COMPUTER VISION\TumorDetetction\brisc2025\segmentation_task\test\masks\brisc2025_test_00925_pi_sa_t1.png
brisc2025_test_00926_pi_sa_t1.jpg,pituitary,2,pituitary,2,True,0.9887304902076721,Small,0.59051513671875,0.5157470703125,0.8358620689655173,0.7180094786729858,0.8964497041420119,0.7829457364341085,0.999462769958096,0.9981842041015625,0.3307708501815796,0.5036453604698181,0.43390920758247375,0.6873385012919897,0.006981260826203349,0.006959160714752897,0.013822130998467094,0.0,0.0,0.0,0.0,0.0,0.0,0.0,0.0,0.0,0.0,0.0,0.0,C:\Users\vaidy\OneDrive\Desktop\Programming\COMPUTER VISION\TumorDetetction\brisc2025\classification_task\test\pituitary\brisc2025_test_00926_pi_sa_t1.jpg,C:\Users\vaidy\OneDrive\Desktop\Programming\COMPUTER VISION\TumorDetetction\brisc2025\segmentation_task\test\masks\brisc2025_test_00926_pi_sa_t1.png
brisc2025_test_00927_pi_sa_t1.jpg,pituitary,2,pituitary,2,True,0.9989752769470215,Medium,0.93994140625,1.22833251953125,0.8064743138634765,0.6757075471698113,0.7118012422360248,0.9301948051948052,0.996426370918053,0.9958038330078125,0.4064432978630066,1.4835460186004639,1.8326948881149292,1.0,0.015312717510191906,0.015312717510191906,0.03016354911370091,0.9935064935064936,0.024067010106571238,0.02406322494397043,0.046995584565175656,0.02922077922077922,0.0015963107484923732,0.0015159171298635675,0.0030272452068617556,0.8795031055900621,0.027842227378190254,0.02773642560526522,0.0539757566516734,C:\Users\vaidy\OneDrive\Desktop\Programming\COMPUTER VISION\TumorDetetction\brisc2025\classification_task\test\pituitary\brisc2025_test_00927_pi_sa_t1.jpg,C:\Users\vaidy\OneDrive\Desktop\Programming\COMPUTER VISION\TumorDetetction\brisc2025\segmentation_task\test\masks\brisc2025_test_00927_pi_sa_t1.png
brisc2025_test_00928_pi_sa_t1.jpg,pituitary,2,pituitary,2,True,0.9999977350234985,Small,0.70953369140625,0.77362060546875,0.8559670781893004,0.7482014388489209,0.8205128205128205,0.8946236559139785,0.9986015275622013,0.99786376953125,0.39011237025260925,0.6910498738288879,0.7298793196678162,0.9849462365591398,0.012261398013546435,0.012259100642398288,0.024221270294568723,0.043010752688172046,0.0008553588230262595,0.0008393838922231082,0.0016773598356187361,0.0,0.0,0.0,0.0,0.03550295857988166,0.0007698229407236335,0.0007540530350634661,0.0015069697350244883,C:\Users\vaidy\OneDrive\Desktop\Programming\COMPUTER VISION\TumorDetetction\brisc2025\classification_task\test\pituitary\brisc2025_test_00928_pi_sa_t1.jpg,C:\Users\vaidy\OneDrive\Desktop\Programming\COMPUTER VISION\TumorDetetction\brisc2025\segmentation_task\test\masks\brisc2025_test_00928_pi_sa_t1.png
brisc2025_test_00929_pi_sa_t1.jpg,pituitary,2,pituitary,2,True,0.986423909664154,Small,0.32196044921875,0.592041015625,0.664440734557596,0.4975,0.5128865979381443,0.943127962085308,0.9971067738231917,0.9969329833984375,0.35724109411239624,0.37015268206596375,0.688998281955719,1.0,0.005767863976819201,0.005767863976819201,0.01146957301660642,0.0,0.0,0.0,0.0,0.0,0.0,0.0,0.0,0.0,0.0,0.0,0.0,C:\Users\vaidy\OneDrive\Desktop\Programming\COMPUTER VISION\TumorDetetction\brisc2025\classification_task\test\pituitary\brisc2025_test_00929_pi_sa_t1.jpg,C:\Users\vaidy\OneDrive\Desktop\Programming\COMPUTER VISION\TumorDetetction\brisc2025\segmentation_task\test\masks\brisc2025_test_00929_pi_sa_t1.png
brisc2025_test_00930_pi_sa_t1.jpg,pituitary,2,pituitary,2,True,0.9904574155807495,Small,0.59661865234375,0.347900390625,0.7237479806138933,0.5670886075949367,0.9824561403508771,0.5728900255754475,0.9999385985110139,0.9973907470703125,0.2519742548465729,0.2615535855293274,0.1519579440355301,0.0,0.0,0.0,0.0,0.0,0.0,0.0,0.0,0.0,0.0,0.0,0.0,0.0,0.0,0.0,0.0,C:\Users\vaidy\OneDrive\Desktop\Programming\COMPUTER VISION\TumorDetetction\brisc2025\classification_task\test\pituitary\brisc2025_test_00930_pi_sa_t1.jpg,C:\Users\vaidy\OneDrive\Desktop\Programming\COMPUTER VISION\TumorDetetction\brisc2025\segmentation_task\test\masks\brisc2025_test_00930_pi_sa_t1.png
brisc2025_test_00931_pi_sa_t1.jpg,pituitary,2,pituitary,2,True,0.999570906162262,Medium,1.32904052734375,1.52435302734375,0.8695187165775401,0.7691579943235572,0.8138138138138138,0.9334098737083811,0.9971236372071445,0.99627685546875,0.35216590762138367,2.871501922607422,3.3597159385681152,1.0,0.02377897294493434,0.02377897294493434,0.04645333333333333,1.0,0.04443197469775034,0.04443197469775034,0.08508352056266484,0.6130884041331802,0.062237762237762236,0.05988561175283167,0.11300391492963707,1.0,0.05096158751211549,0.05096158751211549,0.09698087564314144,C:\Users\vaidy\OneDrive\Desktop\Programming\COMPUTER VISION\TumorDetetction\brisc2025\classification_task\test\pituitary\brisc2025_test_00931_pi_sa_t1.jpg,C:\Users\vaidy\OneDrive\Desktop\Programming\COMPUTER VISION\TumorDetetction\brisc2025\segmentation_task\test\masks\brisc2025_test_00931_pi_sa_t1.png
brisc2025_test_00932_pi_sa_t1.jpg,pituitary,2,pituitary,2,True,0.9999954700469971,Medium,0.7843017578125,1.2451171875,0.7007518796992481,0.5393518518518519,0.571078431372549,0.9066147859922179,0.9946172064839592,0.993927001953125,0.29317548871040344,1.2470088005065918,2.1344385147094727,1.0,0.018983601713694787,0.018983601713694787,0.03725987676694455,0.3560311284046693,0.013243595310464611,0.012933776238603435,0.025537259279933017,0.0,0.0,0.0,0.0,0.5330882352941176,0.03148067737733391,0.03063596027889288,0.05945059450594506,C:\Users\vaidy\OneDrive\Desktop\Programming\COMPUTER VISION\TumorDetetction\brisc2025\classification_task\test\pituitary\brisc2025_test_00932_pi_sa_t1.jpg,C:\Users\vaidy\OneDrive\Desktop\Programming\COMPUTER VISION\TumorDetetction\brisc2025\segmentation_task\test\masks\brisc2025_test_00932_pi_sa_t1.png
brisc2025_test_00933_pi_sa_t1.jpg,pituitary,2,pituitary,2,True,0.9999998807907104,Small,0.616455078125,0.0,0.0,0.0,0.0,0.0,1.0,0.99383544921875,0.4381575286388397,0.8663555383682251,0.0,1.0,0.008655782662724428,0.008655782662724428,0.01716300607502443,1.0,0.015124854928681068,0.015124854928681068,0.02979900424119491,0.0,0.0,0.0,0.0,0.0,0.0,0.0,0.0,C:\Users\vaidy\OneDrive\Desktop\Programming\COMPUTER VISION\TumorDetetction\brisc2025\classification_task\test\pituitary\brisc2025_test_00933_pi_sa_t1.jpg,C:\Users\vaidy\OneDrive\Desktop\Programming\COMPUTER VISION\TumorDetetction\brisc2025\segmentation_task\test\masks\brisc2025_test_00933_pi_sa_t1.png
brisc2025_test_00934_pi_sa_t1.jpg,pituitary,2,pituitary,2,True,0.9819836616516113,Medium,1.20849609375,1.03302001953125,0.8658951667801226,0.7635054021608644,0.9394387001477105,0.803030303030303,0.9993667366860249,0.9969940185546875,0.5619298219680786,1.3298745155334473,1.1352500915527344,1.0,0.013924295434167268,0.013924295434167268,0.02746614416257738,1.0,0.019664804469273742,0.019664804469273742,0.03857111549419242,0.0,0.0,0.0,0.0,1.0,0.01680943513345748,0.01680943513345748,0.033063098261379174,C:\Users\vaidy\OneDrive\Desktop\Programming\COMPUTER VISION\TumorDetetction\brisc2025\classification_task\test\pituitary\brisc2025_test_00934_pi_sa_t1.jpg,C:\Users\vaidy\OneDrive\Desktop\Programming\COMPUTER VISION\TumorDetetction\brisc2025\segmentation_task\test\masks\brisc2025_test_00934_pi_sa_t1.png
brisc2025_test_00935_pi_sa_t1.jpg,pituitary,2,pituitary,2,True,0.9999425411224365,Small,0.5767822265625,0.567626953125,0.8853333333333333,0.7942583732057417,0.8924731182795699,0.8783068783068783,0.9993861076153351,0.998687744140625,0.30760836601257324,0.4756222069263458,0.47320741415023804,0.4947089947089947,0.006013248440414174,0.005976541276486945,0.011882068877875206,0.0,0.0,0.0,0.0,0.0,0.0,0.0,0.0,0.0,0.0,0.0,0.0,C:\Users\vaidy\OneDrive\Desktop\Programming\COMPUTER VISION\TumorDetetction\brisc2025\classification_task\test\pituitary\brisc2025_test_00935_pi_sa_t1.jpg,C:\Users\vaidy\OneDrive\Desktop\Programming\COMPUTER VISION\TumorDetetction\brisc2025\segmentation_task\test\masks\brisc2025_test_00935_pi_sa_t1.png
brisc2025_test_00936_pi_sa_t1.jpg,pituitary,2,pituitary,2,True,0.9977651834487915,Small,0.274658203125,0.32501220703125,0.8040712468193384,0.6723404255319149,0.7417840375586855,0.8777777777777778,0.9991584552298183,0.9988250732421875,0.28556835651397705,0.5632377862930298,0.6947822570800781,1.0,0.005982053838484547,0.005982053838484547,0.011892963330029732,0.9444444444444444,0.011043981030338466,0.011036811010842043,0.021832659089449688,0.0,0.0,0.0,0.0,0.9953051643192489,0.013772493990775028,0.013771599324412109,0.027169037549660387,C:\Users\vaidy\OneDrive\Desktop\Programming\COMPUTER VISION\TumorDetetction\brisc2025\classification_task\test\pituitary\brisc2025_test_00936_pi_sa_t1.jpg,C:\Users\vaidy\OneDrive\Desktop\Programming\COMPUTER VISION\TumorDetetction\brisc2025\segmentation_task\test\masks\brisc2025_test_00936_pi_sa_t1.png
brisc2025_test_00937_pi_sa_t1.jpg,pituitary,2,pituitary,2,True,0.999998927116394,Medium,1.45263671875,1.46636962890625,0.9053842132775745,0.8271251193887297,0.9011446409989594,0.9096638655462185,0.9985290474420909,0.9972381591796875,0.2827150523662567,4.496150016784668,4.54056978225708,1.0,0.03540349572331722,0.03540349572331722,0.06838589181811651,1.0,0.0762576097404678,0.0762576097404678,0.14170884191723726,1.0,0.2107593535532433,0.2107593535532433,0.3481440848418358,1.0,0.07697853252162769,0.07697853252162769,0.14295277054667163,C:\Users\vaidy\OneDrive\Desktop\Programming\COMPUTER VISION\TumorDetetction\brisc2025\classification_task\test\pituitary\brisc2025_test_00937_pi_sa_t1.jpg,C:\Users\vaidy\OneDrive\Desktop\Programming\COMPUTER VISION\TumorDetetction\brisc2025\segmentation_task\test\masks\brisc2025_test_00937_pi_sa_t1.png
brisc2025_test_00938_pi_sa_t1.jpg,pituitary,2,pituitary,2,True,0.9997628331184387,Small,0.6561279296875,1.2451171875,0.6179775280898876,0.44715447154471544,0.47181372549019607,0.8953488372093024,0.993380026418456,0.99273681640625,0.4045306444168091,1.1295702457427979,1.9236342906951904,1.0,0.010872863355921917,0.010872863355921917,0.02151183150732903,1.0,0.018647816470792316,0.018647816470792316,0.036612882625910004,0.16511627906976745,0.007022055187419642,0.006781279847182426,0.013471207665306897,0.9264705882352942,0.032785463376555794,0.032700376313854404,0.06332984293193718,C:\Users\vaidy\OneDrive\Desktop\Programming\COMPUTER VISION\TumorDetetction\brisc2025\classification_task\test\pituitary\brisc2025_test_00938_pi_sa_t1.jpg,C:\Users\vaidy\OneDrive\Desktop\Programming\COMPUTER VISION\TumorDetetction\brisc2025\segmentation_task\test\masks\brisc2025_test_00938_pi_sa_t1.png
brisc2025_test_00939_pi_sa_t1.jpg,pituitary,2,pituitary,2,True,0.9795595407485962,Small,0.7080078125,0.74310302734375,0.8853838065194533,0.7943396226415095,0.864476386036961,0.9073275862068966,0.9989857388738628,0.9983367919921875,0.30937641859054565,0.7556881904602051,0.7874598503112793,1.0,0.014349775784753363,0.014349775784753363,0.028293545534924844,0.0,0.0,0.0,0.0,0.0,0.0,0.0,0.0,0.0,0.0,0.0,0.0,C:\Users\vaidy\OneDrive\Desktop\Programming\COMPUTER VISION\TumorDetetction\brisc2025\classification_task\test\pituitary\brisc2025_test_00939_pi_sa_t1.jpg,C:\Users\vaidy\OneDrive\Desktop\Programming\COMPUTER VISION\TumorDetetction\brisc2025\segmentation_task\test\masks\brisc2025_test_00939_pi_sa_t1.png
brisc2025_test_00940_pi_sa_t1.jpg,pituitary,2,pituitary,2,True,0.9999663829803467,Small,0.604248046875,0.8819580078125,0.7802874743326489,0.6397306397306397,0.657439446366782,0.9595959595959596,0.996960392999693,0.996734619140625,0.3860158622264862,1.0549139976501465,1.5095586776733398,1.0,0.009884925488629839,0.009884925488629839,0.01957634031193613,1.0,0.016649848637739658,0.016649848637739658,0.032754342431761785,0.015151515151515152,0.0006607929515418502,0.0006335797254487857,0.001266357112705783,1.0,0.024302051799529094,0.024302051799529094,0.0474509481980133,C:\Users\vaidy\OneDrive\Desktop\Programming\COMPUTER VISION\TumorDetetction\brisc2025\classification_task\test\pituitary\brisc2025_test_00940_pi_sa_t1.jpg,C:\Users\vaidy\OneDrive\Desktop\Programming\COMPUTER VISION\TumorDetetction\brisc2025\segmentation_task\test\masks\brisc2025_test_00940_pi_sa_t1.png
brisc2025_test_00941_pi_sa_t1.jpg,pituitary,2,pituitary,2,True,0.9987731575965881,Medium,0.726318359375,0.81634521484375,0.8724035608308606,0.7736842105263158,0.8242990654205608,0.9264705882352942,0.9985551798339994,0.9980316162109375,0.41333654522895813,1.2389355897903442,1.3856325149536133,1.0,0.010363596777705203,0.010363596777705203,0.0205145886307805,1.0,0.02157751586582049,0.02157751586582049,0.042243521476748314,0.16806722689075632,0.009687575684185032,0.009244280101687081,0.018319212273872225,1.0,0.024252039891205803,0.024252039891205803,0.04735560964815225,C:\Users\vaidy\OneDrive\Desktop\Programming\COMPUTER VISION\TumorDetetction\brisc2025\classification_task\test\pituitary\brisc2025_test_00941_pi_sa_t1.jpg,C:\Users\vaidy\OneDrive\Desktop\Programming\COMPUTER VISION\TumorDetetction\brisc2025\segmentation_task\test\masks\brisc2025_test_00941_pi_sa_t1.png
brisc2025_test_00942_pi_sa_t1.jpg,pituitary,2,pituitary,2,True,0.507140040397644,Medium,1.40228271484375,1.361083984375,0.9232468249585865,0.8574358974358974,0.9372197309417041,0.9096844396082698,0.9991333549994583,0.9978790283203125,0.28563594818115234,3.743340492248535,3.6376147270202637,1.0,0.028961300894995587,0.028961300894995587,0.05629230345165539,1.0,0.07477015702546579,0.07477015702546579,0.13913701741105222,0.55930359085963,0.11013499035783159,0.10134069400630914,0.18403150733977802,1.0,0.0725734277113335,0.0725734277113335,0.13532579837669725,C:\Users\vaidy\OneDrive\Desktop\Programming\COMPUTER VISION\TumorDetetction\brisc2025\classification_task\test\pituitary\brisc2025_test_00942_pi_sa_t1.jpg,C:\Users\vaidy\OneDrive\Desktop\Programming\COMPUTER VISION\TumorDetetction\brisc2025\segmentation_task\test\masks\brisc2025_test_00942_pi_sa_t1.png
brisc2025_test_00943_pi_sa_t1.jpg,pituitary,2,pituitary,2,True,0.9924618601799011,Medium,0.81024169921875,0.921630859375,0.8475770925110132,0.735474006116208,0.7963576158940397,0.9058380414312618,0.9981078378586262,0.9973602294921875,0.26221954822540283,1.026390552520752,1.0392446517944336,0.9830508474576272,0.01798821461800889,0.01798263745349318,0.03532994923857868,0.0,0.0,0.0,0.0,0.0,0.0,0.0,0.0,0.0,0.0,0.0,0.0,C:\Users\vaidy\OneDrive\Desktop\Programming\COMPUTER VISION\TumorDetetction\brisc2025\classification_task\test\pituitary\brisc2025_test_00943_pi_sa_t1.jpg,C:\Users\vaidy\OneDrive\Desktop\Programming\COMPUTER VISION\TumorDetetction\brisc2025\segmentation_task\test\masks\brisc2025_test_00943_pi_sa_t1.png
brisc2025_test_00944_pi_sa_t1.jpg,pituitary,2,pituitary,2,True,0.999813973903656,Small,0.62255859375,0.77056884765625,0.7973713033953997,0.663023679417122,0.7207920792079208,0.8921568627450981,0.9978350325512836,0.9971771240234375,0.4403826594352722,0.5711507797241211,0.7038079500198364,1.0,0.009336170797006934,0.009336170797006934,0.01849962592668163,0.014705882352941176,0.00020633446817290828,0.00020352091177368474,0.00040695899888086275,0.0,0.0,0.0,0.0,0.0,0.0,0.0,0.0,C:\Users\vaidy\OneDrive\Desktop\Programming\COMPUTER VISION\TumorDetetction\brisc2025\classification_task\test\pituitary\brisc2025_test_00944_pi_sa_t1.jpg,C:\Users\vaidy\OneDrive\Desktop\Programming\COMPUTER VISION\TumorDetetction\brisc2025\segmentation_task\test\masks\brisc2025_test_00944_pi_sa_t1.png
brisc2025_test_00945_pi_sa_t1.jpg,pituitary,2,pituitary,2,True,0.9882472157478333,Small,0.64697265625,0.65765380859375,0.8865497076023392,0.7962184873949579,0.8793503480278422,0.8938679245283019,0.9992013760904288,0.9985198974609375,0.3261680603027344,1.3032774925231934,1.3287301063537598,1.0,0.013281127642913077,0.013281127642913077,0.02621410244520696,1.0,0.027196921103271328,0.027196921103271328,0.05295366554265018,0.09198113207547169,0.006180665610142631,0.005825242718446602,0.011583011583011582,1.0,0.027645926876202695,0.027645926876202695,0.053804381748954494,C:\Users\vaidy\OneDrive\Desktop\Programming\COMPUTER VISION\TumorDetetction\brisc2025\classification_task\test\pituitary\brisc2025_test_00945_pi_sa_t1.jpg,C:\Users\vaidy\OneDrive\Desktop\Programming\COMPUTER VISION\TumorDetetction\brisc2025\segmentation_task\test\masks\brisc2025_test_00945_pi_sa_t1.png
brisc2025_test_00946_pi_sa_t1.jpg,pituitary,2,pituitary,2,True,0.9999973773956299,Small,0.53558349609375,0.52032470703125,0.8930635838150289,0.8067885117493473,0.906158357771261,0.8803418803418803,0.9995090895144588,0.998870849609375,0.37259727716445923,1.0717190504074097,1.042354702949524,1.0,0.00871313672922252,0.00871313672922252,0.01727574750830565,1.0,0.018474656560871626,0.018474656560871626,0.03627906976744186,0.45014245014245013,0.020938245428041347,0.0204160744282207,0.04001519564391541,1.0,0.0179483130691089,0.0179483130691089,0.03526370217166494,C:\Users\vaidy\OneDrive\Desktop\Programming\COMPUTER VISION\TumorDetetction\brisc2025\classification_task\test\pituitary\brisc2025_test_00946_pi_sa_t1.jpg,C:\Users\vaidy\OneDrive\Desktop\Programming\COMPUTER VISION\TumorDetetction\brisc2025\segmentation_task\test\masks\brisc2025_test_00946_pi_sa_t1.png
brisc2025_test_00947_pi_sa_t1.jpg,pituitary,2,pituitary,2,True,0.9996321201324463,Small,0.4058837890625,0.39520263671875,0.8571428571428571,0.75,0.8687258687258688,0.8458646616541353,0.9994790868699249,0.9988555908203125,0.26954150199890137,1.079848051071167,1.0654059648513794,1.0,0.010257992364351548,0.010257992364351548,0.02030766881704012,1.0,0.02046311254711901,0.02046311254711901,0.04010554089709763,0.2744360902255639,0.013578869047619048,0.013108277967319087,0.02587734845799362,1.0,0.01992460958535272,0.01992460958535272,0.03907074973600845,C:\Users\vaidy\OneDrive\Desktop\Programming\COMPUTER VISION\TumorDetetction\brisc2025\classification_task\test\pituitary\brisc2025_test_00947_pi_sa_t1.jpg,C:\Users\vaidy\OneDrive\Desktop\Programming\COMPUTER VISION\TumorDetetction\brisc2025\segmentation_task\test\masks\brisc2025_test_00947_pi_sa_t1.png
brisc2025_test_00948_pi_sa_t1.jpg,pituitary,2,pituitary,2,True,0.9953510761260986,Small,0.57830810546875,0.74310302734375,0.8521939953810623,0.7424547283702213,0.757700205338809,0.9736147757255936,0.9981889896711021,0.998046875,0.3699801564216614,0.573217511177063,0.7382304668426514,1.0,0.009630533109722011,0.009630533109722011,0.01907734125286286,0.0,0.0,0.0,0.0,0.0,0.0,0.0,0.0,0.0,0.0,0.0,0.0,C:\Users\vaidy\OneDrive\Desktop\Programming\COMPUTER VISION\TumorDetetction\brisc2025\classification_task\test\pituitary\brisc2025_test_00948_pi_sa_t1.jpg,C:\Users\vaidy\OneDrive\Desktop\Programming\COMPUTER VISION\TumorDetetction\brisc2025\segmentation_task\test\masks\brisc2025_test_00948_pi_sa_t1.png
brisc2025_test_00949_pi_sa_t1.jpg,pituitary,2,pituitary,2,True,0.9998021721839905,Medium,1.507568359375,1.50909423828125,0.9205867475973698,0.8528584817244611,0.9201213346814965,0.9210526315789473,0.9987761046043254,0.9976043701171875,0.3052492141723633,4.585928440093994,4.599390983581543,1.0,0.03134617215013167,0.03134617215013167,0.06078690743532162,1.0,0.061119703062171356,0.061119703062171356,0.11519850754969976,1.0,0.18963531669865644,0.18963531669865644,0.31881252016779604,1.0,0.06118156510980514,0.06118156510980514,0.11530838288445844,C:\Users\vaidy\OneDrive\Desktop\Programming\COMPUTER VISION\TumorDetetction\brisc2025\classification_task\test\pituitary\brisc2025_test_00949_pi_sa_t1.jpg,C:\Users\vaidy\OneDrive\Desktop\Programming\COMPUTER VISION\TumorDetetction\brisc2025\segmentation_task\test\masks\brisc2025_test_00949_pi_sa_t1.png
brisc2025_test_00950_pi_sa_t1.jpg,pituitary,2,pituitary,2,True,0.9507191777229309,Medium,1.6265869140625,1.5594482421875,0.867816091954023,0.766497461928934,0.8864970645792564,0.849906191369606,0.9982007135101597,0.99578857421875,0.2665422260761261,2.421480178833008,2.4053332805633545,0.9343339587242027,0.036346385432251944,0.03625377643504532,0.06997084548104957,0.20356472795497185,0.016967706622879036,0.01591142396245784,0.03132443161313605,0.0,0.0,0.0,0.0,0.23385518590998042,0.018687934944092578,0.01760978485116416,0.03461009340380856,C:\Users\vaidy\OneDrive\Desktop\Programming\COMPUTER VISION\TumorDetetction\brisc2025\classification_task\test\pituitary\brisc2025_test_00950_pi_sa_t1.jpg,C:\Users\vaidy\OneDrive\Desktop\Programming\COMPUTER VISION\TumorDetetction\brisc2025\segmentation_task\test\masks\brisc2025_test_00950_pi_sa_t1.png
brisc2025_test_00951_pi_sa_t1.jpg,pituitary,2,pituitary,2,True,0.9999639987945557,Medium,0.93994140625,1.13067626953125,0.8607221812822402,0.7554980595084088,0.7881241565452092,0.948051948051948,0.9975816389402341,0.9971160888671875,0.4675307869911194,1.4420520067214966,1.7348874807357788,1.0,0.01260254915198756,0.01260254915198756,0.024891403172037578,1.0,0.020722599744331563,0.020722599744331563,0.04060378353437479,0.34415584415584416,0.019100819893684114,0.01842997478918543,0.036192915066154505,1.0,0.024927672744398843,0.024927672744398843,0.048642793842518135,C:\Users\vaidy\OneDrive\Desktop\Programming\COMPUTER VISION\TumorDetetction\brisc2025\classification_task\test\pituitary\brisc2025_test_00951_pi_sa_t1.jpg,C:\Users\vaidy\OneDrive\Desktop\Programming\COMPUTER VISION\TumorDetetction\brisc2025\segmentation_task\test\masks\brisc2025_test_00951_pi_sa_t1.png
brisc2025_test_00952_pi_sa_t1.jpg,pituitary,2,pituitary,2,True,0.9999988079071045,Small,0.62103271484375,0.96435546875,0.7237728585178056,0.5671191553544495,0.5949367088607594,0.9238329238329238,0.9960693393112131,0.9956207275390625,0.3533080220222473,1.0694810152053833,1.7570403814315796,1.0,0.010837727006444054,0.010837727006444054,0.021443059982613734,0.9852579852579852,0.022214835743172123,0.022207454172896938,0.04344999458229494,0.022113022113022112,0.0014756517461878996,0.0013852547329536709,0.0027666769136181985,1.0,0.035011910697468285,0.035011910697468285,0.0676550875127121,C:\Users\vaidy\OneDrive\Desktop\Programming\COMPUTER VISION\TumorDetetction\brisc2025\classification_task\test\pituitary\brisc2025_test_00952_pi_sa_t1.jpg,C:\Users\vaidy\OneDrive\Desktop\Programming\COMPUTER VISION\TumorDetetction\brisc2025\segmentation_task\test\masks\brisc2025_test_00952_pi_sa_t1.png
brisc2025_test_00953_pi_sa_t1.jpg,pituitary,2,pituitary,2,True,0.9999880790710449,Medium,0.91705322265625,0.93231201171875,0.9141914191419142,0.8419452887537994,0.9067103109656302,0.9217970049916805,0.9991221991221991,0.9984130859375,0.35377442836761475,1.4921252727508545,1.5235626697540283,1.0,0.01744709263506256,0.01744709263506256,0.03429582287149053,0.8252911813643927,0.026399829678518203,0.026253109617318585,0.051163030584351954,0.004991680532445923,0.000358337314859054,0.00033444816053511704,0.0006686726847208291,0.8314238952536824,0.027038535235256546,0.026891112169816316,0.052373833702768186,C:\Users\vaidy\OneDrive\Desktop\Programming\COMPUTER VISION\TumorDetetction\brisc2025\classification_task\test\pituitary\brisc2025_test_00953_pi_sa_t1.jpg,C:\Users\vaidy\OneDrive\Desktop\Programming\COMPUTER VISION\TumorDetetction\brisc2025\segmentation_task\test\masks\brisc2025_test_00953_pi_sa_t1.png
brisc2025_test_00954_pi_sa_t1.jpg,pituitary,2,pituitary,2,True,0.9996275901794434,Small,0.32806396484375,0.4486083984375,0.8015717092337917,0.6688524590163935,0.6938775510204082,0.9488372093023256,0.9986221888825951,0.9984588623046875,0.3102290630340576,0.915286660194397,1.233811616897583,1.0,0.00672652754747677,0.00672652754747677,0.013363167381440735,1.0,0.014947163515016685,0.014947163515016685,0.029454072196725804,1.0,0.03621967654986523,0.03621967654986523,0.06990733214111526,1.0,0.020439377085650724,0.020439377085650724,0.04005995367216242,C:\Users\vaidy\OneDrive\Desktop\Programming\COMPUTER VISION\TumorDetetction\brisc2025\classification_task\test\pituitary\brisc2025_test_00954_pi_sa_t1.jpg,C:\Users\vaidy\OneDrive\Desktop\Programming\COMPUTER VISION\TumorDetetction\brisc2025\segmentation_task\test\masks\brisc2025_test_00954_pi_sa_t1.png
brisc2025_test_00955_pi_sa_t1.jpg,pituitary,2,pituitary,2,True,0.9994168281555176,Small,0.36468505859375,0.47149658203125,0.7591240875912408,0.611764705882353,0.6731391585760518,0.8702928870292888,0.9984532214343691,0.99798583984375,0.3420078754425049,0.4749913215637207,0.6117862462997437,1.0,0.005994031048579239,0.005994031048579239,0.011916633426406063,0.0,0.0,0.0,0.0,0.0,0.0,0.0,0.0,0.0,0.0,0.0,0.0,C:\Users\vaidy\OneDrive\Desktop\Programming\COMPUTER VISION\TumorDetetction\brisc2025\classification_task\test\pituitary\brisc2025_test_00955_pi_sa_t1.jpg,C:\Users\vaidy\OneDrive\Desktop\Programming\COMPUTER VISION\TumorDetetction\brisc2025\segmentation_task\test\masks\brisc2025_test_00955_pi_sa_t1.png
brisc2025_test_00956_pi_sa_t1.jpg,pituitary,2,pituitary,2,True,0.993198812007904,Small,0.32806396484375,0.3570556640625,0.8552338530066815,0.7470817120622568,0.8205128205128205,0.8930232558139535,0.9993570214785444,0.9990081787109375,0.33780544996261597,0.6033390164375305,0.6592879295349121,1.0,0.0056917456451527505,0.0056917456451527505,0.011319066045434204,1.0,0.010252742012398664,0.010252742012398664,0.020297380221855087,0.0,0.0,0.0,0.0,1.0,0.011158798283261802,0.011158798283261802,0.022071307300509338,C:\Users\vaidy\OneDrive\Desktop\Programming\COMPUTER VISION\TumorDetetction\brisc2025\classification_task\test\pituitary\brisc2025_test_00956_pi_sa_t1.jpg,C:\Users\vaidy\OneDrive\Desktop\Programming\COMPUTER VISION\TumorDetetction\brisc2025\segmentation_task\test\masks\brisc2025_test_00956_pi_sa_t1.png
brisc2025_test_00957_pi_sa_t1.jpg,pituitary,2,pituitary,2,True,0.9927316308021545,Small,0.37078857421875,0.31890869140625,0.7920353982300885,0.6556776556776557,0.8564593301435407,0.7366255144032922,0.9995405326757846,0.998565673828125,0.4229355454444885,0.45418840646743774,0.3877386152744293,1.0,0.005044947785828472,0.005044947785828472,0.01003924808923776,0.8518518518518519,0.007763276327632763,0.0077528089887640445,0.015386330694614784,0.0,0.0,0.0,0.0,0.8086124401913876,0.006338133813381338,0.006328639904134212,0.012577680199456704,C:\Users\vaidy\OneDrive\Desktop\Programming\COMPUTER VISION\TumorDetetction\brisc2025\classification_task\test\pituitary\brisc2025_test_00957_pi_sa_t1.jpg,C:\Users\vaidy\OneDrive\Desktop\Programming\COMPUTER VISION\TumorDetetction\brisc2025\segmentation_task\test\masks\brisc2025_test_00957_pi_sa_t1.png
brisc2025_test_00958_pi_sa_t1.jpg,pituitary,2,pituitary,2,True,0.8718855381011963,Small,0.6317138671875,0.7293701171875,0.8452914798206278,0.7320388349514563,0.7887029288702929,0.9106280193236715,0.9984490648321612,0.997894287109375,0.3538183271884918,0.0008562930161133409,0.0006369255133904517,0.0,0.0,0.0,0.0,0.0,0.0,0.0,0.0,0.0,0.0,0.0,0.0,0.0,0.0,0.0,0.0,C:\Users\vaidy\OneDrive\Desktop\Programming\COMPUTER VISION\TumorDetetction\brisc2025\classification_task\test\pituitary\brisc2025_test_00958_pi_sa_t1.jpg,C:\Users\vaidy\OneDrive\Desktop\Programming\COMPUTER VISION\TumorDetetction\brisc2025\segmentation_task\test\masks\brisc2025_test_00958_pi_sa_t1.png
brisc2025_test_00959_pi_sa_t1.jpg,pituitary,2,pituitary,2,True,0.9999164342880249,Small,0.677490234375,0.00152587890625,0.0044943820224719105,0.0022522522522522522,1.0,0.0022522522522522522,1.0,0.9932403564453125,0.3380524814128876,0.392320841550827,0.0011985482415184379,0.22297297297297297,0.0030265048454648285,0.002994917715392062,0.005971949932136933,0.0,0.0,0.0,0.0,0.0,0.0,0.0,0.0,0.0,0.0,0.0,0.0,C:\Users\vaidy\OneDrive\Desktop\Programming\COMPUTER VISION\TumorDetetction\brisc2025\classification_task\test\pituitary\brisc2025_test_00959_pi_sa_t1.jpg,C:\Users\vaidy\OneDrive\Desktop\Programming\COMPUTER VISION\TumorDetetction\brisc2025\segmentation_task\test\masks\brisc2025_test_00959_pi_sa_t1.png
brisc2025_test_00960_pi_sa_t1.jpg,pituitary,2,pituitary,2,True,0.9992818236351013,Small,0.384521484375,0.4150390625,0.8435114503816794,0.7293729372937293,0.8125,0.876984126984127,0.9992187978677777,0.998748779296875,0.40752777457237244,0.3242490589618683,0.3604266345500946,1.0,0.006233766233766234,0.006233766233766234,0.0123902942694889,0.0,0.0,0.0,0.0,0.0,0.0,0.0,0.0,0.0,0.0,0.0,0.0,C:\Users\vaidy\OneDrive\Desktop\Programming\COMPUTER VISION\TumorDetetction\brisc2025\classification_task\test\pituitary\brisc2025_test_00960_pi_sa_t1.jpg,C:\Users\vaidy\OneDrive\Desktop\Programming\COMPUTER VISION\TumorDetetction\brisc2025\segmentation_task\test\masks\brisc2025_test_00960_pi_sa_t1.png
brisc2025_test_00961_pi_sa_t1.jpg,pituitary,2,pituitary,2,True,0.9999995231628418,Medium,1.3946533203125,1.40228271484375,0.9078014184397163,0.8311688311688312,0.9053318824809575,0.9102844638949672,0.9986537092630993,0.9974212646484375,0.4288262724876404,1.9042634963989258,1.916675090789795,1.0,0.021258285847191534,0.021258285847191534,0.04163155617299415,0.8938730853391685,0.03103042272779065,0.03091652160750776,0.059978710127372166,0.0,0.0,0.0,0.0,0.8911860718171926,0.031106384594933343,0.030988686669945892,0.060114503816793896,C:\Users\vaidy\OneDrive\Desktop\Programming\COMPUTER VISION\TumorDetetction\brisc2025\classification_task\test\pituitary\brisc2025_test_00961_pi_sa_t1.jpg,C:\Users\vaidy\OneDrive\Desktop\Programming\COMPUTER VISION\TumorDetetction\brisc2025\segmentation_task\test\masks\brisc2025_test_00961_pi_sa_t1.png
brisc2025_test_00962_pi_sa_t1.jpg,pituitary,2,pituitary,2,True,1.0,Medium,1.483154296875,2.39410400390625,0.7390791027154664,0.5861423220973783,0.5984703632887189,0.9660493827160493,0.9902422402577288,0.9898834228515625,0.4256770610809326,1.708080768585205,2.524585485458374,1.0,0.0220158550396376,0.0220158550396376,0.04308319666681441,0.4444444444444444,0.016126021874650044,0.01580738409747887,0.031122798170094737,0.0,0.0,0.0,0.0,0.3326959847036329,0.019485609765202135,0.01875269435263687,0.03681500811058608,C:\Users\vaidy\OneDrive\Desktop\Programming\COMPUTER VISION\TumorDetetction\brisc2025\classification_task\test\pituitary\brisc2025_test_00962_pi_sa_t1.jpg,C:\Users\vaidy\OneDrive\Desktop\Programming\COMPUTER VISION\TumorDetetction\brisc2025\segmentation_task\test\masks\brisc2025_test_00962_pi_sa_t1.png
brisc2025_test_00963_pi_sa_t1.jpg,pituitary,2,pituitary,2,True,0.9999998807907104,Medium,1.40533447265625,2.47955322265625,0.6959937156323645,0.5337349397590362,0.5452307692307692,0.9619978284473398,0.988563027160876,0.988189697265625,0.3811552822589874,1.412550687789917,2.236854314804077,1.0,0.02317272612907284,0.02317272612907284,0.04529582452171347,0.04560260586319218,0.0019390581717451524,0.0018634367097031812,0.0037199415437757406,0.0,0.0,0.0,0.0,0.06646153846153846,0.004986149584487534,0.004659792035207317,0.009276358170496027,C:\Users\vaidy\OneDrive\Desktop\Programming\COMPUTER VISION\TumorDetetction\brisc2025\classification_task\test\pituitary\brisc2025_test_00963_pi_sa_t1.jpg,C:\Users\vaidy\OneDrive\Desktop\Programming\COMPUTER VISION\TumorDetetction\brisc2025\segmentation_task\test\masks\brisc2025_test_00963_pi_sa_t1.png
brisc2025_test_00964_pi_sa_t1.jpg,pituitary,2,pituitary,2,True,0.893455982208252,Medium,0.81939697265625,1.1383056640625,0.8012470771628994,0.6684005201560468,0.6890080428954424,0.957169459962756,0.9964307143186818,0.9961090087890625,0.3142264783382416,1.5487184524536133,2.124849557876587,1.0,0.01627815332383522,0.01627815332383522,0.032034838632702976,0.9776536312849162,0.0340599455040872,0.034033450019447686,0.06582659394395336,0.0,0.0,0.0,0.0,0.9436997319034852,0.045672765018814065,0.045548654244306416,0.08712871287128712,C:\Users\vaidy\OneDrive\Desktop\Programming\COMPUTER VISION\TumorDetetction\brisc2025\classification_task\test\pituitary\brisc2025_test_00964_pi_sa_t1.jpg,C:\Users\vaidy\OneDrive\Desktop\Programming\COMPUTER VISION\TumorDetetction\brisc2025\segmentation_task\test\masks\brisc2025_test_00964_pi_sa_t1.png
brisc2025_test_00965_pi_sa_t1.jpg,pituitary,2,pituitary,2,True,0.9994845390319824,Medium,0.76751708984375,1.03302001953125,0.7966101694915254,0.6619718309859155,0.6942392909896603,0.9343936381709742,0.9968170005996956,0.996337890625,0.33521538972854614,1.498134970664978,1.9460986852645874,1.0,0.013255329802092392,0.013255329802092392,0.026163849154746423,1.0,0.033717656522322025,0.033717656522322025,0.06523571752804617,0.027833001988071572,0.00244926522043387,0.0022562449637389204,0.004502331564560219,0.9763663220088626,0.044308888590963935,0.044261416901031206,0.08477075985892914,C:\Users\vaidy\OneDrive\Desktop\Programming\COMPUTER VISION\TumorDetetction\brisc2025\classification_task\test\pituitary\brisc2025_test_00965_pi_sa_t1.jpg,C:\Users\vaidy\OneDrive\Desktop\Programming\COMPUTER VISION\TumorDetetction\brisc2025\segmentation_task\test\masks\brisc2025_test_00965_pi_sa_t1.png
brisc2025_test_00966_pi_sa_t1.jpg,pituitary,2,pituitary,2,True,0.9913161993026733,Small,0.628662109375,0.62408447265625,0.881851400730816,0.7886710239651417,0.8850855745721271,0.8786407766990292,0.9992782998587311,0.9985198974609375,0.37409278750419617,0.7760716080665588,0.7758166193962097,1.0,0.009127968805388161,0.009127968805388161,0.018090805304294372,0.16019417475728157,0.003439112083789276,0.0033782054563136613,0.006733663214814059,0.0,0.0,0.0,0.0,0.18092909535452323,0.0038559741545516127,0.003789818703267438,0.007551020408163266,C:\Users\vaidy\OneDrive\Desktop\Programming\COMPUTER VISION\TumorDetetction\brisc2025\classification_task\test\pituitary\brisc2025_test_00966_pi_sa_t1.jpg,C:\Users\vaidy\OneDrive\Desktop\Programming\COMPUTER VISION\TumorDetetction\brisc2025\segmentation_task\test\masks\brisc2025_test_00966_pi_sa_t1.png
brisc2025_test_00967_pi_sa_t1.jpg,pituitary,2,pituitary,2,True,0.9998644590377808,Medium,0.92926025390625,1.03607177734375,0.8819875776397516,0.7888888888888889,0.8365243004418262,0.9326765188834154,0.9982903876661481,0.9976806640625,0.28987807035446167,2.4039418697357178,2.643669366836548,1.0,0.021569738613019765,0.021569738613019765,0.04222861699545817,1.0,0.04509774881516588,0.04509774881516588,0.08630340820520088,0.5041050903119869,0.05151006711409396,0.04902587032896838,0.09346932562033795,0.9823269513991163,0.04939277251184834,0.04934891979875703,0.0940562645420574,C:\Users\vaidy\OneDrive\Desktop\Programming\COMPUTER VISION\TumorDetetction\brisc2025\classification_task\test\pituitary\brisc2025_test_00967_pi_sa_t1.jpg,C:\Users\vaidy\OneDrive\Desktop\Programming\COMPUTER VISION\TumorDetetction\brisc2025\segmentation_task\test\masks\brisc2025_test_00967_pi_sa_t1.png
brisc2025_test_00968_pi_sa_t1.jpg,pituitary,2,pituitary,2,True,0.9981259703636169,Medium,1.76849365234375,1.57623291015625,0.8375912408759124,0.7205651491365777,0.888673765730881,0.7920621225194133,0.9982136477313326,0.99456787109375,0.37909165024757385,1.9802318811416626,1.9279558658599854,0.9577221742881795,0.030461031833150385,0.030420126613499958,0.05904412351392324,0.27955133735979293,0.015116170570122236,0.014549373568638018,0.028681450006639225,0.0,0.0,0.0,0.0,0.3823814133591481,0.018428664738266307,0.01789597680318956,0.035162683046245605,C:\Users\vaidy\OneDrive\Desktop\Programming\COMPUTER VISION\TumorDetetction\brisc2025\classification_task\test\pituitary\brisc2025_test_00968_pi_sa_t1.jpg,C:\Users\vaidy\OneDrive\Desktop\Programming\COMPUTER VISION\TumorDetetction\brisc2025\segmentation_task\test\masks\brisc2025_test_00968_pi_sa_t1.png
brisc2025_test_00969_pi_sa_t1.jpg,pituitary,2,pituitary,2,True,0.9995294809341431,Medium,1.220703125,0.9246826171875,0.8236130867709816,0.7001209189842805,0.9554455445544554,0.72375,0.9995829214038556,0.9962158203125,0.37268829345703125,1.3836089372634888,1.1037284135818481,0.9875,0.02142895893234959,0.02142314784683805,0.04194764509106356,0.20375,0.007587041519270155,0.0073685638081461054,0.014629330461317537,0.0,0.0,0.0,0.0,0.23597359735973597,0.006656116179482406,0.006515696906183077,0.01294703485740154,C:\Users\vaidy\OneDrive\Desktop\Programming\COMPUTER VISION\TumorDetetction\brisc2025\classification_task\test\pituitary\brisc2025_test_00969_pi_sa_t1.jpg,C:\Users\vaidy\OneDrive\Desktop\Programming\COMPUTER VISION\TumorDetetction\brisc2025\segmentation_task\test\masks\brisc2025_test_00969_pi_sa_t1.png
brisc2025_test_00970_pi_sa_t1.jpg,pituitary,2,pituitary,2,True,0.6202641129493713,Medium,1.73187255859375,0.958251953125,0.6942711287577992,0.5317115551694179,0.9745222929936306,0.5392070484581498,0.999751556652847,0.9917755126953125,0.37061360478401184,3.8922996520996094,1.989572525024414,1.0,0.029481285228187746,0.029481285228187746,0.0572740576272897,1.0,0.05319896883056011,0.05319896883056011,0.10102358700489542,0.7383259911894273,0.10386712940009915,0.10017931858936042,0.1821145278713463,1.0,0.029435200374970705,0.029435200374970705,0.05718708737422028,C:\Users\vaidy\OneDrive\Desktop\Programming\COMPUTER VISION\TumorDetetction\brisc2025\classification_task\test\pituitary\brisc2025_test_00970_pi_sa_t1.jpg,C:\Users\vaidy\OneDrive\Desktop\Programming\COMPUTER VISION\TumorDetetction\brisc2025\segmentation_task\test\masks\brisc2025_test_00970_pi_sa_t1.png
brisc2025_test_00971_pi_sa_t1.jpg,pituitary,2,pituitary,2,True,0.9999403953552246,Small,0.5615234375,0.50506591796875,0.8497854077253219,0.7388059701492538,0.8972809667673716,0.8070652173913043,0.9994782715443162,0.9983978271484375,0.3337309956550598,1.2501200437545776,1.1420990228652954,1.0,0.011290421549978523,0.011290421549978523,0.02232874218797403,1.0,0.0205793535398725,0.0205793535398725,0.04032876712328767,0.44021739130434784,0.02148826104257859,0.020916720464816012,0.04097635006955862,1.0,0.018510233754613577,0.018510233754613577,0.03634766375665733,C:\Users\vaidy\OneDrive\Desktop\Programming\COMPUTER VISION\TumorDetetction\brisc2025\classification_task\test\pituitary\brisc2025_test_00971_pi_sa_t1.jpg,C:\Users\vaidy\OneDrive\Desktop\Programming\COMPUTER VISION\TumorDetetction\brisc2025\segmentation_task\test\masks\brisc2025_test_00971_pi_sa_t1.png
brisc2025_test_00972_pi_sa_t1.jpg,pituitary,2,pituitary,2,True,0.996213972568512,Medium,1.39007568359375,1.3580322265625,0.9083842309827873,0.832146490335707,0.9191011235955057,0.897914379802415,0.9988858800773694,0.9974822998046875,0.3284079432487488,2.2878153324127197,2.2413229942321777,0.9989023051591658,0.02490694109918984,0.024906259408271066,0.04860202419419446,0.6289791437980241,0.03783426873555629,0.03700833171865917,0.07137518684603886,0.02305159165751921,0.0035805626598465474,0.0031088082901554403,0.006198347107438017,0.6337078651685393,0.03724001320567844,0.036455303471010274,0.07034611786716558,C:\Users\vaidy\OneDrive\Desktop\Programming\COMPUTER VISION\TumorDetetction\brisc2025\classification_task\test\pituitary\brisc2025_test_00972_pi_sa_t1.jpg,C:\Users\vaidy\OneDrive\Desktop\Programming\COMPUTER VISION\TumorDetetction\brisc2025\segmentation_task\test\masks\brisc2025_test_00972_pi_sa_t1.png
brisc2025_test_00973_pi_sa_t1.jpg,pituitary,2,pituitary,2,True,0.9999206066131592,Large,5.16357421875,3.61785888671875,0.8,0.6666666666666666,0.97089835512442,0.6802600472813238,0.9988898185094607,0.9824371337890625,0.44153642654418945,8.830449104309082,6.604968547821045,1.0,0.07291060694202055,0.07291060694202055,0.13591180191577806,0.9946808510638298,0.1303792074989348,0.13028836849235534,0.23054004999828773,0.5127068557919622,0.14441484934243382,0.12698528873600234,0.22535394207039874,1.0,0.09183871092690862,0.09183871092690862,0.16822761458776783,C:\Users\vaidy\OneDrive\Desktop\Programming\COMPUTER VISION\TumorDetetction\brisc2025\classification_task\test\pituitary\brisc2025_test_00973_pi_sa_t1.jpg,C:\Users\vaidy\OneDrive\Desktop\Programming\COMPUTER VISION\TumorDetetction\brisc2025\segmentation_task\test\masks\brisc2025_test_00973_pi_sa_t1.png
brisc2025_test_00974_pi_sa_t1.jpg,pituitary,2,pituitary,2,True,0.6802626848220825,Medium,1.30767822265625,1.2542724609375,0.9041095890410958,0.825,0.9233576642335767,0.8856476079346558,0.9990259589665889,0.9975433349609375,0.23542644083499908,0.10327955335378647,0.08847443014383316,0.0,0.0,0.0,0.0,0.0,0.0,0.0,0.0,0.0,0.0,0.0,0.0,0.0,0.0,0.0,0.0,C:\Users\vaidy\OneDrive\Desktop\Programming\COMPUTER VISION\TumorDetetction\brisc2025\classification_task\test\pituitary\brisc2025_test_00974_pi_sa_t1.jpg,C:\Users\vaidy\OneDrive\Desktop\Programming\COMPUTER VISION\TumorDetetction\brisc2025\segmentation_task\test\masks\brisc2025_test_00974_pi_sa_t1.png
brisc2025_test_00975_pi_sa_t1.jpg,pituitary,2,pituitary,2,True,0.9999986886978149,Medium,1.99127197265625,2.0050048828125,0.9217258495609011,0.8548158640226629,0.9185692541856926,0.924904214559387,0.9983341377216609,0.9968719482421875,0.4255983829498291,2.6579601764678955,2.677751064300537,1.0,0.02715525313689993,0.02715525313689993,0.05287468092864957,1.0,0.050642244557413944,0.050642244557413944,0.09640245253748984,0.0,0.0,0.0,0.0,1.0,0.05099150141643059,0.05099150141643059,0.09703504043126684,C:\Users\vaidy\OneDrive\Desktop\Programming\COMPUTER VISION\TumorDetetction\brisc2025\classification_task\test\pituitary\brisc2025_test_00975_pi_sa_t1.jpg,C:\Users\vaidy\OneDrive\Desktop\Programming\COMPUTER VISION\TumorDetetction\brisc2025\segmentation_task\test\masks\brisc2025_test_00975_pi_sa_t1.png
brisc2025_test_00976_pi_sa_t1.jpg,pituitary,2,pituitary,2,True,0.9998445510864258,Small,0.50201416015625,0.4364013671875,0.7902439024390244,0.6532258064516129,0.8496503496503497,0.7386018237082067,0.9993405615961477,0.9980316162109375,0.3841980993747711,0.8527601361274719,0.7446488738059998,1.0,0.007511415525114155,0.007511415525114155,0.014910829613179542,1.0,0.01752236898167874,0.01752236898167874,0.0344412457471866,0.02127659574468085,0.0009643201542912247,0.0009233610341643582,0.0018450184501845018,1.0,0.015232211333617384,0.015232211333617384,0.030007344454936524,C:\Users\vaidy\OneDrive\Desktop\Programming\COMPUTER VISION\TumorDetetction\brisc2025\classification_task\test\pituitary\brisc2025_test_00976_pi_sa_t1.jpg,C:\Users\vaidy\OneDrive\Desktop\Programming\COMPUTER VISION\TumorDetetction\brisc2025\segmentation_task\test\masks\brisc2025_test_00976_pi_sa_t1.png
brisc2025_test_00977_pi_sa_t1.jpg,pituitary,2,pituitary,2,True,0.9989944100379944,Medium,0.76141357421875,0.9033203125,0.8780934922089826,0.7826797385620915,0.8091216216216216,0.9599198396793587,0.9982625274843551,0.9979705810546875,0.37495991587638855,1.2937121391296387,1.517218828201294,1.0,0.011445216633409023,0.011445216633409023,0.022631411855412942,1.0,0.02713431212615552,0.02713431212615552,0.05283498332362751,0.008016032064128256,0.0006088280060882801,0.0005661712668082095,0.0011317017965766021,1.0,0.03219140837411637,0.03219140837411637,0.06237488146665262,C:\Users\vaidy\OneDrive\Desktop\Programming\COMPUTER VISION\TumorDetetction\brisc2025\classification_task\test\pituitary\brisc2025_test_00977_pi_sa_t1.jpg,C:\Users\vaidy\OneDrive\Desktop\Programming\COMPUTER VISION\TumorDetetction\brisc2025\segmentation_task\test\masks\brisc2025_test_00977_pi_sa_t1.png
brisc2025_test_00978_pi_sa_t1.jpg,pituitary,2,pituitary,2,True,0.9776419401168823,Small,0.49591064453125,0.55389404296875,0.8430232558139535,0.7286432160804021,0.7988980716253443,0.8923076923076924,0.9988805569612489,0.99835205078125,0.38916200399398804,0.5696524381637573,0.6452198028564453,1.0,0.007757674129947009,0.007757674129947009,0.015395911793268434,0.033846153846153845,0.0004987305041712006,0.0004917299955297273,0.0009829766319646128,0.0,0.0,0.0,0.0,0.1184573002754821,0.001949582879941966,0.0019217018233821952,0.003836031937196128,C:\Users\vaidy\OneDrive\Desktop\Programming\COMPUTER VISION\TumorDetetction\brisc2025\classification_task\test\pituitary\brisc2025_test_00978_pi_sa_t1.jpg,C:\Users\vaidy\OneDrive\Desktop\Programming\COMPUTER VISION\TumorDetetction\brisc2025\segmentation_task\test\masks\brisc2025_test_00978_pi_sa_t1.png
brisc2025_test_00979_pi_sa_t1.jpg,pituitary,2,pituitary,2,True,0.9999890327453613,Small,0.36468505859375,0.52337646484375,0.7491408934707904,0.5989010989010989,0.6355685131195336,0.9121338912133892,0.998085670092041,0.997772216796875,0.28851404786109924,0.6295744776725769,0.9294975399971008,1.0,0.0083223065673097,0.0083223065673097,0.01650723486549021,0.4811715481171548,0.008472078974510093,0.008395386187764637,0.01665098095996525,0.0,0.0,0.0,0.0,0.5830903790087464,0.014734050390452336,0.014580447619741926,0.028741826543076814,C:\Users\vaidy\OneDrive\Desktop\Programming\COMPUTER VISION\TumorDetetction\brisc2025\classification_task\test\pituitary\brisc2025_test_00979_pi_sa_t1.jpg,C:\Users\vaidy\OneDrive\Desktop\Programming\COMPUTER VISION\TumorDetetction\brisc2025\segmentation_task\test\masks\brisc2025_test_00979_pi_sa_t1.png
brisc2025_test_00980_pi_sa_t1.jpg,pituitary,2,pituitary,2,True,0.9806082248687744,Small,0.24871826171875,0.3143310546875,0.7913279132791328,0.6547085201793722,0.7087378640776699,0.8957055214723927,0.9990821898949107,0.9988250732421875,0.26854681968688965,0.6046139597892761,0.77289217710495,1.0,0.006309758835597879,0.006309758835597879,0.012540390829358363,1.0,0.012814465408805032,0.012814465408805032,0.025304665062485444,0.0,0.0,0.0,0.0,1.0,0.01619496855345912,0.01619496855345912,0.03187374284388055,C:\Users\vaidy\OneDrive\Desktop\Programming\COMPUTER VISION\TumorDetetction\brisc2025\classification_task\test\pituitary\brisc2025_test_00980_pi_sa_t1.jpg,C:\Users\vaidy\OneDrive\Desktop\Programming\COMPUTER VISION\TumorDetetction\brisc2025\segmentation_task\test\masks\brisc2025_test_00980_pi_sa_t1.png
brisc2025_test_00981_pi_sa_t1.jpg,pituitary,2,pituitary,2,True,0.9999995231628418,Small,0.33416748046875,0.42877197265625,0.784,0.6447368421052632,0.697508896797153,0.8949771689497716,0.9986986542554006,0.99835205078125,0.34625864028930664,0.25772804021835327,0.33452942967414856,0.5981735159817352,0.003993537176477761,0.003982852452038552,0.007934104536369693,0.0,0.0,0.0,0.0,0.0,0.0,0.0,0.0,0.0,0.0,0.0,0.0,C:\Users\vaidy\OneDrive\Desktop\Programming\COMPUTER VISION\TumorDetetction\brisc2025\classification_task\test\pituitary\brisc2025_test_00981_pi_sa_t1.jpg,C:\Users\vaidy\OneDrive\Desktop\Programming\COMPUTER VISION\TumorDetetction\brisc2025\segmentation_task\test\masks\brisc2025_test_00981_pi_sa_t1.png
brisc2025_test_00982_pi_sa_t1.jpg,pituitary,2,pituitary,2,True,0.9999769926071167,Small,0.26397705078125,0.28228759765625,0.7988826815642458,0.6651162790697674,0.772972972972973,0.8265895953757225,0.9993574346342732,0.9989013671875,0.342180073261261,0.2057124823331833,0.2139524519443512,0.630057803468208,0.003050743093845336,0.0030452881848406113,0.006072085120606094,0.0,0.0,0.0,0.0,0.0,0.0,0.0,0.0,0.0,0.0,0.0,0.0,C:\Users\vaidy\OneDrive\Desktop\Programming\COMPUTER VISION\TumorDetetction\brisc2025\classification_task\test\pituitary\brisc2025_test_00982_pi_sa_t1.jpg,C:\Users\vaidy\OneDrive\Desktop\Programming\COMPUTER VISION\TumorDetetction\brisc2025\segmentation_task\test\masks\brisc2025_test_00982_pi_sa_t1.png
brisc2025_test_00983_pi_sa_t1.jpg,pituitary,2,pituitary,2,True,0.9865604639053345,Medium,1.71356201171875,1.6845703125,0.918724741805119,0.8496677740863787,0.9266304347826086,0.9109528049866429,0.9987424898700573,0.9972381591796875,0.3415406048297882,3.249955892562866,3.224116563796997,1.0,0.030209286060149568,0.030209286060149568,0.058646891401415255,0.9946571682991986,0.07496644295302013,0.07493626727492285,0.13942457717031767,0.1006233303650935,0.01988736360436466,0.016885833831440527,0.03321087435709037,1.0,0.07409395973154362,0.07409395973154362,0.1379655086228443,C:\Users\vaidy\OneDrive\Desktop\Programming\COMPUTER VISION\TumorDetetction\brisc2025\classification_task\test\pituitary\brisc2025_test_00983_pi_sa_t1.jpg,C:\Users\vaidy\OneDrive\Desktop\Programming\COMPUTER VISION\TumorDetetction\brisc2025\segmentation_task\test\masks\brisc2025_test_00983_pi_sa_t1.png
brisc2025_test_00984_pi_sa_t1.jpg,pituitary,2,pituitary,2,True,0.9996603727340698,Medium,1.48468017578125,1.48162841796875,0.8518518518518519,0.7419354838709677,0.8527291452111225,0.8509763617677287,0.9977851091182256,0.99560546875,0.2849825322628021,2.938756227493286,2.9327356815338135,1.0,0.034446135872836056,0.034446135872836056,0.06659822039698836,0.6896197327852004,0.04932372831520141,0.04825255285488279,0.09206283871852919,0.029804727646454265,0.006196581196581196,0.005156472261735419,0.010260038917388997,0.690010298661174,0.04925022052337548,0.04818410643653362,0.09193825042881647,C:\Users\vaidy\OneDrive\Desktop\Programming\COMPUTER VISION\TumorDetetction\brisc2025\classification_task\test\pituitary\brisc2025_test_00984_pi_sa_t1.jpg,C:\Users\vaidy\OneDrive\Desktop\Programming\COMPUTER VISION\TumorDetetction\brisc2025\segmentation_task\test\masks\brisc2025_test_00984_pi_sa_t1.png
brisc2025_test_00985_pi_sa_t1.jpg,pituitary,2,pituitary,2,True,0.9983134269714355,Medium,1.9378662109375,1.812744140625,0.9267697314890154,0.8635329795299469,0.9587542087542088,0.8968503937007875,0.9992375439579249,0.99725341796875,0.38049179315567017,3.6595563888549805,3.4357798099517822,1.0,0.03144420510535047,0.03144420510535047,0.06097121870424158,1.0,0.060024576992154265,0.060024576992154265,0.11325129302657393,0.4251968503937008,0.05683612251341964,0.05278076434366142,0.10026924148175657,1.0,0.05614897438321202,0.05614897438321202,0.10632775440794773,C:\Users\vaidy\OneDrive\Desktop\Programming\COMPUTER VISION\TumorDetetction\brisc2025\classification_task\test\pituitary\brisc2025_test_00985_pi_sa_t1.jpg,C:\Users\vaidy\OneDrive\Desktop\Programming\COMPUTER VISION\TumorDetetction\brisc2025\segmentation_task\test\masks\brisc2025_test_00985_pi_sa_t1.png
brisc2025_test_00986_pi_sa_t1.jpg,pituitary,2,pituitary,2,True,0.9999961853027344,Small,0.35247802734375,0.469970703125,0.764378478664193,0.6186186186186187,0.6688311688311688,0.8917748917748918,0.998438098154812,0.9980621337890625,0.37452661991119385,0.4755207300186157,0.6230259537696838,1.0,0.005596608116293156,0.005596608116293156,0.011130920830723269,0.5238095238095238,0.0069364824581518,0.006893015836846303,0.013691654879773692,0.0,0.0,0.0,0.0,0.4512987012987013,0.007968355881678515,0.007891898029864305,0.01566020730058585,C:\Users\vaidy\OneDrive\Desktop\Programming\COMPUTER VISION\TumorDetetction\brisc2025\classification_task\test\pituitary\brisc2025_test_00986_pi_sa_t1.jpg,C:\Users\vaidy\OneDrive\Desktop\Programming\COMPUTER VISION\TumorDetetction\brisc2025\segmentation_task\test\masks\brisc2025_test_00986_pi_sa_t1.png
brisc2025_test_00987_pi_sa_t1.jpg,pituitary,2,pituitary,2,True,0.9997712969779968,Small,0.57525634765625,0.0,0.0,0.0,0.0,0.0,1.0,0.9942474365234375,0.4359075725078583,0.9834176898002625,0.0,1.0,0.00783637157288657,0.00783637157288657,0.01555088066658417,1.0,0.014247921390778533,0.014247921390778533,0.028095539739911315,0.4588859416445623,0.016564534661049405,0.01624718256949662,0.03197486369097126,0.0,0.0,0.0,0.0,C:\Users\vaidy\OneDrive\Desktop\Programming\COMPUTER VISION\TumorDetetction\brisc2025\classification_task\test\pituitary\brisc2025_test_00987_pi_sa_t1.jpg,C:\Users\vaidy\OneDrive\Desktop\Programming\COMPUTER VISION\TumorDetetction\brisc2025\segmentation_task\test\masks\brisc2025_test_00987_pi_sa_t1.png
brisc2025_test_00988_pi_sa_t1.jpg,pituitary,2,pituitary,2,True,0.999944806098938,Small,0.24871826171875,0.23651123046875,0.8364779874213837,0.7189189189189189,0.8580645161290322,0.8159509202453987,0.9996634696281339,0.99920654296875,0.2645854949951172,0.48791825771331787,0.46045467257499695,1.0,0.006764327509648504,0.006764327509648504,0.013437757625721351,0.6196319018404908,0.008298414263413031,0.008256355759012507,0.016377493108480624,0.0,0.0,0.0,0.0,0.5870967741935483,0.007476789088817682,0.007437678790355538,0.014765536264806102,C:\Users\vaidy\OneDrive\Desktop\Programming\COMPUTER VISION\TumorDetetction\brisc2025\classification_task\test\pituitary\brisc2025_test_00988_pi_sa_t1.jpg,C:\Users\vaidy\OneDrive\Desktop\Programming\COMPUTER VISION\TumorDetetction\brisc2025\segmentation_task\test\masks\brisc2025_test_00988_pi_sa_t1.png
brisc2025_test_00989_pi_sa_t1.jpg,pituitary,2,pituitary,2,True,0.9903988838195801,Small,0.372314453125,0.34332275390625,0.814498933901919,0.6870503597122302,0.8488888888888889,0.7827868852459017,0.9994792623904919,0.9986724853515625,0.3320133686065674,0.5642635822296143,0.5321260690689087,1.0,0.00630002581977795,0.00630002581977795,0.01252116795812593,0.5532786885245902,0.009032517061421117,0.008967120557954168,0.017774851876234364,0.0,0.0,0.0,0.0,0.6533333333333333,0.009835407466880771,0.009784345047923323,0.019379078505042516,C:\Users\vaidy\OneDrive\Desktop\Programming\COMPUTER VISION\TumorDetetction\brisc2025\classification_task\test\pituitary\brisc2025_test_00989_pi_sa_t1.jpg,C:\Users\vaidy\OneDrive\Desktop\Programming\COMPUTER VISION\TumorDetetction\brisc2025\segmentation_task\test\masks\brisc2025_test_00989_pi_sa_t1.png
brisc2025_test_00990_pi_sa_t1.jpg,pituitary,2,pituitary,2,True,0.9957839846611023,Medium,1.00250244140625,1.116943359375,0.8912886969042476,0.8038961038961039,0.8456284153005464,0.9421613394216134,0.9982582962129503,0.9976959228515625,0.38651302456855774,2.306356191635132,2.5648202896118164,1.0,0.014425927145774323,0.014425927145774323,0.02844155844155844,1.0,0.028236204228984013,0.028236204228984013,0.05492163009404389,1.0,0.23960612691466082,0.23960612691466082,0.38658428949691087,1.0,0.03145951521402785,0.03145951521402785,0.061,C:\Users\vaidy\OneDrive\Desktop\Programming\COMPUTER VISION\TumorDetetction\brisc2025\classification_task\test\pituitary\brisc2025_test_00990_pi_sa_t1.jpg,C:\Users\vaidy\OneDrive\Desktop\Programming\COMPUTER VISION\TumorDetetction\brisc2025\segmentation_task\test\masks\brisc2025_test_00990_pi_sa_t1.png
brisc2025_test_00991_pi_sa_t1.jpg,pituitary,2,pituitary,2,True,0.99996018409729,Small,0.3021240234375,0.35247802734375,0.8298368298368298,0.7091633466135459,0.7705627705627706,0.898989898989899,0.9991888334506719,0.9988861083984375,0.37329262495040894,0.44165295362472534,0.5209936499595642,1.0,0.005515781263058194,0.005515781263058194,0.010971048621692755,0.9444444444444444,0.007047561619054798,0.0070446411753625916,0.013990722729313183,0.0,0.0,0.0,0.0,0.987012987012987,0.008592748925906384,0.00859177751818216,0.017037175415654773,C:\Users\vaidy\OneDrive\Desktop\Programming\COMPUTER VISION\TumorDetetction\brisc2025\classification_task\test\pituitary\brisc2025_test_00991_pi_sa_t1.jpg,C:\Users\vaidy\OneDrive\Desktop\Programming\COMPUTER VISION\TumorDetetction\brisc2025\segmentation_task\test\masks\brisc2025_test_00991_pi_sa_t1.png
brisc2025_test_00992_pi_sa_t1.jpg,pituitary,2,pituitary,2,True,0.9986209869384766,Small,0.16021728515625,0.0946044921875,0.15568862275449102,0.08441558441558442,0.20967741935483872,0.12380952380952381,0.9992511194999312,0.9978485107421875,0.296211302280426,0.19675509631633759,0.13678984344005585,1.0,0.0034659184683941244,0.0034659184683941244,0.006907894736842105,0.0,0.0,0.0,0.0,0.0,0.0,0.0,0.0,0.0,0.0,0.0,0.0,C:\Users\vaidy\OneDrive\Desktop\Programming\COMPUTER VISION\TumorDetetction\brisc2025\classification_task\test\pituitary\brisc2025_test_00992_pi_sa_t1.jpg,C:\Users\vaidy\OneDrive\Desktop\Programming\COMPUTER VISION\TumorDetetction\brisc2025\segmentation_task\test\masks\brisc2025_test_00992_pi_sa_t1.png
brisc2025_test_00993_pi_sa_t1.jpg,pituitary,2,pituitary,2,True,0.9994988441467285,Medium,1.3763427734375,1.25274658203125,0.9158444573418456,0.8447537473233405,0.9610231425091352,0.8747228381374723,0.9995049045394065,0.9977874755859375,0.4482778012752533,2.7314774990081787,2.5060853958129883,1.0,0.020023530978755522,0.020023530978755522,0.039260919715336566,1.0,0.02978273789869907,0.02978273789869907,0.057842760035911246,1.0,0.0627129249808802,0.0627129249808802,0.11802420673863265,1.0,0.02710823482797332,0.02710823482797332,0.05278554666152313,C:\Users\vaidy\OneDrive\Desktop\Programming\COMPUTER VISION\TumorDetetction\brisc2025\classification_task\test\pituitary\brisc2025_test_00993_pi_sa_t1.jpg,C:\Users\vaidy\OneDrive\Desktop\Programming\COMPUTER VISION\TumorDetetction\brisc2025\segmentation_task\test\masks\brisc2025_test_00993_pi_sa_t1.png
brisc2025_test_00994_pi_sa_t1.jpg,pituitary,2,pituitary,2,True,0.9884454011917114,Small,0.4791259765625,0.5889892578125,0.8314285714285714,0.7114914425427873,0.7538860103626943,0.9267515923566879,0.9985434362638373,0.998199462890625,0.29276570677757263,0.9019445776939392,1.10507071018219,1.0,0.010919840027821249,0.010919840027821249,0.021603770339536962,0.7261146496815286,0.016522936444669904,0.016420597767374864,0.032310635584213133,0.0,0.0,0.0,0.0,0.727979274611399,0.020363794477860714,0.020210011507479864,0.03961931617906239,C:\Users\vaidy\OneDrive\Desktop\Programming\COMPUTER VISION\TumorDetetction\brisc2025\classification_task\test\pituitary\brisc2025_test_00994_pi_sa_t1.jpg,C:\Users\vaidy\OneDrive\Desktop\Programming\COMPUTER VISION\TumorDetetction\brisc2025\segmentation_task\test\masks\brisc2025_test_00994_pi_sa_t1.png
brisc2025_test_00995_pi_sa_t1.jpg,pituitary,2,pituitary,2,True,0.995943009853363,Medium,1.007080078125,1.025390625,0.8918918918918919,0.8048780487804879,0.8839285714285714,0.9,0.9987977063937358,0.997802734375,0.29669189453125,1.9368263483047485,1.9777393341064453,1.0,0.0228817085009014,0.0228817085009014,0.04473969631236443,0.8348484848484848,0.03611930514585382,0.035863056495704246,0.06924285265472824,0.0,0.0,0.0,0.0,0.8377976190476191,0.03690593248115372,0.036644103098151526,0.07069755760658002,C:\Users\vaidy\OneDrive\Desktop\Programming\COMPUTER VISION\TumorDetetction\brisc2025\classification_task\test\pituitary\brisc2025_test_00995_pi_sa_t1.jpg,C:\Users\vaidy\OneDrive\Desktop\Programming\COMPUTER VISION\TumorDetetction\brisc2025\segmentation_task\test\masks\brisc2025_test_00995_pi_sa_t1.png
brisc2025_test_00996_pi_sa_t1.jpg,pituitary,2,pituitary,2,True,0.9464566707611084,Medium,1.239013671875,1.32598876953125,0.8364069006543724,0.7188139059304703,0.80897583429229,0.8657635467980296,0.9974352635807429,0.9958038330078125,0.2618192732334137,1.2735545635223389,1.3759082555770874,0.5504926108374384,0.01737879553672097,0.017135628306371234,0.03369389062676667,0.0,0.0,0.0,0.0,0.0,0.0,0.0,0.0,0.0,0.0,0.0,0.0,C:\Users\vaidy\OneDrive\Desktop\Programming\COMPUTER VISION\TumorDetetction\brisc2025\classification_task\test\pituitary\brisc2025_test_00996_pi_sa_t1.jpg,C:\Users\vaidy\OneDrive\Desktop\Programming\COMPUTER VISION\TumorDetetction\brisc2025\segmentation_task\test\masks\brisc2025_test_00996_pi_sa_t1.png
brisc2025_test_00997_pi_sa_t1.jpg,pituitary,2,pituitary,2,True,0.99964439868927,Large,2.569580078125,2.68096923828125,0.9165940133682069,0.846030042918455,0.8975526465566306,0.9364608076009501,0.9971809810186055,0.9956207275390625,0.2930775284767151,6.662790298461914,6.690869331359863,1.0,0.05524390643965489,0.05524390643965489,0.10470357820126217,0.9643705463182898,0.10798590331803977,0.10755679184051924,0.19422352448723315,0.5599762470308789,0.18669570382102554,0.16281077348066297,0.28002969561989605,0.9345475241889585,0.10918279140900326,0.10835422990629537,0.19552274351035961,C:\Users\vaidy\OneDrive\Desktop\Programming\COMPUTER VISION\TumorDetetction\brisc2025\classification_task\test\pituitary\brisc2025_test_00997_pi_sa_t1.jpg,C:\Users\vaidy\OneDrive\Desktop\Programming\COMPUTER VISION\TumorDetetction\brisc2025\segmentation_task\test\masks\brisc2025_test_00997_pi_sa_t1.png
brisc2025_test_00998_pi_sa_t1.jpg,pituitary,2,pituitary,2,True,0.9998127818107605,Medium,1.67083740234375,1.86004638671875,0.878133102852204,0.7827426810477658,0.8334700574241182,0.9278538812785389,0.9968498316289319,0.995697021484375,0.24393858015537262,2.363389015197754,2.676362991333008,0.8584474885844748,0.03841909510769608,0.038177239866785805,0.07354667083952743,0.021917808219178082,0.002207099503402612,0.00200920887400586,0.004010360096917035,0.0,0.0,0.0,0.0,0.03281378178835111,0.0036784991723376862,0.0033186758483365135,0.006615397337302572,C:\Users\vaidy\OneDrive\Desktop\Programming\COMPUTER VISION\TumorDetetction\brisc2025\classification_task\test\pituitary\brisc2025_test_00998_pi_sa_t1.jpg,C:\Users\vaidy\OneDrive\Desktop\Programming\COMPUTER VISION\TumorDetetction\brisc2025\segmentation_task\test\masks\brisc2025_test_00998_pi_sa_t1.png
brisc2025_test_00999_pi_sa_t1.jpg,pituitary,2,pituitary,2,True,0.9998244643211365,Medium,1.64947509765625,1.61285400390625,0.9326473339569691,0.873794916739702,0.9432355723746452,0.9222941720629048,0.9990691179892949,0.997802734375,0.4040217697620392,3.574855327606201,3.4911611080169678,1.0,0.023895839780715328,0.023895839780715328,0.046676309937606596,1.0,0.05354931391489572,0.05354931391489572,0.10165506864773369,1.0,0.1419939577039275,0.1419939577039275,0.24867724867724866,1.0,0.0523604299796899,0.0523604299796899,0.09951045000941443,C:\Users\vaidy\OneDrive\Desktop\Programming\COMPUTER VISION\TumorDetetction\brisc2025\classification_task\test\pituitary\brisc2025_test_00999_pi_sa_t1.jpg,C:\Users\vaidy\OneDrive\Desktop\Programming\COMPUTER VISION\TumorDetetction\brisc2025\segmentation_task\test\masks\brisc2025_test_00999_pi_sa_t1.png
brisc2025_test_01000_pi_sa_t1.jpg,pituitary,2,pituitary,2,True,0.9998643398284912,Medium,1.55181884765625,1.5045166015625,0.9355966050923614,0.8789868667917449,0.9503042596348884,0.9213372664700098,0.9992405337962461,0.9980316162109375,0.38958197832107544,3.62929105758667,3.531212091445923,1.0,0.022142390594382756,0.022142390594382756,0.04332545210556585,1.0,0.05268611096720717,0.05268611096720717,0.10009842519685039,1.0,0.15682343870470317,0.15682343870470317,0.2711276992801919,1.0,0.05108014298295602,0.05108014298295602,0.0971955246685396,C:\Users\vaidy\OneDrive\Desktop\Programming\COMPUTER VISION\TumorDetetction\brisc2025\classification_task\test\pituitary\brisc2025_test_01000_pi_sa_t1.jpg,C:\Users\vaidy\OneDrive\Desktop\Programming\COMPUTER VISION\TumorDetetction\brisc2025\segmentation_task\test\masks\brisc2025_test_01000_pi_sa_t1.png
